/* Generated by tools/make_ui_font.py - do not edit. */
#pragma once

#include "ui.h"

/* segoeui.ttf 13 px: 2678 bytes of 4-bit coverage */
static const uint8_t ui_font_s_bits[] = {
    0xB5,0xA5,0xA5,0xA5,0x94,0x94,0x00,0xA5,0xA5,0xE0,0xD1,0xE0,0xD1,0xE0,0xD1,0x00,0x1B,0x0A,0x20,0x00,0x57,0x0C,0x00,0x4F,
    0xFF,0xFF,0xF5,0x00,0xA2,0x47,0x00,0x00,0xC0,0x74,0x00,0xBF,0xFF,0xFF,0xD0,0x04,0x80,0xC0,0x00,0x08,0x42,0xA0,0x00,0x00,
    0xA0,0x00,0x2B,0xFE,0x60,0xB8,0xA3,0x70,0xE3,0xA0,0x00,0xAB,0xB0,0x00,0x08,0xE8,0x10,0x00,0xAA,0xC0,0x00,0xA0,0xE2,0x92,
    0xA5,0xE1,0x8E,0xFC,0x30,0x00,0xA0,0x00,0x09,0xEC,0x20,0x09,0x50,0x00,0x4B,0x17,0x90,0x4A,0x00,0x00,0x76,0x02,0xA0,0xC1,
    0x00,0x00,0x5A,0x17,0x88,0x60,0x00,0x00,0x0A,0xEB,0x4B,0x4D,0xE6,0x00,0x00,0x00,0xB2,0xD3,0x2D,0x00,0x00,0x07,0x71,0xC0,
    0x0B,0x20,0x00,0x2B,0x00,0xD3,0x2D,0x00,0x00,0xB2,0x00,0x5E,0xD5,0x00,0x00,0x6D,0xE9,0x00,0x00,0x00,0x01,0xE3,0x1C,0x50,
    0x00,0x00,0x01,0xE0,0x0B,0x30,0xC3,0x00,0x00,0x8C,0xC5,0x00,0xC2,0x00,0x04,0xC7,0xBB,0x11,0xD0,0x00,0x1E,0x20,0x08,0xC7,
    0x80,0x00,0x3D,0x00,0x00,0xBE,0x10,0x00,0x1E,0x61,0x15,0xDE,0x51,0x00,0x03,0xCE,0xEA,0x33,0xDE,0x20,0xE0,0xE0,0xE0,0x00,
    0x87,0x02,0xC0,0x09,0x50,0x0D,0x10,0x0D,0x00,0x1C,0x00,0x1D,0x00,0x0D,0x10,0x09,0x50,0x02,0xC0,0x00,0x86,0x87,0x00,0x0C,
    0x20,0x06,0x80,0x02,0xC0,0x00,0xE0,0x00,0xD1,0x00,0xE0,0x02,0xC0,0x06,0x80,0x0C,0x20,0x77,0x00,0x00,0xA2,0x00,0x5A,0xB7,
    0xB0,0x04,0xB9,0x10,0x09,0x18,0x20,0x00,0x0D,0x00,0x00,0x00,0x0D,0x00,0x00,0x00,0x0D,0x00,0x00,0x8F,0xFF,0xFF,0x70,0x00,
    0x0D,0x00,0x00,0x00,0x0D,0x00,0x00,0x00,0x0D,0x00,0x00,0x2C,0x67,0x92,0x1F,0xFF,0x60,0x2D,0x00,0x2D,0x00,0x00,0x00,0x1D,
    0x00,0x00,0x00,0x68,0x00,0x00,0x00,0xC2,0x00,0x00,0x03,0xC0,0x00,0x00,0x09,0x60,0x00,0x00,0x1D,0x10,0x00,0x00,0x69,0x00,
    0x00,0x00,0xC3,0x00,0x00,0x03,0xC0,0x00,0x00,0x09,0x60,0x00,0x00,0x1D,0x10,0x00,0x00,0x02,0xBF,0xD3,0x00,0x0C,0x71,0x7E,
    0x00,0x3D,0x00,0x0D,0x40,0x6A,0x00,0x0A,0x60,0x79,0x00,0x09,0x70,0x6A,0x00,0x0A,0x50,0x3D,0x00,0x0D,0x30,0x0D,0x71,0x7C,
    0x00,0x02,0xCF,0xB2,0x00,0x15,0xA9,0x79,0x89,0x00,0x79,0x00,0x79,0x00,0x79,0x00,0x79,0x00,0x79,0x00,0x79,0x00,0x79,0x06,
    0xDE,0xB2,0x00,0x09,0x21,0x8B,0x00,0x00,0x00,0x2E,0x00,0x00,0x00,0x5B,0x00,0x00,0x03,0xD2,0x00,0x00,0x6C,0x20,0x00,0x08,
    0x90,0x00,0x00,0x2D,0x00,0x00,0x00,0x4F,0xFF,0xFF,0x50,0x07,0xDE,0xA1,0x00,0x08,0x21,0xB8,0x00,0x00,0x00,0x6A,0x00,0x00,
    0x02,0xC4,0x00,0x05,0xFF,0x90,0x00,0x00,0x02,0x9B,0x00,0x00,0x00,0x1F,0x00,0x37,0x11,0x8B,0x00,0x1B,0xEE,0xA1,0x00,0x00,
    0x01,0xE6,0x00,0x00,0x08,0xE6,0x00,0x00,0x3C,0xA6,0x00,0x01,0xC3,0x96,0x00,0x09,0x70,0x96,0x00,0x7A,0x00,0x96,0x00,0xEF,
    0xFF,0xFF,0x80,0x00,0x00,0x96,0x00,0x00,0x00,0x96,0x00,0x8F,0xFF,0xB0,0x96,0x00,0x00,0xA4,0x00,0x00,0xBF,0xEA,0x20,0x00,
    0x29,0xC0,0x00,0x00,0xF1,0x00,0x01,0xF1,0x92,0x1A,0xB0,0xAE,0xE9,0x10,0x00,0x6D,0xFC,0x00,0x05,0xC3,0x00,0x00,0x0D,0x30,
    0x00,0x00,0x2D,0x9E,0xD6,0x00,0x4F,0x71,0x4E,0x30,0x4E,0x00,0x0A,0x60,0x2E,0x00,0x0A,0x60,0x0B,0x81,0x4E,0x10,0x01,0xBF,
    0xC4,0x00,0x6F,0xFF,0xFF,0x60,0x00,0x00,0x2D,0x10,0x00,0x00,0xA6,0x00,0x00,0x02,0xD0,0x00,0x00,0x09,0x70,0x00,0x00,0x1E,
    0x10,0x00,0x00,0x5B,0x00,0x00,0x00,0xA6,0x00,0x00,0x00,0xD3,0x00,0x00,0x02,0xBE,0xC3,0x00,0x0C,0x71,0x7D,0x00,0x0F,0x10,
    0x0F,0x10,0x0A,0x71,0x6B,0x00,0x03,0xEF,0xF3,0x00,0x2E,0x41,0x4D,0x20,0x6B,0x00,0x0B,0x60,0x3E,0x41,0x4E,0x30,0x05,0xDE,
    0xD5,0x00,0x03,0xCE,0xC2,0x00,0x1D,0x51,0x7C,0x00,0x5B,0x00,0x0D,0x30,0x5B,0x00,0x0C,0x50,0x2E,0x51,0x6F,0x50,0x04,0xDF,
    0xAC,0x40,0x00,0x00,0x1E,0x10,0x00,0x02,0xB7,0x00,0x0B,0xED,0x70,0x00,0x2D,0x00,0x2D,0x00,0x00,0x00,0x00,0x00,0x00,0x00,
    0x2D,0x00,0x2D,0x00,0x2D,0x00,0x2D,0x00,0x00,0x00,0x00,0x00,0x00,0x00,0x00,0x00,0x2C,0x00,0x67,0x00,0x92,0x00,0x00,0x00,
    0x29,0x30,0x00,0x18,0xC4,0x00,0x07,0xC6,0x00,0x00,0x2B,0xA3,0x00,0x00,0x00,0x3A,0xB4,0x00,0x00,0x00,0x3A,0x30,0x8F,0xFF,
    0xFF,0x70,0x00,0x00,0x00,0x00,0x00,0x00,0x00,0x00,0x8F,0xFF,0xFF,0x70,0x49,0x10,0x00,0x00,0x05,0xC7,0x10,0x00,0x00,0x06,
    0xC6,0x00,0x00,0x03,0xBA,0x10,0x04,0xBA,0x30,0x00,0x49,0x20,0x00,0x00,0x1A,0xEE,0x70,0x27,0x13,0xE2,0x00,0x01,0xD1,0x00,
    0x1B,0x40,0x00,0xB4,0x00,0x00,0xE0,0x00,0x00,0x00,0x00,0x00,0xC3,0x00,0x00,0xC3,0x00,0x00,0x3A,0xEF,0xD9,0x20,0x00,0x06,
    0xD5,0x11,0x38,0xD3,0x00,0x3D,0x13,0xCE,0xB6,0x4C,0x00,0xA5,0x0D,0x41,0xC4,0x0B,0x30,0xD0,0x4A,0x00,0x93,0x08,0x50,0xD0,
    0x58,0x00,0xC2,0x0A,0x30,0xB3,0x3C,0x15,0xD4,0x4C,0x00,0x5B,0x09,0xEA,0x4E,0xC3,0x00,0x09,0xC4,0x10,0x00,0x00,0x00,0x00,
    0x5B,0xEF,0xEB,0x00,0x00,0x00,0x09,0xE0,0x00,0x00,0x00,0x0E,0xB5,0x00,0x00,0x00,0x5B,0x6B,0x00,0x00,0x00,0xB6,0x1F,0x20,
    0x00,0x02,0xF1,0x0B,0x70,0x00,0x08,0xB0,0x06,0xD0,0x00,0x0D,0xFF,0xFF,0xF4,0x00,0x4E,0x10,0x00,0xAA,0x00,0xA8,0x00,0x00,
    0x3F,0x10,0xCF,0xFD,0x70,0xC4,0x03,0xE3,0xC4,0x00,0xC4,0xC4,0x05,0xC0,0xCF,0xFF,0x70,0xC4,0x02,0xB8,0xC4,0x00,0x5B,0xC4,
    0x02,0xB8,0xCF,0xFE,0x80,0x00,0x3A,0xEE,0xA1,0x04,0xE7,0x21,0x65,0x0D,0x50,0x00,0x00,0x4E,0x00,0x00,0x00,0x6B,0x00,0x00,
    0x00,0x5D,0x00,0x00,0x00,0x1F,0x40,0x00,0x00,0x07,0xE6,0x11,0x65,0x00,0x5C,0xFD,0x91,0xCF,0xFE,0xC6,0x00,0xC4,0x02,0x5D,
    0xA0,0xC4,0x00,0x02,0xE3,0xC4,0x00,0x00,0xB7,0xC4,0x00,0x00,0xA7,0xC4,0x00,0x00,0xC6,0xC4,0x00,0x03,0xE1,0xC4,0x02,0x6E,
    0x60,0xCF,0xFE,0xA3,0x00,0xCF,0xFF,0xC0,0xC4,0x00,0x00,0xC4,0x00,0x00,0xC4,0x00,0x00,0xCF,0xFF,0x80,0xC4,0x00,0x00,0xC4,
    0x00,0x00,0xC4,0x00,0x00,0xCF,0xFF,0xF0,0xCF,0xFF,0xC0,0xC4,0x00,0x00,0xC4,0x00,0x00,0xC4,0x00,0x00,0xCF,0xFF,0x80,0xC4,
    0x00,0x00,0xC4,0x00,0x00,0xC4,0x00,0x00,0xC4,0x00,0x00,0x00,0x3A,0xEF,0xD7,0x04,0xE7,0x21,0x49,0x0D,0x50,0x00,0x00,0x4D,
    0x00,0x00,0x00,0x6B,0x00,0x1F,0xFF,0x5D,0x00,0x00,0x1F,0x1E,0x40,0x00,0x1F,0x07,0xE6,0x11,0x4F,0x00,0x5C,0xEE,0xC6,0xC4,
    0x00,0x00,0xF0,0xC4,0x00,0x00,0xF0,0xC4,0x00,0x00,0xF0,0xC4,0x00,0x00,0xF0,0xCF,0xFF,0xFF,0xF0,0xC4,0x00,0x00,0xF0,0xC4,
    0x00,0x00,0xF0,0xC4,0x00,0x00,0xF0,0xC4,0x00,0x00,0xF0,0xC4,0xC4,0xC4,0xC4,0xC4,0xC4,0xC4,0xC4,0xC4,0x00,0x88,0x00,0x88,
    0x00,0x88,0x00,0x88,0x00,0x88,0x00,0x88,0x00,0xA6,0x02,0xE2,0xCD,0x60,0xC4,0x00,0x8B,0x00,0xC4,0x06,0xC1,0x00,0xC4,0x4D,
    0x20,0x00,0xC6,0xD2,0x00,0x00,0xCD,0x90,0x00,0x00,0xC5,0xD6,0x00,0x00,0xC4,0x2E,0x50,0x00,0xC4,0x04,0xE3,0x00,0xC4,0x00,
    0x6E,0x20,0xC4,0x00,0x00,0xC4,0x00,0x00,0xC4,0x00,0x00,0xC4,0x00,0x00,0xC4,0x00,0x00,0xC4,0x00,0x00,0xC4,0x00,0x00,0xC4,
    0x00,0x00,0xCF,0xFF,0xE0,0xCC,0x00,0x00,0x02,0xF7,0xCE,0x40,0x00,0x08,0xE7,0xC9,0xB0,0x00,0x1D,0xA7,0xC4,0xD3,0x00,0x79,
    0x97,0xC3,0x79,0x00,0xD2,0x97,0xC3,0x1E,0x15,0xA0,0x97,0xC3,0x08,0x7C,0x30,0x97,0xC3,0x02,0xEC,0x00,0x97,0xC3,0x00,0xA5,
    0x00,0x97,0xCD,0x10,0x00,0x88,0xCD,0x80,0x00,0x88,0xC5,0xE3,0x00,0x88,0xC4,0x6C,0x00,0x88,0xC4,0x0B,0x70,0x88,0xC4,0x02,
    0xE2,0x88,0xC4,0x00,0x6C,0x88,0xC4,0x00,0x0B,0xD8,0xC4,0x00,0x02,0xE8,0x00,0x5C,0xEE,0xB4,0x00,0x06,0xE6,0x11,0x6E,0x40,
    0x1E,0x40,0x00,0x06,0xD0,0x4D,0x00,0x00,0x01,0xF2,0x6B,0x00,0x00,0x00,0xE3,0x5D,0x00,0x00,0x01,0xF1,0x1F,0x40,0x00,0x06,
    0xC0,0x07,0xE5,0x12,0x7E,0x40,0x00,0x5C,0xFE,0xB3,0x00,0xCF,0xFD,0x80,0xC4,0x03,0xD6,0xC4,0x00,0x6B,0xC4,0x00,0x7A,0xC4,
    0x04,0xD4,0xCF,0xFC,0x50,0xC4,0x00,0x00,0xC4,0x00,0x00,0xC4,0x00,0x00,0x00,0x5C,0xEE,0xB4,0x00,0x06,0xE6,0x11,0x6E,0x40,
    0x1E,0x40,0x00,0x06,0xD0,0x4D,0x00,0x00,0x01,0xF2,0x6B,0x00,0x00,0x00,0xE3,0x5D,0x00,0x00,0x01,0xF1,0x1F,0x40,0x00,0x06,
    0xC0,0x07,0xE5,0x12,0x7E,0x30,0x00,0x5C,0xFE,0xEC,0x10,0x00,0x00,0x00,0x19,0xE5,0xCF,0xFE,0x90,0x00,0xC4,0x02,0xC7,0x00,
    0xC4,0x00,0x79,0x00,0xC4,0x03,0xD5,0x00,0xCF,0xFE,0x40,0x00,0xC4,0x1B,0x80,0x00,0xC4,0x01,0xE3,0x00,0xC4,0x00,0x6C,0x00,
    0xC4,0x00,0x0C,0x60,0x03,0xBE,0xE7,0x00,0x1E,0x51,0x29,0x00,0x2E,0x00,0x00,0x00,0x0C,0xB2,0x00,0x00,0x01,0x8E,0x91,0x00,
    0x00,0x01,0xAC,0x00,0x00,0x00,0x0E,0x30,0x37,0x20,0x4E,0x20,0x1A,0xEE,0xC4,0x00,0xBF,0xFF,0xFF,0x90,0x00,0x2E,0x00,0x00,
    0x00,0x2E,0x00,0x00,0x00,0x2E,0x00,0x00,0x00,0x2E,0x00,0x00,0x00,0x2E,0x00,0x00,0x00,0x2E,0x00,0x00,0x00,0x2E,0x00,0x00,
    0x00,0x2E,0x00,0x00,0xE2,0x00,0x03,0xD0,0xE2,0x00,0x03,0xD0,0xE2,0x00,0x03,0xD0,0xE2,0x00,0x03,0xD0,0xE2,0x00,0x03,0xD0,
    0xE3,0x00,0x04,0xC0,0xC5,0x00,0x06,0xA0,0x6D,0x31,0x3D,0x50,0x07,0xDE,0xC6,0x00,0xB7,0x00,0x00,0x6B,0x5C,0x00,0x00,0xB6,
    0x0E,0x30,0x02,0xE1,0x09,0x80,0x07,0xA0,0x04,0xD0,0x0C,0x40,0x00,0xD3,0x3D,0x00,0x00,0x89,0x88,0x00,0x00,0x2D,0xD2,0x00,
    0x00,0x0C,0xB0,0x00,0xA7,0x00,0x07,0xC0,0x00,0x5D,0x6B,0x00,0x0C,0xE2,0x00,0x98,0x1F,0x10,0x1E,0xA6,0x00,0xD4,0x0C,0x50,
    0x5A,0x6A,0x02,0xE0,0x08,0x90,0xA5,0x2E,0x06,0xA0,0x03,0xD0,0xE1,0x0D,0x3A,0x60,0x00,0xE6,0xC0,0x08,0x7E,0x20,0x00,0x9D,
    0x70,0x04,0xDD,0x00,0x00,0x5F,0x30,0x00,0xE8,0x00,0x4E,0x10,0x02,0xE2,0x0A,0x90,0x0B,0x70,0x01,0xE3,0x5C,0x00,0x00,0x6B,
    0xD3,0x00,0x00,0x0E,0xB0,0x00,0x00,0x7A,0xD4,0x00,0x03,0xE2,0x5D,0x00,0x0C,0x60,0x0B,0x80,0x7C,0x00,0x02,0xE3,0xA8,0x00,
    0x04,0xD0,0x2E,0x10,0x0B,0x50,0x0A,0x70,0x3D,0x00,0x03,0xE1,0xB5,0x00,0x00,0xA9,0xD0,0x00,0x00,0x3F,0x50,0x00,0x00,0x0E,
    0x20,0x00,0x00,0x0E,0x20,0x00,0x00,0x0E,0x20,0x00,0x5F,0xFF,0xFF,0xE1,0x00,0x00,0x0C,0x40,0x00,0x00,0x89,0x00,0x00,0x03,
    0xD1,0x00,0x00,0x1D,0x30,0x00,0x00,0x98,0x00,0x00,0x04,0xC0,0x00,0x00,0x1D,0x30,0x00,0x00,0xAF,0xFF,0xFF,0xF0,0xBF,0x90,
    0xB3,0x00,0xB3,0x00,0xB3,0x00,0xB3,0x00,0xB3,0x00,0xB3,0x00,0xB3,0x00,0xB3,0x00,0xB3,0x00,0xBF,0x90,0x1D,0x10,0x00,0x00,
    0x09,0x60,0x00,0x00,0x03,0xC0,0x00,0x00,0x00,0xC2,0x00,0x00,0x00,0x68,0x00,0x00,0x00,0x1D,0x00,0x00,0x00,0x0A,0x50,0x00,
    0x00,0x04,0xB0,0x00,0x00,0x00,0xD2,0x00,0x00,0x00,0x77,0x00,0x00,0x00,0x2D,0x00,0xAF,0xA0,0x04,0xA0,0x04,0xA0,0x04,0xA0,
    0x04,0xA0,0x04,0xA0,0x04,0xA0,0x04,0xA0,0x04,0xA0,0x04,0xA0,0xAF,0xA0,0x00,0x2C,0x00,0x00,0x00,0xAB,0x60,0x00,0x03,0xB1,
    0xC1,0x00,0x0B,0x30,0x69,0x00,0x4A,0x00,0x0C,0x30,0xFF,0xFF,0xF6,0x2C,0x10,0x04,0x90,0x06,0xDE,0xB1,0x08,0x31,0xB8,0x00,
    0x00,0x6A,0x05,0xAD,0xFB,0x4D,0x42,0x6B,0x5C,0x22,0xBB,0x1B,0xEC,0x7B,0xE1,0x00,0x00,0x00,0xE1,0x00,0x00,0x00,0xE1,0x00,
    0x00,0x00,0xE4,0xCE,0xA1,0x00,0xEB,0x21,0xA9,0x00,0xE3,0x00,0x2E,0x00,0xE1,0x00,0x1F,0x00,0xE3,0x00,0x4D,0x00,0xEA,0x12,
    0xC7,0x00,0xE6,0xEE,0x80,0x00,0x01,0xAE,0xE5,0x0B,0x91,0x36,0x3D,0x00,0x00,0x5B,0x00,0x00,0x4D,0x00,0x00,0x0D,0x81,0x36,
    0x02,0xBE,0xD4,0x00,0x00,0x07,0x90,0x00,0x00,0x07,0x90,0x00,0x00,0x07,0x90,0x02,0xBE,0xC8,0x90,0x0C,0x71,0x3E,0x90,0x3D,
    0x00,0x08,0x90,0x5B,0x00,0x07,0x90,0x4C,0x00,0x09,0x90,0x1E,0x61,0x4D,0x90,0x04,0xCE,0xA7,0x90,0x02,0xBE,0xC3,0x00,0x0C,
    0x71,0x5D,0x00,0x3D,0x00,0x0D,0x30,0x5F,0xFF,0xFF,0x40,0x4C,0x00,0x00,0x00,0x0D,0x61,0x00,0x00,0x03,0xCE,0xE9,0x00,0x01,
    0xBE,0x40,0x07,0xA0,0x00,0x08,0x70,0x00,0xAF,0xFF,0x00,0x08,0x70,0x00,0x08,0x70,0x00,0x08,0x70,0x00,0x08,0x70,0x00,0x08,
    0x70,0x00,0x08,0x70,0x00,0x02,0xCF,0xC8,0x90,0x0C,0x81,0x3E,0x90,0x3D,0x00,0x08,0x90,0x5B,0x00,0x07,0x90,0x4C,0x00,0x09,
    0x90,0x1E,0x61,0x4D,0x90,0x04,0xCE,0xA8,0x90,0x00,0x00,0x0A,0x70,0x00,0x01,0x6E,0x10,0x0B,0xEE,0xC3,0x00,0xE1,0x00,0x00,
    0xE1,0x00,0x00,0xE1,0x00,0x00,0xE5,0xDE,0x90,0xEA,0x13,0xE4,0xE3,0x00,0xA6,0xE1,0x00,0x97,0xE1,0x00,0x97,0xE1,0x00,0x97,
    0xE1,0x00,0x97,0x0C,0x20,0x00,0x00,0x00,0x00,0x0E,0x10,0x0E,0x10,0x0E,0x10,0x0E,0x10,0x0E,0x10,0x0E,0x10,0x0E,0x10,0x00,
    0x0C,0x20,0x00,0x00,0x00,0x00,0x00,0x00,0x00,0x0E,0x10,0x00,0x0E,0x10,0x00,0x0E,0x10,0x00,0x0E,0x10,0x00,0x0E,0x10,0x00,
    0x0E,0x10,0x00,0x0E,0x10,0x00,0x1F,0x00,0x00,0x7B,0x00,0x3E,0xC2,0x00,0xE1,0x00,0x00,0xE1,0x00,0x00,0xE1,0x00,0x00,0xE1,
    0x09,0xB0,0xE1,0x6C,0x10,0xE6,0xD2,0x00,0xEE,0x70,0x00,0xE4,0xE4,0x00,0xE1,0x5E,0x30,0xE1,0x07,0xD2,0xE1,0xE1,0xE1,0xE1,
    0xE1,0xE1,0xE1,0xE1,0xE1,0xE1,0xE5,0xDE,0x54,0xDE,0x70,0xE9,0x15,0xEB,0x13,0xF1,0xE3,0x00,0xE4,0x00,0xC4,0xE1,0x00,0xD3,
    0x00,0xB4,0xE1,0x00,0xD3,0x00,0xB4,0xE1,0x00,0xD3,0x00,0xB4,0xE1,0x00,0xD3,0x00,0xB4,0xE5,0xDE,0x80,0xEA,0x13,0xE3,0xE3,
    0x00,0xA6,0xE1,0x00,0x97,0xE1,0x00,0x97,0xE1,0x00,0x97,0xE1,0x00,0x97,0x02,0xAE,0xD8,0x00,0x0C,0x81,0x2C,0x80,0x3D,0x00,
    0x03,0xD0,0x5B,0x00,0x01,0xF0,0x4D,0x00,0x03,0xD0,0x0D,0x81,0x2C,0x70,0x02,0xBE,0xD7,0x00,0xE4,0xCE,0xA1,0x00,0xEB,0x21,
    0xA9,0x00,0xE3,0x00,0x2E,0x00,0xE1,0x00,0x1F,0x00,0xE3,0x00,0x4D,0x00,0xEA,0x12,0xC7,0x00,0xE6,0xDE,0x80,0x00,0xE1,0x00,
    0x00,0x00,0xE1,0x00,0x00,0x00,0xE1,0x00,0x00,0x00,0x02,0xBE,0xC8,0x90,0x0D,0x71,0x3E,0x90,0x3D,0x00,0x08,0x90,0x5B,0x00,
    0x07,0x90,0x4C,0x00,0x09,0x90,0x1E,0x61,0x4D,0x90,0x04,0xCE,0xA7,0x90,0x00,0x00,0x07,0x90,0x00,0x00,0x07,0x90,0x00,0x00,
    0x07,0x90,0xE6,0xE6,0xEA,0x10,0xE3,0x00,0xE2,0x00,0xE1,0x00,0xE1,0x00,0xE1,0x00,0x07,0xEE,0x80,0x3D,0x10,0x00,0x3E,0x30,
    0x00,0x06,0xDB,0x20,0x00,0x07,0xC0,0x00,0x05,0xD0,0x4E,0xFC,0x40,0x07,0x60,0x00,0x09,0x70,0x00,0xBF,0xFF,0x10,0x09,0x70,
    0x00,0x09,0x70,0x00,0x09,0x70,0x00,0x09,0x70,0x00,0x08,0x90,0x00,0x03,0xDE,0x10,0x1E,0x00,0x0B,0x50,0x1E,0x00,0x0B,0x50,
    0x1E,0x00,0x0B,0x50,0x1E,0x00,0x0B,0x50,0x0F,0x00,0x0D,0x50,0x0D,0x71,0x6E,0x50,0x04,0xDE,0x8B,0x50,0xB6,0x00,0x2E,0x00,
    0x6B,0x00,0x79,0x00,0x1E,0x10,0xC4,0x00,0x0A,0x52,0xD0,0x00,0x05,0xA7,0x70,0x00,0x00,0xEB,0x20,0x00,0x00,0x9B,0x00,0x00,
    0xB6,0x00,0xC6,0x00,0xE2,0x69,0x01,0xEA,0x02,0xC0,0x2D,0x06,0x8D,0x06,0x80,0x0D,0x2A,0x3B,0x3A,0x40,0x09,0x6C,0x07,0x7D,
    0x00,0x05,0xC9,0x03,0xCB,0x00,0x01,0xF5,0x00,0xE7,0x00,0x7B,0x00,0x97,0x0C,0x43,0xD0,0x04,0xCB,0x40,0x00,0xCC,0x00,0x03,
    0xCC,0x30,0x0D,0x44,0xC0,0x8A,0x00,0xB7,0xB6,0x00,0x1E,0x10,0x5B,0x00,0x6A,0x00,0x1E,0x10,0xB5,0x00,0x0A,0x61,0xD0,0x00,
    0x04,0xA6,0x80,0x00,0x00,0xDB,0x30,0x00,0x00,0x8C,0x00,0x00,0x00,0x97,0x00,0x00,0x04,0xE1,0x00,0x00,0xAD,0x40,0x00,0x00,
    0x6F,0xFF,0xF7,0x00,0x04,0xC0,0x00,0x1D,0x20,0x00,0xA7,0x00,0x05,0xB0,0x00,0x1D,0x20,0x00,0xAF,0xFF,0xF8,0x01,0xB7,0x05,
    0xB0,0x06,0x80,0x06,0x80,0x0A,0x60,0x6D,0x10,0x0A,0x60,0x06,0x80,0x06,0x80,0x05,0xB0,0x01,0xB7,0xE0,0xE0,0xE0,0xE0,0xE0,
    0xE0,0xE0,0xE0,0xE0,0xE0,0xE0,0xE0,0xE0,0x8B,0x00,0x1B,0x40,0x08,0x50,0x08,0x50,0x06,0x90,0x01,0xD5,0x07,0x90,0x08,0x50,
    0x08,0x50,0x0B,0x40,0x8B,0x00,0x2D,0xE8,0x27,0x70,0x96,0x29,0xEC,0x10,
};
static const ui_glyph_t ui_font_s_glyphs[95] = {
    {0, 0, 0, 0, 0, 4}, /*   */
    {0, 2, 9, 1, 6, 4}, /* ! */
    {9, 4, 3, 1, 6, 5}, /* " */
    {15, 8, 8, 0, 6, 8}, /* # */
    {47, 6, 11, 1, 5, 7}, /* $ */
    {80, 11, 9, 0, 6, 11}, /* % */
    {134, 11, 9, 0, 6, 10}, /* & */
    {188, 1, 3, 1, 6, 3}, /* ' */
    {191, 4, 11, 0, 6, 4}, /* ( */
    {213, 4, 11, 0, 6, 4}, /* ) */
    {235, 5, 4, 0, 6, 5}, /* * */
    {247, 7, 7, 1, 7, 9}, /* + */
    {275, 2, 3, 0, 14, 3}, /* , */
    {278, 5, 1, 0, 10, 5}, /* - */
    {281, 3, 2, 0, 13, 3}, /* . */
    {285, 7, 11, -1, 6, 5}, /* / */
    {329, 7, 9, 0, 6, 7}, /* 0 */
    {365, 4, 9, 1, 6, 7}, /* 1 */
    {383, 7, 9, 0, 6, 7}, /* 2 */
    {419, 7, 9, 0, 6, 7}, /* 3 */
    {455, 7, 9, 0, 6, 7}, /* 4 */
    {491, 6, 9, 1, 6, 7}, /* 5 */
    {518, 7, 9, 0, 6, 7}, /* 6 */
    {554, 7, 9, 0, 6, 7}, /* 7 */
    {590, 7, 9, 0, 6, 7}, /* 8 */
    {626, 7, 9, 0, 6, 7}, /* 9 */
    {662, 3, 7, 0, 8, 3}, /* : */
    {676, 3, 9, 0, 8, 3}, /* ; */
    {694, 7, 6, 1, 8, 9}, /* < */
    {718, 7, 4, 1, 9, 9}, /* = */
    {734, 7, 6, 1, 8, 9}, /* > */
    {758, 6, 9, 0, 6, 6}, /* ? */
    {785, 11, 10, 1, 6, 12}, /* @ */
    {845, 9, 9, 0, 6, 8}, /* A */
    {890, 6, 9, 1, 6, 7}, /* B */
    {917, 8, 9, 0, 6, 8}, /* C */
    {953, 8, 9, 1, 6, 9}, /* D */
    {989, 6, 9, 1, 6, 7}, /* E */
    {1016, 5, 9, 1, 6, 6}, /* F */
    {1043, 8, 9, 0, 6, 9}, /* G */
    {1079, 8, 9, 1, 6, 9}, /* H */
    {1115, 2, 9, 1, 6, 3}, /* I */
    {1124, 4, 9, 0, 6, 5}, /* J */
    {1142, 7, 9, 1, 6, 8}, /* K */
    {1178, 5, 9, 1, 6, 6}, /* L */
    {1205, 10, 9, 1, 6, 12}, /* M */
    {1250, 8, 9, 1, 6, 10}, /* N */
    {1286, 10, 9, 0, 6, 10}, /* O */
    {1331, 6, 9, 1, 6, 7}, /* P */
    {1358, 10, 10, 0, 6, 10}, /* Q */
    {1408, 7, 9, 1, 6, 8}, /* R */
    {1444, 7, 9, 0, 6, 7}, /* S */
    {1480, 7, 9, 0, 6, 7}, /* T */
    {1516, 7, 9, 1, 6, 9}, /* U */
    {1552, 8, 9, 0, 6, 8}, /* V */
    {1588, 12, 9, 0, 6, 12}, /* W */
    {1642, 8, 9, 0, 6, 8}, /* X */
    {1678, 8, 9, 0, 6, 7}, /* Y */
    {1714, 8, 9, 0, 6, 7}, /* Z */
    {1750, 3, 11, 1, 6, 4}, /* [ */
    {1772, 7, 11, -1, 6, 5}, /* backslash */
    {1816, 3, 11, 0, 6, 4}, /* ] */
    {1838, 7, 5, 1, 6, 9}, /* ^ */
    {1858, 6, 1, 0, 16, 5}, /* _ */
    {1861, 3, 2, 0, 5, 3}, /* ` */
    {1865, 6, 7, 0, 8, 7}, /* a */
    {1886, 7, 10, 1, 5, 8}, /* b */
    {1926, 6, 7, 0, 8, 6}, /* c */
    {1947, 7, 10, 0, 5, 8}, /* d */
    {1987, 7, 7, 0, 8, 7}, /* e */
    {2015, 5, 10, 0, 5, 4}, /* f */
    {2045, 7, 10, 0, 8, 8}, /* g */
    {2085, 6, 10, 1, 5, 7}, /* h */
    {2115, 3, 10, 0, 5, 3}, /* i */
    {2135, 5, 13, -2, 5, 3}, /* j */
    {2174, 6, 10, 1, 5, 6}, /* k */
    {2204, 2, 10, 1, 5, 3}, /* l */
    {2214, 10, 7, 1, 8, 11}, /* m */
    {2249, 6, 7, 1, 8, 7}, /* n */
    {2270, 7, 7, 0, 8, 8}, /* o */
    {2298, 7, 10, 1, 8, 8}, /* p */
    {2338, 7, 10, 0, 8, 8}, /* q */
    {2378, 4, 7, 1, 8, 5}, /* r */
    {2392, 5, 7, 0, 8, 6}, /* s */
    {2413, 5, 9, 0, 6, 4}, /* t */
    {2440, 7, 7, 0, 8, 7}, /* u */
    {2468, 7, 7, 0, 8, 6}, /* v */
    {2496, 10, 7, 0, 8, 9}, /* w */
    {2531, 6, 7, 0, 8, 6}, /* x */
    {2552, 7, 10, 0, 8, 6}, /* y */
    {2592, 6, 7, 0, 8, 6}, /* z */
    {2613, 4, 11, 0, 6, 4}, /* { */
    {2635, 2, 13, 1, 5, 3}, /* | */
    {2648, 4, 11, 0, 6, 4}, /* } */
    {2670, 7, 2, 1, 10, 9}, /* ~ */
};
const ui_font_t ui_font_s = {19, 15, 6, ui_font_s_glyphs, ui_font_s_bits};

/* segoeui.ttf 20 px: 5970 bytes of 4-bit coverage */
static const uint8_t ui_font_m_bits[] = {
    0x0F,0xA0,0x0F,0x90,0x0F,0x90,0x0E,0x90,0x0E,0x90,0x0E,0x80,0x0E,0x80,0x0D,0x80,0x0D,0x80,0x0D,0x70,0x00,0x00,0x00,0x00,
    0x1D,0xA0,0x1D,0xA0,0x6F,0x03,0xF4,0x6F,0x03,0xF4,0x6F,0x03,0xF4,0x6F,0x03,0xF4,0x00,0x00,0x6D,0x00,0xA8,0x00,0x00,0x00,
    0x9A,0x00,0xD5,0x00,0x00,0x00,0xC7,0x01,0xF2,0x00,0x00,0x00,0xF4,0x05,0xE0,0x00,0x0E,0xFF,0xFF,0xFF,0xFF,0xF4,0x00,0x06,
    0xD0,0x0B,0x80,0x00,0x00,0x09,0x90,0x0E,0x50,0x00,0x00,0x0C,0x60,0x2F,0x20,0x00,0x9F,0xFF,0xFF,0xFF,0xFF,0x90,0x00,0x3F,
    0x00,0x8A,0x00,0x00,0x00,0x7C,0x00,0xC7,0x00,0x00,0x00,0xA9,0x00,0xE4,0x00,0x00,0x00,0xD6,0x03,0xF1,0x00,0x00,0x00,0x00,
    0xF0,0x00,0x00,0x00,0x00,0xF0,0x00,0x00,0x00,0x6C,0xFF,0xD6,0x00,0x09,0xFA,0xF7,0x99,0x00,0x3F,0x80,0xF0,0x00,0x00,0x6F,
    0x40,0xF0,0x00,0x00,0x5F,0x70,0xF0,0x00,0x00,0x0D,0xF6,0xF0,0x00,0x00,0x02,0xCF,0xF4,0x00,0x00,0x00,0x06,0xFF,0xA1,0x00,
    0x00,0x00,0xF8,0xFC,0x00,0x00,0x00,0xF0,0x7F,0x60,0x00,0x00,0xF0,0x2F,0x70,0x54,0x00,0xF0,0x6F,0x50,0x6F,0xB7,0xF9,0xFB,
    0x00,0x17,0xCE,0xFC,0x70,0x00,0x00,0x00,0xF0,0x00,0x00,0x00,0x00,0xF0,0x00,0x00,0x01,0x9D,0xEA,0x20,0x00,0x06,0xE1,0x00,
    0x09,0xC3,0x2B,0xC0,0x00,0x2E,0x50,0x00,0x1F,0x40,0x02,0xF2,0x00,0xAB,0x00,0x00,0x3F,0x20,0x00,0xF4,0x05,0xE2,0x00,0x00,
    0x1F,0x40,0x03,0xF2,0x1E,0x70,0x00,0x00,0x0B,0xC3,0x3B,0xA0,0x9C,0x00,0x00,0x00,0x01,0xAE,0xE9,0x14,0xF3,0x00,0x00,0x00,
    0x00,0x00,0x00,0x1D,0x80,0x5C,0xEC,0x40,0x00,0x00,0x00,0x8D,0x04,0xF6,0x28,0xF2,0x00,0x00,0x03,0xF3,0x0B,0x90,0x00,0xC7,
    0x00,0x00,0x0C,0x90,0x0D,0x70,0x00,0xA9,0x00,0x00,0x7D,0x10,0x0B,0x90,0x00,0xD7,0x00,0x02,0xE4,0x00,0x05,0xE5,0x28,0xE1,
    0x00,0x0B,0xA0,0x00,0x00,0x7D,0xEB,0x30,0x00,0x18,0xDE,0xD6,0x00,0x00,0x00,0x00,0x00,0xAE,0x75,0x9F,0x60,0x00,0x00,0x00,
    0x02,0xF7,0x00,0x0C,0xC0,0x00,0x00,0x00,0x02,0xF6,0x00,0x0B,0xB0,0x06,0xF2,0x00,0x00,0xDC,0x10,0x7F,0x50,0x05,0xF2,0x00,
    0x00,0x3E,0xDD,0xD4,0x00,0x06,0xF1,0x00,0x01,0x8F,0xDF,0xC4,0x00,0x09,0xD0,0x00,0x1C,0xE4,0x02,0xBF,0x70,0x0D,0x90,0x00,
    0x7F,0x30,0x00,0x09,0xF5,0x5F,0x20,0x00,0xBD,0x00,0x00,0x00,0xBE,0xDA,0x00,0x00,0xCD,0x00,0x00,0x00,0x1F,0xF2,0x00,0x00,
    0x9F,0x50,0x00,0x01,0xAF,0xF8,0x00,0x00,0x2D,0xFA,0x77,0x9E,0xE4,0x9F,0xB8,0x60,0x01,0x8C,0xEE,0xC7,0x10,0x07,0xEE,0x70,
    0x6F,0x00,0x6F,0x00,0x6F,0x00,0x6F,0x00,0x00,0x1D,0x70,0x00,0xAC,0x00,0x03,0xF3,0x00,0x0A,0xB0,0x00,0x1F,0x60,0x00,0x4F,
    0x20,0x00,0x7E,0x00,0x00,0x8D,0x00,0x00,0x9C,0x00,0x00,0x8D,0x00,0x00,0x7E,0x00,0x00,0x5F,0x20,0x00,0x1F,0x60,0x00,0x0B,
    0xB0,0x00,0x04,0xF3,0x00,0x00,0xBB,0x00,0x00,0x1D,0x70,0x7E,0x10,0x00,0x0B,0xB0,0x00,0x03,0xF4,0x00,0x00,0xBB,0x00,0x00,
    0x5F,0x10,0x00,0x1F,0x50,0x00,0x0D,0x80,0x00,0x0C,0x90,0x00,0x0B,0xA0,0x00,0x0C,0x90,0x00,0x0D,0x80,0x00,0x1F,0x60,0x00,
    0x5F,0x20,0x00,0xAC,0x00,0x02,0xF5,0x00,0x0B,0xB0,0x00,0x6E,0x20,0x00,0x00,0x07,0xC0,0x00,0x00,0x06,0xB0,0x00,0x1C,0x76,
    0xB5,0xB6,0x16,0x9E,0xFA,0x73,0x00,0x2E,0xE6,0x00,0x00,0xBA,0x4F,0x30,0x03,0xE2,0x0B,0x80,0x00,0x10,0x01,0x00,0x00,0x00,
    0xC8,0x00,0x00,0x00,0x00,0xC8,0x00,0x00,0x00,0x00,0xC8,0x00,0x00,0x00,0x00,0xC8,0x00,0x00,0xBF,0xFF,0xFF,0xFF,0xF7,0x35,
    0x55,0xDA,0x55,0x52,0x00,0x00,0xC8,0x00,0x00,0x00,0x00,0xC8,0x00,0x00,0x00,0x00,0xC8,0x00,0x00,0x00,0x00,0x42,0x00,0x00,
    0x09,0xE0,0x0C,0x90,0x1F,0x50,0x4E,0x00,0x8A,0x00,0x9F,0xFF,0xFB,0x24,0x44,0x43,0xAE,0x20,0xAE,0x20,0x00,0x00,0x00,0x0C,
    0xB0,0x00,0x00,0x00,0x3F,0x50,0x00,0x00,0x00,0x9D,0x00,0x00,0x00,0x01,0xF7,0x00,0x00,0x00,0x07,0xF1,0x00,0x00,0x00,0x0D,
    0x90,0x00,0x00,0x00,0x5F,0x30,0x00,0x00,0x00,0xBC,0x00,0x00,0x00,0x02,0xF5,0x00,0x00,0x00,0x08,0xE0,0x00,0x00,0x00,0x1E,
    0x80,0x00,0x00,0x00,0x6F,0x20,0x00,0x00,0x00,0xCA,0x00,0x00,0x00,0x04,0xF4,0x00,0x00,0x00,0x0A,0xD0,0x00,0x00,0x00,0x1F,
    0x60,0x00,0x00,0x00,0x00,0x07,0xDF,0xD8,0x00,0x00,0xAF,0x96,0xAF,0xA0,0x04,0xF7,0x00,0x09,0xF4,0x0A,0xE0,0x00,0x02,0xF9,
    0x0E,0xB0,0x00,0x00,0xDC,0x1F,0x90,0x00,0x00,0xBE,0x2F,0x80,0x00,0x00,0xAE,0x2F,0x70,0x00,0x00,0xAE,0x1F,0x80,0x00,0x00,
    0xBD,0x0E,0xA0,0x00,0x00,0xDB,0x0B,0xE0,0x00,0x02,0xF7,0x06,0xF6,0x00,0x09,0xF2,0x00,0xCF,0x96,0xAF,0x70,0x00,0x19,0xEF,
    0xC5,0x00,0x00,0x04,0xE1,0x02,0xAF,0xF1,0x9F,0xEC,0xF1,0xA8,0x18,0xF1,0x00,0x08,0xF1,0x00,0x08,0xF1,0x00,0x08,0xF1,0x00,
    0x08,0xF1,0x00,0x08,0xF1,0x00,0x08,0xF1,0x00,0x08,0xF1,0x00,0x08,0xF1,0x00,0x08,0xF1,0x00,0x08,0xF1,0x05,0xBE,0xEC,0x50,
    0x00,0x5F,0xB6,0x7C,0xF6,0x00,0x54,0x00,0x00,0xCE,0x00,0x00,0x00,0x00,0x8F,0x20,0x00,0x00,0x00,0x8F,0x10,0x00,0x00,0x00,
    0xDC,0x00,0x00,0x00,0x08,0xF5,0x00,0x00,0x00,0x9F,0x60,0x00,0x00,0x2C,0xE4,0x00,0x00,0x03,0xEB,0x20,0x00,0x00,0x2E,0xA0,
    0x00,0x00,0x00,0x9E,0x10,0x00,0x00,0x00,0xDD,0x77,0x77,0x77,0x50,0xEF,0xFF,0xFF,0xFF,0xB0,0x19,0xDE,0xEB,0x30,0x00,0x4B,
    0x76,0x8D,0xF3,0x00,0x00,0x00,0x02,0xFA,0x00,0x00,0x00,0x00,0xDB,0x00,0x00,0x00,0x01,0xF8,0x00,0x00,0x01,0x4C,0xC1,0x00,
    0x06,0xFF,0xFA,0x10,0x00,0x02,0x57,0x9E,0xD3,0x00,0x00,0x00,0x01,0xDD,0x10,0x00,0x00,0x00,0x7F,0x30,0x00,0x00,0x00,0x7F,
    0x40,0x00,0x00,0x01,0xDE,0x00,0xA9,0x76,0x8D,0xF5,0x00,0x6C,0xEF,0xDA,0x30,0x00,0x00,0x00,0x00,0xAF,0x40,0x00,0x00,0x00,
    0x03,0xFF,0x40,0x00,0x00,0x00,0x0C,0xDF,0x40,0x00,0x00,0x00,0x7E,0x5F,0x40,0x00,0x00,0x03,0xF5,0x4F,0x40,0x00,0x00,0x1D,
    0xA0,0x4F,0x40,0x00,0x00,0xAD,0x10,0x4F,0x40,0x00,0x07,0xF3,0x00,0x4F,0x40,0x00,0x5F,0x50,0x00,0x4F,0x40,0x00,0xDF,0xFF,
    0xFF,0xFF,0xFF,0x10,0x67,0x77,0x77,0x9F,0x97,0x10,0x00,0x00,0x00,0x4F,0x40,0x00,0x00,0x00,0x00,0x4F,0x40,0x00,0x00,0x00,
    0x00,0x4F,0x40,0x00,0x0A,0xFF,0xFF,0xFC,0x00,0x0C,0xD7,0x77,0x76,0x00,0x0D,0xA0,0x00,0x00,0x00,0x0E,0x90,0x00,0x00,0x00,
    0x0F,0x70,0x00,0x00,0x00,0x1F,0xFF,0xEB,0x50,0x00,0x17,0x66,0x9E,0xF7,0x00,0x00,0x00,0x01,0xDF,0x20,0x00,0x00,0x00,0x5F,
    0x60,0x00,0x00,0x00,0x3F,0x70,0x00,0x00,0x00,0x6F,0x50,0x00,0x00,0x01,0xDE,0x10,0x5B,0x76,0x8E,0xF5,0x00,0x3C,0xEF,0xEA,
    0x30,0x00,0x00,0x06,0xCE,0xEC,0x10,0x00,0xBF,0x96,0x7B,0x20,0x09,0xE4,0x00,0x00,0x00,0x2F,0x70,0x00,0x00,0x00,0x7F,0x10,
    0x00,0x00,0x00,0xAD,0x3B,0xEE,0xB3,0x00,0xDD,0xEA,0x68,0xEE,0x20,0xEF,0x70,0x00,0x4F,0x90,0xDE,0x00,0x00,0x0C,0xE0,0xCD,
    0x00,0x00,0x0A,0xE0,0x9F,0x10,0x00,0x0C,0xC0,0x3F,0x90,0x00,0x4F,0x70,0x09,0xFA,0x68,0xFC,0x10,0x00,0x7D,0xFD,0x81,0x00,
    0x1F,0xFF,0xFF,0xFF,0xFD,0x07,0x77,0x77,0x78,0xF8,0x00,0x00,0x00,0x09,0xE1,0x00,0x00,0x00,0x2F,0x70,0x00,0x00,0x00,0xAE,
    0x10,0x00,0x00,0x02,0xF7,0x00,0x00,0x00,0x08,0xF1,0x00,0x00,0x00,0x1E,0xA0,0x00,0x00,0x00,0x6F,0x40,0x00,0x00,0x00,0xBD,
    0x00,0x00,0x00,0x01,0xF9,0x00,0x00,0x00,0x06,0xF4,0x00,0x00,0x00,0x09,0xF1,0x00,0x00,0x00,0x0C,0xD0,0x00,0x00,0x00,0x18,
    0xDF,0xD6,0x00,0x00,0xBF,0x96,0xAF,0x90,0x05,0xF7,0x00,0x09,0xF3,0x07,0xF2,0x00,0x05,0xF5,0x05,0xF5,0x00,0x07,0xF3,0x00,
    0xCD,0x41,0x5E,0x90,0x00,0x1D,0xFF,0xFB,0x00,0x01,0xCE,0x85,0x8F,0xB0,0x0A,0xE2,0x00,0x04,0xF8,0x1F,0xB0,0x00,0x00,0xDD,
    0x1F,0xB0,0x00,0x00,0xDE,0x0D,0xF3,0x00,0x05,0xFA,0x04,0xFE,0x97,0xAF,0xE2,0x00,0x2A,0xEF,0xD9,0x10,0x00,0x19,0xDF,0xD6,
    0x00,0x01,0xDE,0x86,0xBF,0x80,0x08,0xF3,0x00,0x0A,0xF2,0x0E,0xB0,0x00,0x03,0xF7,0x1F,0x90,0x00,0x00,0xFA,0x0F,0xB0,0x00,
    0x01,0xFC,0x0B,0xF3,0x00,0x08,0xFC,0x02,0xEE,0x97,0xBD,0xDB,0x00,0x3B,0xEE,0xB2,0xE9,0x00,0x00,0x00,0x02,0xF6,0x00,0x00,
    0x00,0x07,0xF1,0x00,0x00,0x00,0x3E,0x90,0x04,0xA7,0x69,0xFC,0x10,0x03,0xCE,0xEC,0x70,0x00,0xAE,0x20,0xAE,0x20,0x00,0x00,
    0x00,0x00,0x00,0x00,0x00,0x00,0x00,0x00,0x00,0x00,0xAE,0x20,0xAE,0x20,0x0A,0xE2,0x0A,0xE2,0x00,0x00,0x00,0x00,0x00,0x00,
    0x00,0x00,0x00,0x00,0x00,0x00,0x09,0xE0,0x0C,0x90,0x1F,0x50,0x4E,0x00,0x8A,0x00,0x00,0x00,0x00,0x02,0xA1,0x00,0x00,0x00,
    0x7E,0xD1,0x00,0x00,0x5D,0xE7,0x00,0x00,0x2B,0xF9,0x10,0x00,0x18,0xFC,0x30,0x00,0x00,0x3E,0xF6,0x00,0x00,0x00,0x01,0x8E,
    0xD5,0x00,0x00,0x00,0x02,0x9F,0xD5,0x00,0x00,0x00,0x02,0xAF,0xC0,0x00,0x00,0x00,0x03,0xB1,0xBF,0xFF,0xFF,0xFF,0xF7,0x34,
    0x44,0x44,0x44,0x42,0x00,0x00,0x00,0x00,0x00,0x00,0x00,0x00,0x00,0x00,0xBF,0xFF,0xFF,0xFF,0xF7,0x34,0x44,0x44,0x44,0x42,
    0x58,0x10,0x00,0x00,0x00,0x3E,0xD5,0x00,0x00,0x00,0x01,0x9F,0xB2,0x00,0x00,0x00,0x03,0xCF,0x81,0x00,0x00,0x00,0x05,0xDE,
    0x60,0x00,0x00,0x01,0x8F,0xD1,0x00,0x01,0x7E,0xD6,0x00,0x01,0x7E,0xE7,0x00,0x00,0x3E,0xE8,0x10,0x00,0x00,0x58,0x10,0x00,
    0x00,0x00,0x3A,0xDE,0xD7,0x00,0xBB,0x76,0xBF,0x80,0x20,0x00,0x0C,0xE0,0x00,0x00,0x0A,0xE0,0x00,0x00,0x2E,0x80,0x00,0x02,
    0xDB,0x10,0x00,0x1D,0xB1,0x00,0x00,0xAD,0x10,0x00,0x00,0xE9,0x00,0x00,0x00,0xDA,0x00,0x00,0x00,0x00,0x00,0x00,0x00,0x00,
    0x00,0x00,0x00,0xAD,0x10,0x00,0x00,0xAD,0x10,0x00,0x00,0x00,0x05,0xAD,0xFE,0xD9,0x30,0x00,0x00,0x00,0x02,0xCD,0x73,0x23,
    0x59,0xEA,0x10,0x00,0x00,0x3E,0x91,0x00,0x00,0x00,0x2C,0xC1,0x00,0x01,0xD9,0x00,0x00,0x00,0x00,0x01,0xD9,0x00,0x07,0xE1,
    0x00,0x6C,0xFC,0x7E,0x00,0x6F,0x10,0x0D,0x70,0x06,0xF7,0x35,0xEC,0x00,0x1F,0x50,0x2F,0x30,0x1E,0x80,0x00,0xAB,0x00,0x0E,
    0x60,0x4F,0x10,0x5F,0x10,0x00,0xA9,0x00,0x0E,0x60,0x4F,0x10,0x6E,0x00,0x00,0xC8,0x00,0x1F,0x40,0x3F,0x20,0x5F,0x10,0x03,
    0xF8,0x00,0x7E,0x00,0x1F,0x50,0x1E,0xA3,0x4C,0x9D,0x36,0xE5,0x00,0x0A,0xB0,0x03,0xCE,0xC4,0x2C,0xFC,0x50,0x00,0x03,0xF6,
    0x00,0x00,0x00,0x00,0x00,0x00,0x00,0x00,0x7F,0x60,0x00,0x00,0x00,0x00,0x00,0x00,0x00,0x06,0xEC,0x74,0x23,0x59,0xB0,0x00,
    0x00,0x00,0x00,0x17,0xBE,0xFE,0xD9,0x40,0x00,0x00,0x00,0x00,0x09,0xF7,0x00,0x00,0x00,0x00,0x00,0x1E,0xBD,0x00,0x00,0x00,
    0x00,0x00,0x6E,0x4F,0x40,0x00,0x00,0x00,0x00,0xBA,0x0D,0x90,0x00,0x00,0x00,0x02,0xF6,0x09,0xE1,0x00,0x00,0x00,0x08,0xF1,
    0x04,0xF6,0x00,0x00,0x00,0x0D,0xB0,0x00,0xEC,0x00,0x00,0x00,0x4F,0x70,0x00,0x9F,0x30,0x00,0x00,0xAF,0x20,0x00,0x5F,0x80,
    0x00,0x01,0xFF,0xFF,0xFF,0xFF,0xE0,0x00,0x07,0xFA,0x77,0x77,0x7B,0xF5,0x00,0x0C,0xF1,0x00,0x00,0x03,0xFB,0x00,0x3F,0xA0,
    0x00,0x00,0x00,0xCF,0x20,0x9F,0x40,0x00,0x00,0x00,0x5F,0x70,0x2F,0xFF,0xFE,0xB3,0x00,0x2F,0xB7,0x8A,0xFF,0x40,0x2F,0x70,
    0x00,0x4F,0xA0,0x2F,0x70,0x00,0x0F,0xB0,0x2F,0x70,0x00,0x3F,0x70,0x2F,0x70,0x14,0xDC,0x10,0x2F,0xFF,0xFF,0xC2,0x00,0x2F,
    0xB7,0x79,0xDF,0x60,0x2F,0x70,0x00,0x0B,0xF2,0x2F,0x70,0x00,0x05,0xF6,0x2F,0x70,0x00,0x06,0xF6,0x2F,0x70,0x00,0x1C,0xF2,
    0x2F,0xB7,0x79,0xDF,0x80,0x2F,0xFF,0xFE,0xC5,0x00,0x00,0x00,0x28,0xDE,0xFE,0xD4,0x00,0x07,0xFE,0xA8,0x89,0xC5,0x00,0x7F,
    0xB2,0x00,0x00,0x00,0x03,0xFB,0x00,0x00,0x00,0x00,0x09,0xF3,0x00,0x00,0x00,0x00,0x0D,0xD0,0x00,0x00,0x00,0x00,0x0F,0xA0,
    0x00,0x00,0x00,0x00,0x1F,0xA0,0x00,0x00,0x00,0x00,0x0F,0xC0,0x00,0x00,0x00,0x00,0x0B,0xF1,0x00,0x00,0x00,0x00,0x06,0xF9,
    0x00,0x00,0x00,0x00,0x00,0xCF,0x80,0x00,0x00,0x00,0x00,0x1C,0xFD,0x97,0x89,0xC5,0x00,0x00,0x6B,0xEF,0xED,0xB3,0x2F,0xFF,
    0xFE,0xDA,0x50,0x00,0x00,0x2F,0xB7,0x78,0xAE,0xFC,0x20,0x00,0x2F,0x70,0x00,0x01,0x7F,0xD1,0x00,0x2F,0x70,0x00,0x00,0x08,
    0xF7,0x00,0x2F,0x70,0x00,0x00,0x01,0xEC,0x00,0x2F,0x70,0x00,0x00,0x00,0xBF,0x00,0x2F,0x70,0x00,0x00,0x00,0xAF,0x10,0x2F,
    0x70,0x00,0x00,0x00,0xAF,0x10,0x2F,0x70,0x00,0x00,0x00,0xCE,0x00,0x2F,0x70,0x00,0x00,0x02,0xFA,0x00,0x2F,0x70,0x00,0x00,
    0x0A,0xF3,0x00,0x2F,0x70,0x00,0x01,0xAF,0x70,0x00,0x2F,0xB7,0x78,0xBF,0xF7,0x00,0x00,0x2F,0xFF,0xFE,0xC8,0x20,0x00,0x00,
    0x2F,0xFF,0xFF,0xFE,0x00,0x2F,0xB7,0x77,0x77,0x00,0x2F,0x70,0x00,0x00,0x00,0x2F,0x70,0x00,0x00,0x00,0x2F,0x70,0x00,0x00,
    0x00,0x2F,0x70,0x00,0x00,0x00,0x2F,0xFF,0xFF,0xF8,0x00,0x2F,0xB7,0x77,0x74,0x00,0x2F,0x70,0x00,0x00,0x00,0x2F,0x70,0x00,
    0x00,0x00,0x2F,0x70,0x00,0x00,0x00,0x2F,0x70,0x00,0x00,0x00,0x2F,0xB7,0x77,0x77,0x20,0x2F,0xFF,0xFF,0xFF,0x40,0x2F,0xFF,
    0xFF,0xFE,0x2F,0xB7,0x77,0x77,0x2F,0x70,0x00,0x00,0x2F,0x70,0x00,0x00,0x2F,0x70,0x00,0x00,0x2F,0x70,0x00,0x00,0x2F,0xFF,
    0xFF,0xF8,0x2F,0xB7,0x77,0x74,0x2F,0x70,0x00,0x00,0x2F,0x70,0x00,0x00,0x2F,0x70,0x00,0x00,0x2F,0x70,0x00,0x00,0x2F,0x70,
    0x00,0x00,0x2F,0x70,0x00,0x00,0x00,0x00,0x28,0xCE,0xED,0xA5,0x00,0x00,0x06,0xFE,0xA8,0x8A,0xEF,0x00,0x00,0x7F,0xB2,0x00,
    0x00,0x19,0x00,0x02,0xFB,0x00,0x00,0x00,0x00,0x00,0x09,0xF3,0x00,0x00,0x00,0x00,0x00,0x0D,0xD0,0x00,0x00,0x00,0x00,0x00,
    0x0F,0xA0,0x00,0x00,0x00,0x00,0x00,0x1F,0xA0,0x00,0x06,0xFF,0xFF,0x50,0x0E,0xC0,0x00,0x03,0x77,0xAF,0x50,0x0B,0xF1,0x00,
    0x00,0x00,0x5F,0x50,0x05,0xF9,0x00,0x00,0x00,0x5F,0x50,0x00,0xBF,0x80,0x00,0x00,0x5F,0x50,0x00,0x1B,0xFE,0x97,0x8B,0xFF,
    0x40,0x00,0x00,0x5B,0xEF,0xEC,0x93,0x00,0x2F,0x70,0x00,0x00,0x04,0xF5,0x2F,0x70,0x00,0x00,0x04,0xF5,0x2F,0x70,0x00,0x00,
    0x04,0xF5,0x2F,0x70,0x00,0x00,0x04,0xF5,0x2F,0x70,0x00,0x00,0x04,0xF5,0x2F,0x70,0x00,0x00,0x04,0xF5,0x2F,0xFF,0xFF,0xFF,
    0xFF,0xF5,0x2F,0xB7,0x77,0x77,0x79,0xF5,0x2F,0x70,0x00,0x00,0x04,0xF5,0x2F,0x70,0x00,0x00,0x04,0xF5,0x2F,0x70,0x00,0x00,
    0x04,0xF5,0x2F,0x70,0x00,0x00,0x04,0xF5,0x2F,0x70,0x00,0x00,0x04,0xF5,0x2F,0x70,0x00,0x00,0x04,0xF5,0x2F,0x70,0x2F,0x70,
    0x2F,0x70,0x2F,0x70,0x2F,0x70,0x2F,0x70,0x2F,0x70,0x2F,0x70,0x2F,0x70,0x2F,0x70,0x2F,0x70,0x2F,0x70,0x2F,0x70,0x2F,0x70,
    0x00,0x03,0xF6,0x00,0x03,0xF6,0x00,0x03,0xF6,0x00,0x03,0xF6,0x00,0x03,0xF6,0x00,0x03,0xF6,0x00,0x03,0xF6,0x00,0x03,0xF6,
    0x00,0x03,0xF6,0x00,0x04,0xF6,0x00,0x06,0xF4,0x00,0x0C,0xE0,0x98,0xBF,0x60,0xAF,0xD6,0x00,0x2F,0x70,0x00,0x05,0xFA,0x00,
    0x2F,0x70,0x00,0x3E,0xC1,0x00,0x2F,0x70,0x02,0xED,0x10,0x00,0x2F,0x70,0x1C,0xE2,0x00,0x00,0x2F,0x70,0xBE,0x30,0x00,0x00,
    0x2F,0x79,0xF4,0x00,0x00,0x00,0x2F,0xDF,0x60,0x00,0x00,0x00,0x2F,0xAF,0xC1,0x00,0x00,0x00,0x2F,0x75,0xFB,0x00,0x00,0x00,
    0x2F,0x70,0x8F,0x90,0x00,0x00,0x2F,0x70,0x0A,0xF7,0x00,0x00,0x2F,0x70,0x00,0xCF,0x60,0x00,0x2F,0x70,0x00,0x1D,0xF4,0x00,
    0x2F,0x70,0x00,0x03,0xEE,0x30,0x2F,0x70,0x00,0x00,0x00,0x2F,0x70,0x00,0x00,0x00,0x2F,0x70,0x00,0x00,0x00,0x2F,0x70,0x00,
    0x00,0x00,0x2F,0x70,0x00,0x00,0x00,0x2F,0x70,0x00,0x00,0x00,0x2F,0x70,0x00,0x00,0x00,0x2F,0x70,0x00,0x00,0x00,0x2F,0x70,
    0x00,0x00,0x00,0x2F,0x70,0x00,0x00,0x00,0x2F,0x70,0x00,0x00,0x00,0x2F,0x70,0x00,0x00,0x00,0x2F,0xB7,0x77,0x77,0x10,0x2F,
    0xFF,0xFF,0xFF,0x20,0x2F,0xF3,0x00,0x00,0x00,0x00,0x2F,0xF2,0x2F,0xFA,0x00,0x00,0x00,0x00,0x9F,0xF2,0x2F,0xDF,0x20,0x00,
    0x00,0x01,0xFC,0xF2,0x2F,0x8F,0x80,0x00,0x00,0x08,0xF9,0xF2,0x2F,0x6A,0xE1,0x00,0x00,0x1E,0x98,0xF2,0x2F,0x63,0xF6,0x00,
    0x00,0x6F,0x38,0xF2,0x2F,0x60,0xCD,0x00,0x00,0xDB,0x08,0xF2,0x2F,0x60,0x5F,0x40,0x05,0xF4,0x08,0xF2,0x2F,0x60,0x0D,0xB0,
    0x0C,0xC0,0x08,0xF2,0x2F,0x60,0x07,0xF3,0x3F,0x60,0x08,0xF2,0x2F,0x60,0x01,0xE9,0xAE,0x00,0x08,0xF2,0x2F,0x60,0x00,0x8E,
    0xE7,0x00,0x08,0xF2,0x2F,0x60,0x00,0x2F,0xE1,0x00,0x08,0xF2,0x2F,0x60,0x00,0x0A,0x90,0x00,0x08,0xF2,0x2F,0xF4,0x00,0x00,
    0x00,0x8F,0x20,0x2F,0xFD,0x10,0x00,0x00,0x8F,0x20,0x2F,0xBF,0x80,0x00,0x00,0x8F,0x20,0x2F,0x7A,0xF3,0x00,0x00,0x8F,0x20,
    0x2F,0x71,0xEC,0x00,0x00,0x8F,0x20,0x2F,0x70,0x6F,0x70,0x00,0x8F,0x20,0x2F,0x70,0x0B,0xF2,0x00,0x8F,0x20,0x2F,0x70,0x02,
    0xEB,0x00,0x8F,0x20,0x2F,0x70,0x00,0x7F,0x60,0x8F,0x20,0x2F,0x70,0x00,0x0C,0xE1,0x8F,0x20,0x2F,0x70,0x00,0x03,0xFA,0x8F,
    0x20,0x2F,0x70,0x00,0x00,0x8F,0xBF,0x20,0x2F,0x70,0x00,0x00,0x0D,0xFF,0x20,0x2F,0x70,0x00,0x00,0x03,0xFF,0x20,0x00,0x00,
    0x4A,0xDF,0xEB,0x60,0x00,0x00,0x00,0x1A,0xFE,0x98,0x9D,0xFC,0x20,0x00,0x00,0xAF,0x91,0x00,0x00,0x6F,0xC0,0x00,0x04,0xFA,
    0x00,0x00,0x00,0x07,0xF7,0x00,0x0A,0xF2,0x00,0x00,0x00,0x01,0xEC,0x00,0x0E,0xC0,0x00,0x00,0x00,0x00,0xBF,0x10,0x0F,0xA0,
    0x00,0x00,0x00,0x00,0x9F,0x20,0x1F,0xA0,0x00,0x00,0x00,0x00,0x9F,0x20,0x0E,0xC0,0x00,0x00,0x00,0x00,0xBF,0x00,0x0B,0xF2,
    0x00,0x00,0x00,0x01,0xEC,0x00,0x05,0xF9,0x00,0x00,0x00,0x07,0xF6,0x00,0x00,0xBF,0x80,0x00,0x00,0x6F,0xB0,0x00,0x00,0x1B,
    0xFD,0x97,0x9D,0xFC,0x10,0x00,0x00,0x00,0x5B,0xEF,0xEB,0x60,0x00,0x00,0x2F,0xFF,0xFE,0xB5,0x00,0x2F,0xB7,0x89,0xEF,0x80,
    0x2F,0x70,0x00,0x1D,0xF2,0x2F,0x70,0x00,0x06,0xF5,0x2F,0x70,0x00,0x06,0xF5,0x2F,0x70,0x00,0x0A,0xF2,0x2F,0x70,0x13,0x9F,
    0xA0,0x2F,0xFF,0xFF,0xF9,0x10,0x2F,0xB7,0x76,0x20,0x00,0x2F,0x70,0x00,0x00,0x00,0x2F,0x70,0x00,0x00,0x00,0x2F,0x70,0x00,
    0x00,0x00,0x2F,0x70,0x00,0x00,0x00,0x2F,0x70,0x00,0x00,0x00,0x00,0x00,0x4A,0xDF,0xEB,0x60,0x00,0x00,0x00,0x1A,0xFE,0x98,
    0x9D,0xFC,0x20,0x00,0x00,0xAF,0x91,0x00,0x00,0x6F,0xC0,0x00,0x04,0xFA,0x00,0x00,0x00,0x07,0xF7,0x00,0x0A,0xF2,0x00,0x00,
    0x00,0x01,0xEC,0x00,0x0E,0xC0,0x00,0x00,0x00,0x00,0xBF,0x10,0x0F,0xA0,0x00,0x00,0x00,0x00,0x9F,0x20,0x1F,0xA0,0x00,0x00,
    0x00,0x00,0x9F,0x20,0x0E,0xC0,0x00,0x00,0x00,0x00,0xBF,0x00,0x0B,0xF2,0x00,0x00,0x00,0x01,0xEC,0x00,0x05,0xF9,0x00,0x00,
    0x00,0x07,0xF6,0x00,0x00,0xBF,0x80,0x00,0x00,0x6F,0xB0,0x00,0x00,0x1B,0xFD,0x97,0x9D,0xFC,0x10,0x00,0x00,0x00,0x5B,0xEF,
    0xEC,0xFE,0x40,0x00,0x00,0x00,0x00,0x00,0x00,0x5F,0xF7,0x00,0x00,0x00,0x00,0x00,0x00,0x04,0xEF,0xA1,0x2F,0xFF,0xFE,0xC5,
    0x00,0x00,0x2F,0xB7,0x79,0xDF,0x90,0x00,0x2F,0x70,0x00,0x1D,0xF1,0x00,0x2F,0x70,0x00,0x08,0xF4,0x00,0x2F,0x70,0x00,0x08,
    0xF2,0x00,0x2F,0x70,0x00,0x2E,0xC0,0x00,0x2F,0xB7,0x79,0xED,0x20,0x00,0x2F,0xFF,0xFF,0x90,0x00,0x00,0x2F,0x70,0x2A,0xF6,
    0x00,0x00,0x2F,0x70,0x00,0xCE,0x20,0x00,0x2F,0x70,0x00,0x3F,0xB0,0x00,0x2F,0x70,0x00,0x08,0xF5,0x00,0x2F,0x70,0x00,0x01,
    0xED,0x10,0x2F,0x70,0x00,0x00,0x6F,0x80,0x01,0x7C,0xEF,0xFE,0x10,0x1C,0xFB,0x88,0x9D,0x10,0x9F,0x50,0x00,0x00,0x00,0xCE,
    0x00,0x00,0x00,0x00,0xAF,0x40,0x00,0x00,0x00,0x2E,0xE7,0x00,0x00,0x00,0x03,0xDF,0xD6,0x00,0x00,0x00,0x06,0xDF,0xC2,0x00,
    0x00,0x00,0x07,0xFD,0x10,0x00,0x00,0x00,0x6F,0x80,0x00,0x00,0x00,0x2F,0xA0,0x82,0x00,0x00,0x6F,0x70,0xCF,0xB8,0x8B,0xFD,
    0x10,0x29,0xDF,0xEC,0x71,0x00,0x9F,0xFF,0xFF,0xFF,0xFF,0x20,0x47,0x77,0xCF,0x87,0x77,0x10,0x00,0x00,0x8F,0x10,0x00,0x00,
    0x00,0x00,0x8F,0x10,0x00,0x00,0x00,0x00,0x8F,0x10,0x00,0x00,0x00,0x00,0x8F,0x10,0x00,0x00,0x00,0x00,0x8F,0x10,0x00,0x00,
    0x00,0x00,0x8F,0x10,0x00,0x00,0x00,0x00,0x8F,0x10,0x00,0x00,0x00,0x00,0x8F,0x10,0x00,0x00,0x00,0x00,0x8F,0x10,0x00,0x00,
    0x00,0x00,0x8F,0x10,0x00,0x00,0x00,0x00,0x8F,0x10,0x00,0x00,0x00,0x00,0x8F,0x10,0x00,0x00,0x5F,0x40,0x00,0x00,0x08,0xF1,
    0x5F,0x40,0x00,0x00,0x08,0xF1,0x5F,0x40,0x00,0x00,0x08,0xF1,0x5F,0x40,0x00,0x00,0x08,0xF1,0x5F,0x40,0x00,0x00,0x08,0xF1,
    0x5F,0x40,0x00,0x00,0x08,0xF1,0x5F,0x40,0x00,0x00,0x08,0xF1,0x5F,0x40,0x00,0x00,0x08,0xF1,0x5F,0x50,0x00,0x00,0x09,0xF1,
    0x4F,0x60,0x00,0x00,0x0A,0xF0,0x2F,0xA0,0x00,0x00,0x0D,0xC0,0x0B,0xF4,0x00,0x00,0x7F,0x60,0x03,0xEF,0xB8,0x8C,0xFB,0x00,
    0x00,0x29,0xDF,0xEC,0x60,0x00,0xAF,0x30,0x00,0x00,0x00,0xAF,0x10,0x4F,0x80,0x00,0x00,0x01,0xFA,0x00,0x0E,0xD0,0x00,0x00,
    0x06,0xF5,0x00,0x08,0xF3,0x00,0x00,0x0C,0xE0,0x00,0x03,0xF9,0x00,0x00,0x2F,0x90,0x00,0x00,0xDE,0x00,0x00,0x7F,0x30,0x00,
    0x00,0x7F,0x40,0x00,0xDD,0x00,0x00,0x00,0x2F,0x90,0x03,0xF7,0x00,0x00,0x00,0x0B,0xE0,0x08,0xF2,0x00,0x00,0x00,0x06,0xF5,
    0x0D,0xB0,0x00,0x00,0x00,0x01,0xEA,0x4F,0x50,0x00,0x00,0x00,0x00,0xAE,0x9E,0x10,0x00,0x00,0x00,0x00,0x4F,0xE9,0x00,0x00,
    0x00,0x00,0x00,0x0E,0xF4,0x00,0x00,0x00,0x9F,0x30,0x00,0x00,0x6F,0x60,0x00,0x00,0x7F,0x40,0x5F,0x70,0x00,0x00,0xBF,0xB0,
    0x00,0x00,0xBF,0x10,0x1F,0xB0,0x00,0x01,0xFE,0xE0,0x00,0x01,0xFB,0x00,0x0B,0xF1,0x00,0x04,0xF9,0xF4,0x00,0x04,0xF7,0x00,
    0x06,0xF5,0x00,0x09,0xE2,0xF8,0x00,0x08,0xF2,0x00,0x02,0xF9,0x00,0x0D,0xA0,0xCC,0x00,0x0C,0xD0,0x00,0x00,0xDD,0x00,0x2F,
    0x60,0x8F,0x10,0x1F,0x90,0x00,0x00,0x8F,0x20,0x7F,0x20,0x4F,0x50,0x5F,0x50,0x00,0x00,0x4F,0x60,0xBC,0x00,0x0E,0x90,0x9F,
    0x10,0x00,0x00,0x0E,0xB1,0xF8,0x00,0x0B,0xE0,0xDB,0x00,0x00,0x00,0x0A,0xE5,0xF4,0x00,0x06,0xF5,0xF7,0x00,0x00,0x00,0x06,
    0xFB,0xE0,0x00,0x02,0xFB,0xF3,0x00,0x00,0x00,0x01,0xFF,0xA0,0x00,0x00,0xDF,0xE0,0x00,0x00,0x00,0x00,0xCF,0x60,0x00,0x00,
    0x9F,0x90,0x00,0x00,0x2E,0xD1,0x00,0x00,0x0B,0xF2,0x07,0xF8,0x00,0x00,0x5F,0x70,0x00,0xCF,0x20,0x01,0xED,0x00,0x00,0x3F,
    0xA0,0x09,0xF4,0x00,0x00,0x09,0xF4,0x3F,0x90,0x00,0x00,0x01,0xEC,0xBE,0x10,0x00,0x00,0x00,0x5F,0xF5,0x00,0x00,0x00,0x00,
    0x6F,0xF6,0x00,0x00,0x00,0x02,0xEA,0xCE,0x10,0x00,0x00,0x0B,0xE2,0x3F,0xA0,0x00,0x00,0x6F,0x60,0x09,0xF4,0x00,0x02,0xEC,
    0x00,0x01,0xED,0x10,0x0B,0xF3,0x00,0x00,0x6F,0x80,0x6F,0x90,0x00,0x00,0x0C,0xF3,0x9F,0x40,0x00,0x00,0x2E,0xA0,0x2F,0xC0,
    0x00,0x00,0x9F,0x30,0x09,0xF5,0x00,0x02,0xFA,0x00,0x02,0xFC,0x00,0x0A,0xF2,0x00,0x00,0x9F,0x50,0x3F,0x90,0x00,0x00,0x2F,
    0xC0,0xBF,0x20,0x00,0x00,0x09,0xF8,0xF9,0x00,0x00,0x00,0x02,0xFF,0xF2,0x00,0x00,0x00,0x00,0x9F,0x90,0x00,0x00,0x00,0x00,
    0x5F,0x50,0x00,0x00,0x00,0x00,0x5F,0x50,0x00,0x00,0x00,0x00,0x5F,0x50,0x00,0x00,0x00,0x00,0x5F,0x50,0x00,0x00,0x00,0x00,
    0x5F,0x50,0x00,0x00,0x0F,0xFF,0xFF,0xFF,0xFF,0xD0,0x07,0x77,0x77,0x77,0xDF,0x40,0x00,0x00,0x00,0x04,0xF8,0x00,0x00,0x00,
    0x00,0x1D,0xD1,0x00,0x00,0x00,0x00,0x9F,0x30,0x00,0x00,0x00,0x04,0xF8,0x00,0x00,0x00,0x00,0x1D,0xC0,0x00,0x00,0x00,0x00,
    0x9F,0x30,0x00,0x00,0x00,0x04,0xF7,0x00,0x00,0x00,0x00,0x1D,0xC0,0x00,0x00,0x00,0x00,0x9F,0x30,0x00,0x00,0x00,0x04,0xF7,
    0x00,0x00,0x00,0x00,0x1E,0xF7,0x77,0x77,0x77,0x60,0x9F,0xFF,0xFF,0xFF,0xFF,0xC0,0x1F,0xFF,0x80,0x1F,0x72,0x10,0x1F,0x60,
    0x00,0x1F,0x60,0x00,0x1F,0x60,0x00,0x1F,0x60,0x00,0x1F,0x60,0x00,0x1F,0x60,0x00,0x1F,0x60,0x00,0x1F,0x60,0x00,0x1F,0x60,
    0x00,0x1F,0x60,0x00,0x1F,0x60,0x00,0x1F,0x60,0x00,0x1F,0x60,0x00,0x1F,0x72,0x10,0x1F,0xFF,0x80,0x1F,0x70,0x00,0x00,0x00,
    0x0A,0xD0,0x00,0x00,0x00,0x03,0xF4,0x00,0x00,0x00,0x00,0xCA,0x00,0x00,0x00,0x00,0x6F,0x20,0x00,0x00,0x00,0x1E,0x80,0x00,
    0x00,0x00,0x09,0xE0,0x00,0x00,0x00,0x03,0xF5,0x00,0x00,0x00,0x00,0xBB,0x00,0x00,0x00,0x00,0x5F,0x20,0x00,0x00,0x00,0x0E,
    0x80,0x00,0x00,0x00,0x08,0xE0,0x00,0x00,0x00,0x02,0xF5,0x00,0x00,0x00,0x00,0xBC,0x00,0x00,0x00,0x00,0x4F,0x30,0x00,0x00,
    0x00,0x0D,0x90,0x7F,0xFF,0x20,0x12,0x6F,0x20,0x00,0x5F,0x20,0x00,0x5F,0x20,0x00,0x5F,0x20,0x00,0x5F,0x20,0x00,0x5F,0x20,
    0x00,0x5F,0x20,0x00,0x5F,0x20,0x00,0x5F,0x20,0x00,0x5F,0x20,0x00,0x5F,0x20,0x00,0x5F,0x20,0x00,0x5F,0x20,0x00,0x5F,0x20,
    0x12,0x6F,0x20,0x7F,0xFF,0x20,0x00,0x00,0xD4,0x00,0x00,0x00,0x06,0xFC,0x00,0x00,0x00,0x0D,0x9E,0x60,0x00,0x00,0x7E,0x17,
    0xE1,0x00,0x01,0xE7,0x00,0xD8,0x00,0x07,0xE1,0x00,0x6E,0x20,0x1E,0x70,0x00,0x0C,0x90,0x7E,0x10,0x00,0x04,0xF3,0x22,0x22,
    0x22,0x22,0x10,0xFF,0xFF,0xFF,0xFF,0x40,0x0B,0xC0,0x00,0x01,0xD8,0x00,0x00,0x2E,0x40,0x00,0x4B,0xEE,0xC5,0x00,0x02,0xFB,
    0x66,0xDF,0x40,0x02,0x60,0x00,0x2F,0x90,0x00,0x00,0x00,0x0D,0xB0,0x00,0x27,0xAC,0xEF,0xC0,0x06,0xFD,0x97,0x5D,0xC0,0x0E,
    0xB0,0x00,0x0E,0xC0,0x1F,0x90,0x00,0x4F,0xC0,0x0C,0xF8,0x69,0xCD,0xC0,0x02,0xAE,0xEA,0x2C,0xC0,0x6F,0x30,0x00,0x00,0x00,
    0x6F,0x30,0x00,0x00,0x00,0x6F,0x30,0x00,0x00,0x00,0x6F,0x30,0x00,0x00,0x00,0x6F,0x30,0x00,0x00,0x00,0x6F,0x35,0xCF,0xE9,
    0x10,0x6F,0x9D,0x76,0xAF,0xC1,0x6F,0xD1,0x00,0x07,0xF6,0x6F,0x60,0x00,0x00,0xFB,0x6F,0x40,0x00,0x00,0xDC,0x6F,0x30,0x00,
    0x00,0xEC,0x6F,0x50,0x00,0x02,0xF9,0x6F,0xC0,0x00,0x09,0xF4,0x6F,0xCC,0x76,0xBF,0x90,0x6F,0x48,0xEF,0xD7,0x00,0x00,0x06,
    0xCE,0xEC,0x40,0x00,0xAF,0xB6,0x69,0x60,0x06,0xF8,0x00,0x00,0x00,0x0C,0xD0,0x00,0x00,0x00,0x0F,0xA0,0x00,0x00,0x00,0x1F,
    0xA0,0x00,0x00,0x00,0x0E,0xD0,0x00,0x00,0x00,0x08,0xF6,0x00,0x00,0x00,0x01,0xCF,0xA6,0x69,0x60,0x00,0x18,0xDF,0xEB,0x30,
    0x00,0x00,0x00,0x00,0x7F,0x20,0x00,0x00,0x00,0x00,0x7F,0x20,0x00,0x00,0x00,0x00,0x7F,0x20,0x00,0x00,0x00,0x00,0x7F,0x20,
    0x00,0x00,0x00,0x00,0x7F,0x20,0x00,0x18,0xDF,0xD6,0x7F,0x20,0x00,0xCF,0x96,0x7E,0xCF,0x20,0x07,0xF6,0x00,0x01,0xEF,0x20,
    0x0D,0xD0,0x00,0x00,0x8F,0x20,0x0F,0xA0,0x00,0x00,0x7F,0x20,0x1F,0x90,0x00,0x00,0x7F,0x20,0x0E,0xC0,0x00,0x00,0x9F,0x20,
    0x0A,0xF4,0x00,0x03,0xFF,0x20,0x02,0xEF,0x96,0x8E,0xAF,0x20,0x00,0x2A,0xEE,0xB3,0x7F,0x20,0x00,0x08,0xDF,0xD9,0x10,0x00,
    0xBF,0x96,0x8F,0xB0,0x07,0xF4,0x00,0x06,0xF5,0x0D,0xC0,0x00,0x01,0xF8,0x0F,0xFF,0xFF,0xFF,0xFA,0x0F,0xC5,0x55,0x55,0x54,
    0x0E,0xC0,0x00,0x00,0x00,0x09,0xF5,0x00,0x00,0x00,0x01,0xDF,0x96,0x68,0xC0,0x00,0x29,0xEF,0xEB,0x60,0x00,0x05,0xCF,0x70,
    0x00,0x4F,0xB6,0x60,0x00,0x9E,0x00,0x00,0x00,0xBC,0x00,0x00,0x00,0xCC,0x00,0x00,0x7F,0xFF,0xFF,0x20,0x36,0xDD,0x66,0x10,
    0x00,0xCC,0x00,0x00,0x00,0xCC,0x00,0x00,0x00,0xCC,0x00,0x00,0x00,0xCC,0x00,0x00,0x00,0xCC,0x00,0x00,0x00,0xCC,0x00,0x00,
    0x00,0xCC,0x00,0x00,0x00,0xCC,0x00,0x00,0x00,0x18,0xDF,0xD6,0x7F,0x20,0x01,0xCF,0x96,0x7E,0xCF,0x20,0x07,0xF6,0x00,0x01,
    0xEF,0x20,0x0D,0xD0,0x00,0x00,0x8F,0x20,0x0F,0xA0,0x00,0x00,0x7F,0x20,0x1F,0x90,0x00,0x00,0x7F,0x20,0x0E,0xC0,0x00,0x00,
    0x9F,0x20,0x0A,0xF4,0x00,0x03,0xFF,0x20,0x02,0xEF,0x96,0x8E,0xAF,0x20,0x00,0x2A,0xEE,0xB3,0x7F,0x20,0x00,0x00,0x00,0x00,
    0x8F,0x10,0x00,0x00,0x00,0x00,0xCD,0x00,0x00,0x00,0x00,0x06,0xF8,0x00,0x05,0xB8,0x66,0xAF,0xC1,0x00,0x02,0xAD,0xFE,0xC7,
    0x10,0x00,0x6F,0x30,0x00,0x00,0x00,0x6F,0x30,0x00,0x00,0x00,0x6F,0x30,0x00,0x00,0x00,0x6F,0x30,0x00,0x00,0x00,0x6F,0x30,
    0x00,0x00,0x00,0x6F,0x36,0xDE,0xD6,0x00,0x6F,0xAD,0x77,0xDF,0x50,0x6F,0xD1,0x00,0x2F,0xB0,0x6F,0x60,0x00,0x0C,0xD0,0x6F,
    0x40,0x00,0x0A,0xE0,0x6F,0x30,0x00,0x0A,0xE0,0x6F,0x30,0x00,0x0A,0xE0,0x6F,0x30,0x00,0x0A,0xE0,0x6F,0x30,0x00,0x0A,0xE0,
    0x6F,0x30,0x00,0x0A,0xE0,0x6E,0x40,0x6E,0x40,0x00,0x00,0x00,0x00,0x00,0x00,0x6F,0x30,0x6F,0x30,0x6F,0x30,0x6F,0x30,0x6F,
    0x30,0x6F,0x30,0x6F,0x30,0x6F,0x30,0x6F,0x30,0x6F,0x30,0x00,0x06,0xE4,0x00,0x06,0xE4,0x00,0x00,0x00,0x00,0x00,0x00,0x00,
    0x00,0x00,0x00,0x06,0xF3,0x00,0x06,0xF3,0x00,0x06,0xF3,0x00,0x06,0xF3,0x00,0x06,0xF3,0x00,0x06,0xF3,0x00,0x06,0xF3,0x00,
    0x06,0xF3,0x00,0x06,0xF3,0x00,0x06,0xF3,0x00,0x06,0xF3,0x00,0x08,0xF1,0x00,0x0D,0xC0,0xA6,0xBF,0x40,0xCF,0xC5,0x00,0x6F,
    0x30,0x00,0x00,0x00,0x6F,0x30,0x00,0x00,0x00,0x6F,0x30,0x00,0x00,0x00,0x6F,0x30,0x00,0x00,0x00,0x6F,0x30,0x00,0x00,0x00,
    0x6F,0x30,0x02,0xDE,0x20,0x6F,0x30,0x1D,0xE3,0x00,0x6F,0x31,0xCE,0x30,0x00,0x6F,0x4B,0xE4,0x00,0x00,0x6F,0xCF,0x40,0x00,
    0x00,0x6F,0xAF,0x90,0x00,0x00,0x6F,0x38,0xF8,0x00,0x00,0x6F,0x30,0x9F,0x80,0x00,0x6F,0x30,0x0A,0xF7,0x00,0x6F,0x30,0x00,
    0xBF,0x70,0x6F,0x30,0x6F,0x30,0x6F,0x30,0x6F,0x30,0x6F,0x30,0x6F,0x30,0x6F,0x30,0x6F,0x30,0x6F,0x30,0x6F,0x30,0x6F,0x30,
    0x6F,0x30,0x6F,0x30,0x6F,0x30,0x6F,0x30,0x6F,0x37,0xDE,0xB2,0x06,0xDE,0xC5,0x00,0x6F,0xBB,0x68,0xFD,0x7E,0x77,0xDF,0x40,
    0x6F,0xB0,0x00,0x7F,0xF2,0x00,0x2F,0xA0,0x6F,0x50,0x00,0x2F,0xA0,0x00,0x0D,0xC0,0x6F,0x30,0x00,0x1F,0x80,0x00,0x0C,0xC0,
    0x6F,0x30,0x00,0x1F,0x80,0x00,0x0C,0xC0,0x6F,0x30,0x00,0x1F,0x80,0x00,0x0C,0xC0,0x6F,0x30,0x00,0x1F,0x80,0x00,0x0C,0xC0,
    0x6F,0x30,0x00,0x1F,0x80,0x00,0x0C,0xC0,0x6F,0x30,0x00,0x1F,0x80,0x00,0x0C,0xC0,0x6F,0x36,0xDF,0xD6,0x00,0x6F,0xAC,0x77,
    0xDF,0x40,0x6F,0xC1,0x00,0x2F,0xB0,0x6F,0x60,0x00,0x0C,0xD0,0x6F,0x30,0x00,0x0A,0xE0,0x6F,0x30,0x00,0x0A,0xE0,0x6F,0x30,
    0x00,0x0A,0xE0,0x6F,0x30,0x00,0x0A,0xE0,0x6F,0x30,0x00,0x0A,0xE0,0x6F,0x30,0x00,0x0A,0xE0,0x00,0x07,0xCE,0xEC,0x60,0x00,
    0x00,0xBF,0xA6,0x7B,0xFA,0x00,0x07,0xF6,0x00,0x00,0x9F,0x40,0x0D,0xD0,0x00,0x00,0x2F,0x90,0x0F,0xA0,0x00,0x00,0x0E,0xB0,
    0x0F,0xA0,0x00,0x00,0x0E,0xB0,0x0D,0xD0,0x00,0x00,0x1F,0x90,0x08,0xF6,0x00,0x00,0x9F,0x30,0x01,0xCF,0xA6,0x7B,0xF7,0x00,
    0x00,0x18,0xDF,0xEB,0x50,0x00,0x6F,0x35,0xCF,0xE9,0x10,0x6F,0x9D,0x76,0xAF,0xC1,0x6F,0xD1,0x00,0x07,0xF6,0x6F,0x60,0x00,
    0x00,0xFB,0x6F,0x40,0x00,0x00,0xDC,0x6F,0x30,0x00,0x00,0xEC,0x6F,0x50,0x00,0x02,0xF9,0x6F,0xC0,0x00,0x09,0xF4,0x6F,0xCC,
    0x76,0xBF,0x90,0x6F,0x48,0xDF,0xD7,0x00,0x6F,0x30,0x00,0x00,0x00,0x6F,0x30,0x00,0x00,0x00,0x6F,0x30,0x00,0x00,0x00,0x6F,
    0x30,0x00,0x00,0x00,0x6F,0x30,0x00,0x00,0x00,0x00,0x18,0xDF,0xD6,0x7F,0x20,0x00,0xCF,0x96,0x7E,0xCF,0x20,0x07,0xF6,0x00,
    0x01,0xEF,0x20,0x0D,0xD0,0x00,0x00,0x8F,0x20,0x0F,0xA0,0x00,0x00,0x7F,0x20,0x1F,0x90,0x00,0x00,0x7F,0x20,0x0E,0xC0,0x00,
    0x00,0x9F,0x20,0x0A,0xF4,0x00,0x03,0xFF,0x20,0x02,0xEF,0x86,0x8E,0xAF,0x20,0x00,0x2A,0xEE,0xB4,0x7F,0x20,0x00,0x00,0x00,
    0x00,0x7F,0x20,0x00,0x00,0x00,0x00,0x7F,0x20,0x00,0x00,0x00,0x00,0x7F,0x20,0x00,0x00,0x00,0x00,0x7F,0x20,0x00,0x00,0x00,
    0x00,0x7F,0x20,0x6F,0x49,0xEC,0x6F,0xC7,0x10,0x6F,0xA0,0x00,0x6F,0x50,0x00,0x6F,0x40,0x00,0x6F,0x30,0x00,0x6F,0x30,0x00,
    0x6F,0x30,0x00,0x6F,0x30,0x00,0x6F,0x30,0x00,0x06,0xCE,0xEB,0x10,0x8F,0x96,0x8D,0x30,0xEB,0x00,0x01,0x10,0xCE,0x30,0x00,
    0x00,0x4E,0xFB,0x40,0x00,0x01,0x7D,0xFB,0x10,0x00,0x00,0x7F,0x70,0x20,0x00,0x1F,0x90,0xE9,0x66,0xBF,0x30,0x8D,0xFE,0xA3,
    0x00,0x00,0x8A,0x00,0x00,0x00,0xDB,0x00,0x00,0x00,0xDB,0x00,0x00,0x9F,0xFF,0xFF,0x40,0x36,0xED,0x66,0x10,0x00,0xDB,0x00,
    0x00,0x00,0xDB,0x00,0x00,0x00,0xDB,0x00,0x00,0x00,0xDB,0x00,0x00,0x00,0xDB,0x00,0x00,0x00,0xCC,0x00,0x00,0x00,0x9F,0x87,
    0x30,0x00,0x1B,0xED,0x30,0x9F,0x00,0x00,0x0D,0xB0,0x9F,0x00,0x00,0x0D,0xB0,0x9F,0x00,0x00,0x0D,0xB0,0x9F,0x00,0x00,0x0D,
    0xB0,0x9F,0x00,0x00,0x0D,0xB0,0x9F,0x00,0x00,0x0E,0xB0,0x8F,0x10,0x00,0x1F,0xB0,0x6F,0x60,0x00,0x7F,0xB0,0x1E,0xF8,0x69,
    0xCE,0xB0,0x03,0xBE,0xEA,0x1D,0xB0,0xAF,0x10,0x00,0x06,0xF4,0x4F,0x60,0x00,0x0B,0xD0,0x0E,0xC0,0x00,0x2F,0x70,0x08,0xF2,
    0x00,0x7F,0x20,0x02,0xF7,0x00,0xDA,0x00,0x00,0xCC,0x03,0xF4,0x00,0x00,0x6F,0x39,0xD0,0x00,0x00,0x1E,0x7E,0x70,0x00,0x00,
    0x0A,0xDF,0x20,0x00,0x00,0x04,0xFA,0x00,0x00,0x9F,0x10,0x00,0x7F,0x40,0x00,0x7F,0x10,0x5F,0x50,0x00,0xCF,0x80,0x00,0xCC,
    0x00,0x1F,0x90,0x01,0xFB,0xC0,0x01,0xF7,0x00,0x0B,0xD0,0x06,0xD5,0xF2,0x05,0xF2,0x00,0x06,0xF2,0x0B,0x91,0xF6,0x09,0xD0,
    0x00,0x02,0xF6,0x1F,0x40,0xBA,0x0D,0x90,0x00,0x00,0xCB,0x5E,0x00,0x7E,0x2F,0x40,0x00,0x00,0x7E,0x9A,0x00,0x2F,0x9E,0x00,
    0x00,0x00,0x3F,0xE5,0x00,0x0D,0xEA,0x00,0x00,0x00,0x0D,0xF1,0x00,0x09,0xF6,0x00,0x00,0x4F,0x80,0x00,0x2F,0x90,0x0A,0xF2,
    0x00,0xBD,0x10,0x01,0xEA,0x05,0xF4,0x00,0x00,0x5F,0x4D,0x90,0x00,0x00,0x0B,0xFD,0x10,0x00,0x00,0x0A,0xFC,0x00,0x00,0x00,
    0x5F,0x6F,0x80,0x00,0x01,0xEA,0x08,0xF3,0x00,0x0B,0xE1,0x01,0xDD,0x00,0x6F,0x60,0x00,0x5F,0x80,0xAF,0x20,0x00,0x04,0xF6,
    0x4F,0x70,0x00,0x0A,0xE1,0x0D,0xC0,0x00,0x1E,0x90,0x07,0xF2,0x00,0x6F,0x30,0x02,0xF8,0x00,0xBC,0x00,0x00,0xBD,0x02,0xF6,
    0x00,0x00,0x5F,0x37,0xE1,0x00,0x00,0x0E,0x8D,0x90,0x00,0x00,0x08,0xEF,0x30,0x00,0x00,0x02,0xFC,0x00,0x00,0x00,0x02,0xF6,
    0x00,0x00,0x00,0x08,0xE1,0x00,0x00,0x00,0x1E,0x90,0x00,0x00,0x67,0xCE,0x10,0x00,0x00,0x7E,0xB3,0x00,0x00,0x00,0x2F,0xFF,
    0xFF,0xFF,0x70,0x16,0x66,0x66,0xEC,0x00,0x00,0x00,0x09,0xE2,0x00,0x00,0x00,0x5F,0x60,0x00,0x00,0x02,0xEA,0x00,0x00,0x00,
    0x0B,0xD1,0x00,0x00,0x00,0x7F,0x30,0x00,0x00,0x03,0xF7,0x00,0x00,0x00,0x1D,0xE6,0x66,0x66,0x30,0x9F,0xFF,0xFF,0xFF,0x80,
    0x00,0x06,0xD6,0x00,0x4F,0x92,0x00,0x8E,0x00,0x00,0x9D,0x00,0x00,0x9D,0x00,0x00,0x9D,0x00,0x00,0xAC,0x00,0x03,0xE8,0x00,
    0x1F,0xC1,0x00,0x05,0xF7,0x00,0x00,0xAC,0x00,0x00,0x9D,0x00,0x00,0x9D,0x00,0x00,0x9D,0x00,0x00,0x8E,0x00,0x00,0x4F,0x82,
    0x00,0x06,0xD6,0x5F,0x20,0x5F,0x20,0x5F,0x20,0x5F,0x20,0x5F,0x20,0x5F,0x20,0x5F,0x20,0x5F,0x20,0x5F,0x20,0x5F,0x20,0x5F,
    0x20,0x5F,0x20,0x5F,0x20,0x5F,0x20,0x5F,0x20,0x5F,0x20,0x5F,0x20,0x5F,0x20,0x5F,0x20,0x5F,0x20,0x5D,0x70,0x00,0x28,0xF4,
    0x00,0x00,0xD8,0x00,0x00,0xCA,0x00,0x00,0xCA,0x00,0x00,0xCA,0x00,0x00,0xBB,0x00,0x00,0x7F,0x40,0x00,0x0B,0xF2,0x00,0x6F,
    0x60,0x00,0xBB,0x00,0x00,0xCA,0x00,0x00,0xCA,0x00,0x00,0xCA,0x00,0x00,0xD9,0x00,0x18,0xF5,0x00,0x5D,0x70,0x00,0x19,0xED,
    0x50,0x00,0xB9,0x8E,0x68,0xFA,0x23,0xF5,0xC7,0x00,0x3D,0xFF,0xB0,0x42,0x00,0x00,0x43,0x00,
};
static const ui_glyph_t ui_font_m_glyphs[95] = {
    {0, 0, 0, 0, 0, 5}, /*   */
    {0, 3, 14, 1, 8, 6}, /* ! */
    {28, 6, 4, 1, 8, 8}, /* " */
    {40, 12, 13, 0, 8, 12}, /* # */
    {118, 9, 18, 1, 6, 11}, /* $ */
    {208, 16, 14, 0, 8, 16}, /* % */
    {320, 15, 14, 1, 8, 16}, /* & */
    {432, 3, 4, 1, 8, 5}, /* ' */
    {440, 5, 17, 1, 8, 6}, /* ( */
    {491, 5, 17, 0, 8, 6}, /* ) */
    {542, 8, 8, 0, 8, 8}, /* * */
    {574, 10, 10, 2, 12, 14}, /* + */
    {624, 4, 5, 0, 20, 4}, /* , */
    {634, 6, 2, 1, 16, 8}, /* - */
    {640, 3, 2, 1, 20, 4}, /* . */
    {644, 9, 16, -1, 8, 8}, /* / */
    {724, 10, 14, 0, 8, 11}, /* 0 */
    {794, 6, 14, 2, 8, 11}, /* 1 */
    {836, 9, 14, 1, 8, 11}, /* 2 */
    {906, 9, 14, 1, 8, 11}, /* 3 */
    {976, 11, 14, 0, 8, 11}, /* 4 */
    {1060, 9, 14, 1, 8, 11}, /* 5 */
    {1130, 9, 14, 1, 8, 11}, /* 6 */
    {1200, 10, 14, 0, 8, 11}, /* 7 */
    {1270, 10, 14, 0, 8, 11}, /* 8 */
    {1340, 10, 14, 0, 8, 11}, /* 9 */
    {1410, 3, 10, 1, 12, 4}, /* : */
    {1430, 4, 13, 0, 12, 4}, /* ; */
    {1456, 10, 10, 2, 11, 14}, /* < */
    {1506, 10, 6, 2, 13, 14}, /* = */
    {1536, 10, 10, 2, 11, 14}, /* > */
    {1586, 7, 14, 1, 8, 9}, /* ? */
    {1642, 17, 16, 1, 8, 19}, /* @ */
    {1786, 13, 14, 0, 8, 13}, /* A */
    {1884, 10, 14, 1, 8, 11}, /* B */
    {1954, 12, 14, 0, 8, 12}, /* C */
    {2038, 13, 14, 1, 8, 14}, /* D */
    {2136, 9, 14, 1, 8, 10}, /* E */
    {2206, 8, 14, 1, 8, 10}, /* F */
    {2262, 13, 14, 0, 8, 14}, /* G */
    {2360, 12, 14, 1, 8, 14}, /* H */
    {2444, 3, 14, 1, 8, 5}, /* I */
    {2472, 6, 14, 0, 8, 7}, /* J */
    {2514, 11, 14, 1, 8, 12}, /* K */
    {2598, 9, 14, 1, 8, 9}, /* L */
    {2668, 16, 14, 1, 8, 18}, /* M */
    {2780, 13, 14, 1, 8, 15}, /* N */
    {2878, 15, 14, 0, 8, 15}, /* O */
    {2990, 10, 14, 1, 8, 11}, /* P */
    {3060, 16, 16, 0, 8, 15}, /* Q */
    {3188, 11, 14, 1, 8, 12}, /* R */
    {3272, 9, 14, 1, 8, 11}, /* S */
    {3342, 11, 14, 0, 8, 10}, /* T */
    {3426, 12, 14, 1, 8, 14}, /* U */
    {3510, 13, 14, 0, 8, 12}, /* V */
    {3608, 19, 14, 0, 8, 19}, /* W */
    {3748, 12, 14, 0, 8, 12}, /* X */
    {3832, 11, 14, 0, 8, 11}, /* Y */
    {3916, 11, 14, 0, 8, 11}, /* Z */
    {4000, 5, 17, 1, 8, 6}, /* [ */
    {4051, 9, 16, -1, 8, 8}, /* backslash */
    {4131, 5, 17, 0, 8, 6}, /* ] */
    {4182, 10, 8, 2, 8, 14}, /* ^ */
    {4222, 9, 2, 0, 23, 8}, /* _ */
    {4232, 5, 3, 0, 7, 5}, /* ` */
    {4241, 9, 10, 0, 12, 10}, /* a */
    {4291, 10, 15, 1, 7, 12}, /* b */
    {4366, 9, 10, 0, 12, 9}, /* c */
    {4416, 11, 15, 0, 7, 12}, /* d */
    {4506, 10, 10, 0, 12, 10}, /* e */
    {4556, 7, 15, 0, 7, 6}, /* f */
    {4616, 11, 15, 0, 12, 12}, /* g */
    {4706, 9, 15, 1, 7, 11}, /* h */
    {4781, 3, 15, 1, 7, 5}, /* i */
    {4811, 6, 20, -2, 7, 5}, /* j */
    {4871, 9, 15, 1, 7, 10}, /* k */
    {4946, 3, 15, 1, 7, 5}, /* l */
    {4976, 15, 10, 1, 12, 17}, /* m */
    {5056, 9, 10, 1, 12, 11}, /* n */
    {5106, 11, 10, 0, 12, 12}, /* o */
    {5166, 10, 15, 1, 12, 12}, /* p */
    {5241, 11, 15, 0, 12, 12}, /* q */
    {5331, 6, 10, 1, 12, 7}, /* r */
    {5361, 7, 10, 1, 12, 8}, /* s */
    {5401, 7, 13, 0, 9, 7}, /* t */
    {5453, 9, 10, 1, 12, 11}, /* u */
    {5503, 10, 10, 0, 12, 10}, /* v */
    {5553, 15, 10, 0, 12, 14}, /* w */
    {5633, 9, 10, 0, 12, 9}, /* x */
    {5683, 10, 15, 0, 12, 10}, /* y */
    {5758, 9, 10, 0, 12, 9}, /* z */
    {5808, 6, 17, 0, 8, 6}, /* { */
    {5859, 3, 20, 1, 7, 5}, /* | */
    {5899, 6, 17, 0, 8, 6}, /* } */
    {5950, 10, 4, 2, 15, 14}, /* ~ */
};
const ui_font_t ui_font_m = {28, 22, 8, ui_font_m_glyphs, ui_font_m_bits};

/* segoeuisl.ttf 30 px: 11954 bytes of 4-bit coverage */
static const uint8_t ui_font_l_bits[] = {
    0x0C,0xF4,0x0C,0xF3,0x0C,0xF3,0x0B,0xF3,0x0B,0xF3,0x0B,0xF3,0x0B,0xF2,0x0A,0xF2,0x0A,0xF2,0x0A,0xF2,0x0A,0xF2,0x0A,0xF1,
    0x09,0xF1,0x09,0xF1,0x09,0xF1,0x00,0x00,0x00,0x00,0x00,0x00,0x07,0xB3,0x1F,0xF9,0x0B,0xE4,0x8F,0x30,0x4F,0x60,0x8F,0x30,
    0x4F,0x60,0x8F,0x30,0x4F,0x60,0x8F,0x30,0x4F,0x60,0x8F,0x30,0x4F,0x60,0x8F,0x30,0x4F,0x60,0x8F,0x30,0x4F,0x60,0x00,0x00,
    0x00,0x09,0xD0,0x00,0x4F,0x30,0x00,0x00,0x00,0x00,0x0D,0xA0,0x00,0x8F,0x00,0x00,0x00,0x00,0x00,0x1F,0x70,0x00,0xBC,0x00,
    0x00,0x00,0x00,0x00,0x4F,0x40,0x00,0xE8,0x00,0x00,0x00,0x00,0x00,0x7F,0x10,0x02,0xF5,0x00,0x00,0x00,0x00,0x00,0xAD,0x00,
    0x05,0xF2,0x00,0x00,0x01,0xFF,0xFF,0xFF,0xFF,0xFF,0xFF,0xFF,0xD0,0x01,0x55,0x56,0xF9,0x55,0x5D,0xC5,0x55,0x40,0x00,0x00,
    0x05,0xF3,0x00,0x0F,0x80,0x00,0x00,0x00,0x00,0x08,0xE0,0x00,0x4F,0x40,0x00,0x00,0x00,0x00,0x0C,0xB0,0x00,0x7F,0x10,0x00,
    0x00,0x05,0x55,0x5F,0xA5,0x55,0xCD,0x55,0x55,0x00,0x3F,0xFF,0xFF,0xFF,0xFF,0xFF,0xFF,0xFA,0x00,0x00,0x00,0x7F,0x10,0x02,
    0xF6,0x00,0x00,0x00,0x00,0x00,0xAD,0x00,0x05,0xF2,0x00,0x00,0x00,0x00,0x00,0xDA,0x00,0x08,0xE0,0x00,0x00,0x00,0x00,0x01,
    0xF7,0x00,0x0C,0xB0,0x00,0x00,0x00,0x00,0x04,0xF3,0x00,0x0E,0x80,0x00,0x00,0x00,0x00,0x07,0xF1,0x00,0x3F,0x50,0x00,0x00,
    0x00,0x00,0x00,0x0A,0xA0,0x00,0x00,0x00,0x00,0x0A,0xA0,0x00,0x00,0x00,0x00,0x0A,0xA0,0x00,0x00,0x00,0x06,0xBF,0xFE,0xC9,
    0x30,0x01,0xBF,0xEE,0xDC,0xEF,0x80,0x0B,0xF9,0x1A,0xA0,0x04,0x50,0x4F,0xC0,0x0A,0xA0,0x00,0x00,0x8F,0x60,0x0A,0xA0,0x00,
    0x00,0x9F,0x50,0x0A,0xA0,0x00,0x00,0x8F,0x80,0x0A,0xA0,0x00,0x00,0x3F,0xE3,0x0A,0xA0,0x00,0x00,0x08,0xFE,0x5A,0xA0,0x00,
    0x00,0x00,0x7F,0xFF,0xA0,0x00,0x00,0x00,0x03,0xCF,0xF9,0x10,0x00,0x00,0x00,0x0B,0xFF,0xE5,0x00,0x00,0x00,0x0A,0xA8,0xFF,
    0x60,0x00,0x00,0x0A,0xA0,0x5F,0xF2,0x00,0x00,0x0A,0xA0,0x09,0xF8,0x00,0x00,0x0A,0xA0,0x05,0xFA,0x00,0x00,0x0A,0xA0,0x05,
    0xF9,0x10,0x00,0x0A,0xA0,0x0A,0xF5,0x99,0x20,0x0A,0xA1,0x8F,0xC0,0x8F,0xFD,0xBD,0xEE,0xFC,0x20,0x05,0xAD,0xEF,0xEB,0x60,
    0x00,0x00,0x00,0x0A,0xA0,0x00,0x00,0x00,0x00,0x0A,0xA0,0x00,0x00,0x00,0x00,0x0A,0xA0,0x00,0x00,0x00,0x4B,0xEF,0xC7,0x00,
    0x00,0x00,0x00,0xBE,0x10,0x00,0x06,0xFD,0x77,0xBF,0xA0,0x00,0x00,0x05,0xF6,0x00,0x00,0x2F,0xC1,0x00,0x08,0xF5,0x00,0x00,
    0x1E,0xC0,0x00,0x00,0x7F,0x40,0x00,0x01,0xEB,0x00,0x00,0x9F,0x30,0x00,0x00,0xBF,0x00,0x00,0x00,0xCE,0x00,0x03,0xF8,0x00,
    0x00,0x00,0xCD,0x00,0x00,0x00,0xBE,0x00,0x0C,0xD1,0x00,0x00,0x00,0xBE,0x00,0x00,0x00,0xCD,0x00,0x7F,0x50,0x00,0x00,0x00,
    0x8F,0x30,0x00,0x01,0xFA,0x02,0xEA,0x00,0x00,0x00,0x00,0x3F,0xB0,0x00,0x09,0xF3,0x0A,0xE2,0x00,0x00,0x00,0x00,0x07,0xFC,
    0x77,0xBF,0x80,0x5F,0x70,0x00,0x00,0x00,0x00,0x00,0x5B,0xEE,0xB5,0x01,0xDC,0x00,0x3B,0xEF,0xC7,0x00,0x00,0x00,0x00,0x00,
    0x08,0xF3,0x05,0xFD,0x87,0xBF,0xA0,0x00,0x00,0x00,0x00,0x3F,0x90,0x2E,0xC1,0x00,0x08,0xF5,0x00,0x00,0x00,0x00,0xCE,0x10,
    0x7F,0x40,0x00,0x01,0xEB,0x00,0x00,0x00,0x06,0xF5,0x00,0xBF,0x00,0x00,0x00,0xCD,0x00,0x00,0x00,0x1E,0xB0,0x00,0xCD,0x00,
    0x00,0x00,0xAE,0x00,0x00,0x00,0xAF,0x20,0x00,0xBE,0x00,0x00,0x00,0xCD,0x00,0x00,0x04,0xF7,0x00,0x00,0x8F,0x30,0x00,0x01,
    0xFA,0x00,0x00,0x1D,0xD0,0x00,0x00,0x3F,0xB0,0x00,0x09,0xF3,0x00,0x00,0x8F,0x40,0x00,0x00,0x07,0xFC,0x77,0xBF,0x80,0x00,
    0x02,0xF9,0x00,0x00,0x00,0x00,0x5B,0xEE,0xB5,0x00,0x00,0x00,0x02,0x8D,0xFE,0xB4,0x00,0x00,0x00,0x00,0x00,0x00,0x3E,0xFC,
    0x9B,0xFF,0x70,0x00,0x00,0x00,0x00,0x01,0xEF,0x50,0x00,0x4F,0xF2,0x00,0x00,0x00,0x00,0x06,0xF9,0x00,0x00,0x09,0xF6,0x00,
    0x00,0x00,0x00,0x08,0xF6,0x00,0x00,0x06,0xF7,0x00,0x00,0x00,0x00,0x08,0xF6,0x00,0x00,0x09,0xF5,0x00,0x00,0x00,0x00,0x04,
    0xFC,0x00,0x00,0x2E,0xE1,0x00,0x00,0x00,0x00,0x00,0xCF,0x50,0x03,0xDF,0x50,0x00,0x00,0x00,0x00,0x00,0x3F,0xE4,0x9F,0xE5,
    0x00,0x00,0x00,0x00,0x00,0x00,0x08,0xFF,0xF9,0x10,0x00,0x00,0x00,0x00,0x00,0x01,0x9F,0xFF,0xE2,0x00,0x00,0x00,0xAF,0x20,
    0x00,0x3D,0xFA,0x28,0xFD,0x20,0x00,0x00,0xCF,0x10,0x01,0xEF,0x50,0x00,0x9F,0xD2,0x00,0x00,0xED,0x00,0x09,0xF7,0x00,0x00,
    0x09,0xFD,0x20,0x04,0xF9,0x00,0x0E,0xF1,0x00,0x00,0x00,0x9F,0xE3,0x0A,0xF3,0x00,0x1F,0xD0,0x00,0x00,0x00,0x09,0xFE,0x5F,
    0xC0,0x00,0x0F,0xE1,0x00,0x00,0x00,0x00,0x8F,0xFF,0x30,0x00,0x0B,0xF7,0x00,0x00,0x00,0x00,0x2E,0xFE,0x30,0x00,0x03,0xFF,
    0x81,0x00,0x00,0x28,0xEF,0xBF,0xE3,0x00,0x00,0x5E,0xFE,0xBA,0xBD,0xFF,0xC3,0x08,0xFE,0x30,0x00,0x01,0x7C,0xEF,0xEC,0x94,
    0x00,0x00,0x8F,0xE4,0x00,0x00,0x00,0x00,0x00,0x00,0x00,0x00,0x00,0x00,0x8F,0x30,0x8F,0x30,0x8F,0x30,0x8F,0x30,0x8F,0x30,
    0x8F,0x30,0x8F,0x30,0x00,0x00,0xBE,0x20,0x00,0x07,0xF5,0x00,0x00,0x2F,0xA0,0x00,0x00,0xAF,0x20,0x00,0x03,0xF9,0x00,0x00,
    0x09,0xF3,0x00,0x00,0x0E,0xD0,0x00,0x00,0x3F,0x80,0x00,0x00,0x6F,0x50,0x00,0x00,0x9F,0x20,0x00,0x00,0xBF,0x00,0x00,0x00,
    0xCE,0x00,0x00,0x00,0xDD,0x00,0x00,0x00,0xDD,0x00,0x00,0x00,0xCE,0x00,0x00,0x00,0xBF,0x00,0x00,0x00,0x9F,0x20,0x00,0x00,
    0x7F,0x50,0x00,0x00,0x4F,0x80,0x00,0x00,0x0E,0xD0,0x00,0x00,0x09,0xF3,0x00,0x00,0x03,0xF9,0x00,0x00,0x00,0xBF,0x20,0x00,
    0x00,0x3F,0xA0,0x00,0x00,0x08,0xF4,0x00,0x00,0x00,0xBE,0x10,0x4F,0x80,0x00,0x00,0x08,0xF4,0x00,0x00,0x01,0xDD,0x10,0x00,
    0x00,0x5F,0x70,0x00,0x00,0x0D,0xE0,0x00,0x00,0x07,0xF5,0x00,0x00,0x01,0xFA,0x00,0x00,0x00,0xCE,0x00,0x00,0x00,0x9F,0x30,
    0x00,0x00,0x6F,0x50,0x00,0x00,0x4F,0x70,0x00,0x00,0x2F,0x90,0x00,0x00,0x2F,0x90,0x00,0x00,0x2F,0x90,0x00,0x00,0x2F,0x90,
    0x00,0x00,0x4F,0x80,0x00,0x00,0x5F,0x60,0x00,0x00,0x8F,0x30,0x00,0x00,0xCF,0x00,0x00,0x01,0xFB,0x00,0x00,0x06,0xF6,0x00,
    0x00,0x0D,0xE1,0x00,0x00,0x5F,0x70,0x00,0x00,0xDD,0x10,0x00,0x08,0xF4,0x00,0x00,0x4F,0x80,0x00,0x00,0x00,0x00,0xAF,0x00,
    0x00,0x00,0x00,0x00,0x9E,0x00,0x00,0x00,0x00,0x00,0x8D,0x00,0x00,0x00,0x89,0x40,0x7C,0x02,0x7C,0x00,0x8D,0xFE,0xCE,0xCF,
    0xEB,0x20,0x00,0x15,0xEF,0x92,0x00,0x00,0x00,0x08,0xE9,0xD1,0x00,0x00,0x00,0x5F,0x51,0xDB,0x00,0x00,0x02,0xEB,0x00,0x5F,
    0x80,0x00,0x03,0xB2,0x00,0x0A,0x60,0x00,0x00,0x00,0x00,0xCC,0x00,0x00,0x00,0x00,0x00,0x00,0xCC,0x00,0x00,0x00,0x00,0x00,
    0x00,0xCC,0x00,0x00,0x00,0x00,0x00,0x00,0xCC,0x00,0x00,0x00,0x00,0x00,0x00,0xCC,0x00,0x00,0x00,0x00,0x00,0x00,0xCC,0x00,
    0x00,0x00,0xCF,0xFF,0xFF,0xFF,0xFF,0xFF,0xFC,0x79,0x99,0x99,0xEE,0x99,0x99,0x97,0x00,0x00,0x00,0xCC,0x00,0x00,0x00,0x00,
    0x00,0x00,0xCC,0x00,0x00,0x00,0x00,0x00,0x00,0xCC,0x00,0x00,0x00,0x00,0x00,0x00,0xCC,0x00,0x00,0x00,0x00,0x00,0x00,0xCC,
    0x00,0x00,0x00,0x00,0x00,0x00,0x67,0x00,0x00,0x00,0x00,0x8F,0x50,0x00,0xDE,0x00,0x02,0xF9,0x00,0x06,0xF4,0x00,0x0A,0xE0,
    0x00,0x0E,0x90,0x00,0x4F,0x30,0x00,0xDF,0xFF,0xFF,0xFF,0x20,0x89,0x99,0x99,0x99,0x10,0x08,0xB3,0x1F,0xFA,0x0A,0xE5,0x00,
    0x00,0x00,0x00,0x00,0x7F,0x50,0x00,0x00,0x00,0x00,0x00,0xDE,0x00,0x00,0x00,0x00,0x00,0x05,0xF7,0x00,0x00,0x00,0x00,0x00,
    0x0B,0xF1,0x00,0x00,0x00,0x00,0x00,0x3F,0xA0,0x00,0x00,0x00,0x00,0x00,0x9F,0x30,0x00,0x00,0x00,0x00,0x01,0xEC,0x00,0x00,
    0x00,0x00,0x00,0x07,0xF6,0x00,0x00,0x00,0x00,0x00,0x0D,0xE0,0x00,0x00,0x00,0x00,0x00,0x4F,0x80,0x00,0x00,0x00,0x00,0x00,
    0xBF,0x20,0x00,0x00,0x00,0x00,0x02,0xFA,0x00,0x00,0x00,0x00,0x00,0x08,0xF4,0x00,0x00,0x00,0x00,0x00,0x1E,0xC0,0x00,0x00,
    0x00,0x00,0x00,0x6F,0x60,0x00,0x00,0x00,0x00,0x00,0xCE,0x10,0x00,0x00,0x00,0x00,0x04,0xF8,0x00,0x00,0x00,0x00,0x00,0x0A,
    0xF2,0x00,0x00,0x00,0x00,0x00,0x2F,0xA0,0x00,0x00,0x00,0x00,0x00,0x8F,0x40,0x00,0x00,0x00,0x00,0x00,0xED,0x00,0x00,0x00,
    0x00,0x00,0x06,0xF6,0x00,0x00,0x00,0x00,0x00,0x0C,0xE1,0x00,0x00,0x00,0x00,0x00,0x3F,0x90,0x00,0x00,0x00,0x00,0x00,0x00,
    0x00,0x6C,0xEE,0xD8,0x10,0x00,0x00,0x1B,0xFE,0xBB,0xEF,0xD2,0x00,0x00,0xBF,0x91,0x00,0x1A,0xFC,0x00,0x05,0xFB,0x00,0x00,
    0x00,0xCF,0x50,0x0B,0xF3,0x00,0x00,0x00,0x5F,0xB0,0x1F,0xD0,0x00,0x00,0x00,0x1F,0xE0,0x5F,0x90,0x00,0x00,0x00,0x0C,0xF3,
    0x7F,0x70,0x00,0x00,0x00,0x0A,0xF5,0x9F,0x50,0x00,0x00,0x00,0x08,0xF6,0xAF,0x40,0x00,0x00,0x00,0x07,0xF7,0xAF,0x40,0x00,
    0x00,0x00,0x07,0xF7,0xAF,0x40,0x00,0x00,0x00,0x07,0xF7,0xAF,0x40,0x00,0x00,0x00,0x08,0xF6,0x8F,0x60,0x00,0x00,0x00,0x0A,
    0xF4,0x6F,0x80,0x00,0x00,0x00,0x0C,0xF2,0x3F,0xC0,0x00,0x00,0x00,0x1F,0xD0,0x0E,0xF2,0x00,0x00,0x00,0x6F,0x80,0x07,0xF9,
    0x00,0x00,0x00,0xDF,0x20,0x01,0xDF,0x70,0x00,0x1A,0xF8,0x00,0x00,0x3E,0xFD,0xAA,0xEF,0x90,0x00,0x00,0x01,0x8D,0xFE,0xB5,
    0x00,0x00,0x00,0x00,0x04,0xD2,0x00,0x01,0x9F,0xF2,0x02,0x8E,0xED,0xF2,0x9F,0xF9,0x1C,0xF2,0xA8,0x20,0x0C,0xF2,0x00,0x00,
    0x0C,0xF2,0x00,0x00,0x0C,0xF2,0x00,0x00,0x0C,0xF2,0x00,0x00,0x0C,0xF2,0x00,0x00,0x0C,0xF2,0x00,0x00,0x0C,0xF2,0x00,0x00,
    0x0C,0xF2,0x00,0x00,0x0C,0xF2,0x00,0x00,0x0C,0xF2,0x00,0x00,0x0C,0xF2,0x00,0x00,0x0C,0xF2,0x00,0x00,0x0C,0xF2,0x00,0x00,
    0x0C,0xF2,0x00,0x00,0x0C,0xF2,0x00,0x00,0x0C,0xF2,0x00,0x00,0x0C,0xF2,0x00,0x05,0xAD,0xFE,0xB6,0x00,0x00,0x03,0xDF,0xEB,
    0xAB,0xFF,0xC1,0x00,0x0A,0xE7,0x10,0x00,0x1B,0xFB,0x00,0x08,0x20,0x00,0x00,0x01,0xEF,0x30,0x00,0x00,0x00,0x00,0x00,0x8F,
    0x60,0x00,0x00,0x00,0x00,0x00,0x6F,0x70,0x00,0x00,0x00,0x00,0x00,0x7F,0x60,0x00,0x00,0x00,0x00,0x00,0xBF,0x30,0x00,0x00,
    0x00,0x00,0x03,0xFD,0x00,0x00,0x00,0x00,0x00,0x1C,0xF4,0x00,0x00,0x00,0x00,0x01,0xCF,0x70,0x00,0x00,0x00,0x00,0x4D,0xF7,
    0x00,0x00,0x00,0x00,0x07,0xFE,0x40,0x00,0x00,0x00,0x01,0xBF,0xB1,0x00,0x00,0x00,0x00,0x2D,0xF7,0x00,0x00,0x00,0x00,0x01,
    0xDF,0x40,0x00,0x00,0x00,0x00,0x0A,0xF5,0x00,0x00,0x00,0x00,0x00,0x2F,0xD0,0x00,0x00,0x00,0x00,0x00,0x6F,0x90,0x00,0x00,
    0x00,0x00,0x00,0x7F,0xDA,0xAA,0xAA,0xAA,0xAA,0xA0,0x8F,0xFF,0xFF,0xFF,0xFF,0xFF,0xE0,0x00,0x49,0xCE,0xFD,0x93,0x00,0x00,
    0x05,0xFF,0xCA,0xAD,0xFF,0x70,0x00,0x05,0x81,0x00,0x00,0x5E,0xF4,0x00,0x00,0x00,0x00,0x00,0x07,0xF9,0x00,0x00,0x00,0x00,
    0x00,0x03,0xFC,0x00,0x00,0x00,0x00,0x00,0x03,0xFB,0x00,0x00,0x00,0x00,0x00,0x06,0xF7,0x00,0x00,0x00,0x00,0x00,0x2D,0xE1,
    0x00,0x00,0x00,0x01,0x37,0xED,0x30,0x00,0x00,0x2F,0xFF,0xFE,0x70,0x00,0x00,0x00,0x19,0x9A,0xCF,0xFC,0x30,0x00,0x00,0x00,
    0x00,0x01,0x6E,0xF4,0x00,0x00,0x00,0x00,0x00,0x03,0xFE,0x10,0x00,0x00,0x00,0x00,0x00,0xAF,0x50,0x00,0x00,0x00,0x00,0x00,
    0x7F,0x70,0x00,0x00,0x00,0x00,0x00,0x7F,0x70,0x00,0x00,0x00,0x00,0x00,0xAF,0x40,0x00,0x00,0x00,0x00,0x03,0xFD,0x00,0x39,
    0x30,0x00,0x00,0x5E,0xF4,0x00,0x3F,0xFD,0xBA,0xBE,0xFE,0x50,0x00,0x04,0x9C,0xEF,0xEB,0x71,0x00,0x00,0x00,0x00,0x00,0x00,
    0x00,0xBF,0x80,0x00,0x00,0x00,0x00,0x00,0x03,0xFF,0x80,0x00,0x00,0x00,0x00,0x00,0x0C,0xFF,0x80,0x00,0x00,0x00,0x00,0x00,
    0x6F,0xAF,0x80,0x00,0x00,0x00,0x00,0x02,0xEB,0x5F,0x80,0x00,0x00,0x00,0x00,0x0B,0xF2,0x5F,0x80,0x00,0x00,0x00,0x00,0x6F,
    0x70,0x5F,0x80,0x00,0x00,0x00,0x02,0xEC,0x00,0x5F,0x80,0x00,0x00,0x00,0x0C,0xE2,0x00,0x5F,0x80,0x00,0x00,0x00,0x9F,0x60,
    0x00,0x5F,0x80,0x00,0x00,0x05,0xFA,0x00,0x00,0x5F,0x80,0x00,0x00,0x3E,0xD1,0x00,0x00,0x5F,0x80,0x00,0x02,0xEE,0x20,0x00,
    0x00,0x5F,0x80,0x00,0x1C,0xF4,0x00,0x00,0x00,0x5F,0x80,0x00,0x4F,0xFF,0xFF,0xFF,0xFF,0xFF,0xFF,0xFC,0x3B,0xBB,0xBB,0xBB,
    0xBB,0xCF,0xDB,0xB9,0x00,0x00,0x00,0x00,0x00,0x5F,0x80,0x00,0x00,0x00,0x00,0x00,0x00,0x5F,0x80,0x00,0x00,0x00,0x00,0x00,
    0x00,0x5F,0x80,0x00,0x00,0x00,0x00,0x00,0x00,0x5F,0x80,0x00,0x00,0x00,0x00,0x00,0x00,0x5F,0x80,0x00,0x07,0xFF,0xFF,0xFF,
    0xFF,0xC0,0x08,0xFB,0xBB,0xBB,0xBB,0x80,0x09,0xF2,0x00,0x00,0x00,0x00,0x0A,0xF1,0x00,0x00,0x00,0x00,0x0B,0xF0,0x00,0x00,
    0x00,0x00,0x0C,0xE0,0x00,0x00,0x00,0x00,0x0C,0xD0,0x00,0x00,0x00,0x00,0x0D,0xC0,0x00,0x00,0x00,0x00,0x0E,0xFE,0xFE,0xD9,
    0x30,0x00,0x0C,0xBA,0xAC,0xEF,0xF9,0x00,0x00,0x00,0x00,0x06,0xEF,0x90,0x00,0x00,0x00,0x00,0x3F,0xF2,0x00,0x00,0x00,0x00,
    0x09,0xF7,0x00,0x00,0x00,0x00,0x05,0xF9,0x00,0x00,0x00,0x00,0x04,0xFA,0x00,0x00,0x00,0x00,0x05,0xF9,0x00,0x00,0x00,0x00,
    0x0A,0xF5,0x00,0x00,0x00,0x00,0x3F,0xE1,0x85,0x00,0x00,0x05,0xEF,0x50,0xAF,0xEB,0x9A,0xEF,0xE6,0x00,0x39,0xDE,0xFE,0xC7,
    0x10,0x00,0x00,0x00,0x02,0x8C,0xEF,0xDA,0x30,0x00,0x00,0x6E,0xFD,0xBA,0xCF,0x50,0x00,0x06,0xFD,0x50,0x00,0x01,0x20,0x00,
    0x3F,0xD2,0x00,0x00,0x00,0x00,0x00,0xCF,0x30,0x00,0x00,0x00,0x00,0x03,0xFA,0x00,0x00,0x00,0x00,0x00,0x08,0xF5,0x00,0x00,
    0x00,0x00,0x00,0x0C,0xF1,0x00,0x00,0x00,0x00,0x00,0x0F,0xD0,0x29,0xDF,0xEB,0x50,0x00,0x2F,0xB4,0xEE,0xBA,0xCF,0xFA,0x00,
    0x3F,0xBE,0xA1,0x00,0x03,0xDF,0x80,0x4F,0xFB,0x00,0x00,0x00,0x3F,0xF1,0x4F,0xF2,0x00,0x00,0x00,0x0A,0xF6,0x3F,0xD0,0x00,
    0x00,0x00,0x07,0xF8,0x1F,0xD0,0x00,0x00,0x00,0x05,0xF8,0x0D,0xE0,0x00,0x00,0x00,0x07,0xF7,0x09,0xF5,0x00,0x00,0x00,0x0B,
    0xF4,0x03,0xFD,0x00,0x00,0x00,0x4F,0xD0,0x00,0x9F,0xB1,0x00,0x04,0xEF,0x40,0x00,0x0B,0xFF,0xBA,0xDF,0xE5,0x00,0x00,0x00,
    0x6B,0xEF,0xD8,0x20,0x00,0xFF,0xFF,0xFF,0xFF,0xFF,0xFF,0xF2,0xAB,0xBB,0xBB,0xBB,0xBB,0xCF,0xB0,0x00,0x00,0x00,0x00,0x00,
    0x9F,0x30,0x00,0x00,0x00,0x00,0x02,0xFA,0x00,0x00,0x00,0x00,0x00,0x0A,0xF2,0x00,0x00,0x00,0x00,0x00,0x3F,0x90,0x00,0x00,
    0x00,0x00,0x00,0xBF,0x20,0x00,0x00,0x00,0x00,0x03,0xF9,0x00,0x00,0x00,0x00,0x00,0x0A,0xF2,0x00,0x00,0x00,0x00,0x00,0x2F,
    0xA0,0x00,0x00,0x00,0x00,0x00,0x9F,0x30,0x00,0x00,0x00,0x00,0x01,0xEC,0x00,0x00,0x00,0x00,0x00,0x06,0xF6,0x00,0x00,0x00,
    0x00,0x00,0x0C,0xF1,0x00,0x00,0x00,0x00,0x00,0x2F,0xB0,0x00,0x00,0x00,0x00,0x00,0x7F,0x60,0x00,0x00,0x00,0x00,0x00,0xCF,
    0x20,0x00,0x00,0x00,0x00,0x01,0xFD,0x00,0x00,0x00,0x00,0x00,0x05,0xFA,0x00,0x00,0x00,0x00,0x00,0x08,0xF7,0x00,0x00,0x00,
    0x00,0x00,0x0B,0xF4,0x00,0x00,0x00,0x00,0x00,0x01,0x8C,0xEE,0xC7,0x10,0x00,0x00,0x3E,0xFD,0xAA,0xEF,0xD2,0x00,0x01,0xEF,
    0x80,0x00,0x1A,0xFC,0x00,0x07,0xFA,0x00,0x00,0x00,0xCF,0x50,0x0A,0xF4,0x00,0x00,0x00,0x6F,0x90,0x0B,0xF3,0x00,0x00,0x00,
    0x5F,0x90,0x08,0xF6,0x00,0x00,0x00,0x8F,0x60,0x02,0xFD,0x10,0x00,0x02,0xEE,0x10,0x00,0x5F,0xD5,0x11,0x6E,0xE3,0x00,0x00,
    0x03,0xEF,0xFF,0xFD,0x20,0x00,0x00,0x3C,0xFD,0xAA,0xDF,0xC3,0x00,0x03,0xEE,0x40,0x00,0x07,0xEE,0x20,0x0D,0xF4,0x00,0x00,
    0x00,0x5F,0xB0,0x4F,0xA0,0x00,0x00,0x00,0x0D,0xF2,0x7F,0x70,0x00,0x00,0x00,0x09,0xF5,0x8F,0x70,0x00,0x00,0x00,0x09,0xF6,
    0x6F,0xA0,0x00,0x00,0x00,0x0D,0xF3,0x1E,0xF3,0x00,0x00,0x00,0x5F,0xD0,0x07,0xFE,0x50,0x00,0x07,0xEF,0x50,0x00,0x8F,0xFD,
    0xAB,0xEF,0xF7,0x00,0x00,0x03,0x9D,0xFE,0xD9,0x20,0x00,0x00,0x02,0x8C,0xEE,0xC7,0x00,0x00,0x00,0x5E,0xFD,0xAB,0xFF,0xC1,
    0x00,0x04,0xFE,0x50,0x00,0x1B,0xFA,0x00,0x0C,0xF5,0x00,0x00,0x00,0xCF,0x40,0x3F,0xB0,0x00,0x00,0x00,0x4F,0x90,0x7F,0x70,
    0x00,0x00,0x00,0x0E,0xE0,0x8F,0x60,0x00,0x00,0x00,0x0C,0xF1,0x8F,0x70,0x00,0x00,0x00,0x0C,0xF3,0x5F,0xB0,0x00,0x00,0x00,
    0x1F,0xF4,0x1E,0xF3,0x00,0x00,0x00,0xAF,0xF4,0x07,0xFE,0x50,0x00,0x1A,0xEB,0xF4,0x00,0x9F,0xFD,0xBB,0xEF,0x5A,0xF3,0x00,
    0x04,0xAE,0xFD,0x93,0x0C,0xF1,0x00,0x00,0x00,0x00,0x00,0x0E,0xD0,0x00,0x00,0x00,0x00,0x00,0x3F,0xA0,0x00,0x00,0x00,0x00,
    0x00,0x8F,0x50,0x00,0x00,0x00,0x00,0x01,0xED,0x00,0x00,0x00,0x00,0x00,0x0B,0xF6,0x00,0x02,0x20,0x00,0x03,0xCF,0x90,0x00,
    0x07,0xFC,0xAA,0xDF,0xF8,0x00,0x00,0x03,0xAD,0xEE,0xD9,0x30,0x00,0x00,0x0A,0xE5,0x1F,0xFA,0x08,0xB3,0x00,0x00,0x00,0x00,
    0x00,0x00,0x00,0x00,0x00,0x00,0x00,0x00,0x00,0x00,0x00,0x00,0x00,0x00,0x08,0xB3,0x1F,0xFA,0x0A,0xE5,0x00,0x9E,0x60,0x00,
    0xFF,0xB0,0x00,0x6B,0x40,0x00,0x00,0x00,0x00,0x00,0x00,0x00,0x00,0x00,0x00,0x00,0x00,0x00,0x00,0x00,0x00,0x00,0x00,0x00,
    0x00,0x00,0x00,0x00,0x00,0x00,0x00,0x00,0x00,0x8F,0x50,0x00,0xDE,0x00,0x02,0xF9,0x00,0x06,0xF4,0x00,0x0A,0xE0,0x00,0x0E,
    0x90,0x00,0x4F,0x30,0x00,0x00,0x00,0x00,0x00,0x00,0x01,0x93,0x00,0x00,0x00,0x00,0x00,0x7E,0xF3,0x00,0x00,0x00,0x00,0x5D,
    0xFC,0x30,0x00,0x00,0x00,0x3B,0xFD,0x50,0x00,0x00,0x00,0x19,0xFE,0x70,0x00,0x00,0x00,0x07,0xEF,0x91,0x00,0x00,0x00,0x05,
    0xDF,0xB3,0x00,0x00,0x00,0x00,0x2E,0xFD,0x30,0x00,0x00,0x00,0x00,0x01,0x8E,0xFA,0x30,0x00,0x00,0x00,0x00,0x01,0x8E,0xFA,
    0x30,0x00,0x00,0x00,0x00,0x01,0x8F,0xFA,0x30,0x00,0x00,0x00,0x00,0x02,0x9F,0xFA,0x30,0x00,0x00,0x00,0x00,0x02,0x9F,0xF3,
    0x00,0x00,0x00,0x00,0x00,0x02,0xA3,0xCF,0xFF,0xFF,0xFF,0xFF,0xFF,0xFC,0x79,0x99,0x99,0x99,0x99,0x99,0x97,0x00,0x00,0x00,
    0x00,0x00,0x00,0x00,0x00,0x00,0x00,0x00,0x00,0x00,0x00,0x00,0x00,0x00,0x00,0x00,0x00,0x00,0x00,0x00,0x00,0x00,0x00,0x00,
    0x00,0x79,0x99,0x99,0x99,0x99,0x99,0x97,0xCF,0xFF,0xFF,0xFF,0xFF,0xFF,0xFC,0x39,0x10,0x00,0x00,0x00,0x00,0x00,0x2F,0xE7,
    0x00,0x00,0x00,0x00,0x00,0x03,0xBF,0xD5,0x00,0x00,0x00,0x00,0x00,0x05,0xDF,0xB3,0x00,0x00,0x00,0x00,0x00,0x07,0xEF,0x91,
    0x00,0x00,0x00,0x00,0x00,0x19,0xFE,0x70,0x00,0x00,0x00,0x00,0x00,0x3B,0xFD,0x50,0x00,0x00,0x00,0x00,0x02,0xDF,0xE2,0x00,
    0x00,0x00,0x02,0xAF,0xE8,0x10,0x00,0x00,0x02,0xAF,0xE8,0x10,0x00,0x00,0x03,0xAF,0xF9,0x10,0x00,0x00,0x03,0xAF,0xF9,0x20,
    0x00,0x00,0x00,0x2F,0xF9,0x20,0x00,0x00,0x00,0x00,0x3A,0x20,0x00,0x00,0x00,0x00,0x00,0x01,0x6B,0xEF,0xEB,0x40,0x00,0x1D,
    0xFE,0xCB,0xDF,0xF8,0x00,0x3E,0x60,0x00,0x05,0xEF,0x40,0x12,0x00,0x00,0x00,0x6F,0xA0,0x00,0x00,0x00,0x00,0x2F,0xB0,0x00,
    0x00,0x00,0x00,0x4F,0x90,0x00,0x00,0x00,0x00,0xAF,0x40,0x00,0x00,0x00,0x05,0xFA,0x00,0x00,0x00,0x00,0x6F,0xB1,0x00,0x00,
    0x00,0x06,0xFB,0x10,0x00,0x00,0x00,0x4F,0xB0,0x00,0x00,0x00,0x00,0xCE,0x10,0x00,0x00,0x00,0x01,0xFA,0x00,0x00,0x00,0x00,
    0x01,0xF9,0x00,0x00,0x00,0x00,0x00,0xEC,0x00,0x00,0x00,0x00,0x00,0x00,0x00,0x00,0x00,0x00,0x00,0x00,0x00,0x00,0x00,0x00,
    0x00,0x00,0x00,0x00,0x00,0x00,0x00,0x9A,0x20,0x00,0x00,0x00,0x03,0xFF,0x70,0x00,0x00,0x00,0x01,0xCE,0x30,0x00,0x00,0x00,
    0x00,0x00,0x00,0x59,0xCE,0xFE,0xDA,0x61,0x00,0x00,0x00,0x00,0x00,0x00,0x00,0x7E,0xFD,0xA8,0x78,0xAD,0xFE,0x81,0x00,0x00,
    0x00,0x00,0x00,0x2C,0xFA,0x30,0x00,0x00,0x00,0x29,0xFD,0x30,0x00,0x00,0x00,0x02,0xDE,0x50,0x00,0x00,0x00,0x00,0x00,0x3D,
    0xE3,0x00,0x00,0x00,0x1D,0xE3,0x00,0x00,0x00,0x00,0x00,0x00,0x02,0xEE,0x10,0x00,0x00,0x9F,0x50,0x00,0x03,0xAE,0xEB,0x36,
    0xC1,0x00,0x4F,0x90,0x00,0x02,0xFA,0x00,0x00,0x5F,0xD8,0x7B,0xEA,0xF0,0x00,0x0B,0xF2,0x00,0x09,0xF2,0x00,0x03,0xEB,0x10,
    0x00,0xAF,0xE0,0x00,0x04,0xF8,0x00,0x0E,0xC0,0x00,0x0B,0xE1,0x00,0x00,0x3F,0xD0,0x00,0x00,0xEB,0x00,0x3F,0x80,0x00,0x2F,
    0x80,0x00,0x00,0x0F,0xC0,0x00,0x00,0xCE,0x00,0x6F,0x50,0x00,0x7F,0x40,0x00,0x00,0x0F,0xA0,0x00,0x00,0xBF,0x00,0x7F,0x30,
    0x00,0xAF,0x20,0x00,0x00,0x1F,0x90,0x00,0x00,0xBF,0x00,0x7F,0x30,0x00,0xBF,0x00,0x00,0x00,0x3F,0x80,0x00,0x00,0xCD,0x00,
    0x6F,0x40,0x00,0xCF,0x00,0x00,0x00,0x6F,0x70,0x00,0x00,0xFB,0x00,0x5F,0x60,0x00,0xAF,0x10,0x00,0x00,0xAF,0x60,0x00,0x04,
    0xF7,0x00,0x2F,0xA0,0x00,0x7F,0x50,0x00,0x03,0xCF,0x80,0x00,0x0B,0xF1,0x00,0x0C,0xE0,0x00,0x2F,0xD1,0x00,0x1C,0x6D,0xC0,
    0x00,0x6F,0x80,0x00,0x06,0xF6,0x00,0x07,0xFD,0x88,0xEB,0x07,0xFB,0x7A,0xFB,0x00,0x00,0x00,0xDE,0x10,0x00,0x6C,0xFD,0x81,
    0x00,0x7D,0xFD,0x60,0x00,0x00,0x00,0x4F,0xB1,0x00,0x00,0x00,0x00,0x00,0x00,0x00,0x00,0x00,0x00,0x00,0x06,0xFC,0x20,0x00,
    0x00,0x00,0x00,0x00,0x00,0x00,0x00,0x00,0x00,0x00,0x5E,0xE8,0x20,0x00,0x00,0x00,0x17,0x80,0x00,0x00,0x00,0x00,0x00,0x02,
    0xAF,0xFC,0x98,0x78,0x9C,0xFF,0x80,0x00,0x00,0x00,0x00,0x00,0x00,0x02,0x7B,0xDE,0xFE,0xDB,0x73,0x00,0x00,0x00,0x00,0x00,
    0x00,0x00,0x00,0x9F,0xB0,0x00,0x00,0x00,0x00,0x00,0x00,0x00,0x01,0xEF,0xF2,0x00,0x00,0x00,0x00,0x00,0x00,0x00,0x05,0xFC,
    0xF7,0x00,0x00,0x00,0x00,0x00,0x00,0x00,0x0B,0xF4,0xFD,0x00,0x00,0x00,0x00,0x00,0x00,0x00,0x2F,0xB0,0xBF,0x40,0x00,0x00,
    0x00,0x00,0x00,0x00,0x8F,0x60,0x6F,0x90,0x00,0x00,0x00,0x00,0x00,0x00,0xDF,0x10,0x1F,0xE1,0x00,0x00,0x00,0x00,0x00,0x04,
    0xFA,0x00,0x0A,0xF6,0x00,0x00,0x00,0x00,0x00,0x0A,0xF5,0x00,0x04,0xFB,0x00,0x00,0x00,0x00,0x00,0x1E,0xE0,0x00,0x00,0xEF,
    0x20,0x00,0x00,0x00,0x00,0x6F,0x90,0x00,0x00,0x8F,0x80,0x00,0x00,0x00,0x00,0xCF,0x30,0x00,0x00,0x3F,0xD0,0x00,0x00,0x00,
    0x03,0xFD,0x00,0x00,0x00,0x0C,0xF4,0x00,0x00,0x00,0x08,0xFF,0xFF,0xFF,0xFF,0xFF,0xFA,0x00,0x00,0x00,0x0E,0xFC,0xCC,0xCC,
    0xCC,0xCC,0xFF,0x10,0x00,0x00,0x5F,0xB0,0x00,0x00,0x00,0x00,0xBF,0x60,0x00,0x00,0xAF,0x60,0x00,0x00,0x00,0x00,0x5F,0xC0,
    0x00,0x01,0xFF,0x10,0x00,0x00,0x00,0x00,0x0E,0xF3,0x00,0x07,0xFA,0x00,0x00,0x00,0x00,0x00,0x09,0xF8,0x00,0x0D,0xF5,0x00,
    0x00,0x00,0x00,0x00,0x03,0xFE,0x00,0x3F,0xE0,0x00,0x00,0x00,0x00,0x00,0x00,0xDF,0x50,0x4F,0xFF,0xFF,0xFE,0xB5,0x00,0x00,
    0x4F,0xEC,0xCC,0xCE,0xFF,0xB0,0x00,0x4F,0xA0,0x00,0x00,0x5E,0xF8,0x00,0x4F,0xA0,0x00,0x00,0x04,0xFE,0x00,0x4F,0xA0,0x00,
    0x00,0x00,0xFF,0x20,0x4F,0xA0,0x00,0x00,0x00,0xEF,0x00,0x4F,0xA0,0x00,0x00,0x03,0xFC,0x00,0x4F,0xA0,0x00,0x00,0x0B,0xF5,
    0x00,0x4F,0xA0,0x00,0x16,0xDF,0x60,0x00,0x4F,0xFF,0xFF,0xFF,0xD4,0x00,0x00,0x4F,0xEC,0xCC,0xCE,0xFF,0xA2,0x00,0x4F,0xA0,
    0x00,0x00,0x3A,0xFD,0x10,0x4F,0xA0,0x00,0x00,0x00,0x9F,0x90,0x4F,0xA0,0x00,0x00,0x00,0x2F,0xE0,0x4F,0xA0,0x00,0x00,0x00,
    0x0E,0xF2,0x4F,0xA0,0x00,0x00,0x00,0x0E,0xF1,0x4F,0xA0,0x00,0x00,0x00,0x2F,0xE0,0x4F,0xA0,0x00,0x00,0x00,0x9F,0x90,0x4F,
    0xA0,0x00,0x00,0x29,0xFD,0x10,0x4F,0xEC,0xCC,0xCD,0xFF,0xD3,0x00,0x4F,0xFF,0xFF,0xFE,0xB7,0x10,0x00,0x00,0x00,0x00,0x16,
    0xBD,0xEE,0xDC,0x84,0x00,0x00,0x18,0xEF,0xFE,0xCC,0xDF,0xFD,0x00,0x02,0xCF,0xD6,0x20,0x00,0x01,0x48,0x00,0x1D,0xFA,0x10,
    0x00,0x00,0x00,0x00,0x00,0xAF,0x90,0x00,0x00,0x00,0x00,0x00,0x04,0xFD,0x10,0x00,0x00,0x00,0x00,0x00,0x0B,0xF6,0x00,0x00,
    0x00,0x00,0x00,0x00,0x1F,0xF0,0x00,0x00,0x00,0x00,0x00,0x00,0x4F,0xB0,0x00,0x00,0x00,0x00,0x00,0x00,0x6F,0x90,0x00,0x00,
    0x00,0x00,0x00,0x00,0x7F,0x80,0x00,0x00,0x00,0x00,0x00,0x00,0x7F,0x90,0x00,0x00,0x00,0x00,0x00,0x00,0x6F,0xA0,0x00,0x00,
    0x00,0x00,0x00,0x00,0x3F,0xE0,0x00,0x00,0x00,0x00,0x00,0x00,0x0E,0xF4,0x00,0x00,0x00,0x00,0x00,0x00,0x08,0xFB,0x00,0x00,
    0x00,0x00,0x00,0x00,0x01,0xEF,0x60,0x00,0x00,0x00,0x00,0x00,0x00,0x5F,0xF6,0x00,0x00,0x00,0x00,0x00,0x00,0x06,0xFF,0xB4,
    0x00,0x00,0x02,0x6A,0x00,0x00,0x4D,0xFF,0xED,0xCC,0xEF,0xFC,0x00,0x00,0x00,0x59,0xDE,0xFE,0xDA,0x61,0x4F,0xFF,0xFF,0xFE,
    0xDA,0x72,0x00,0x00,0x00,0x4F,0xEC,0xCC,0xCD,0xEF,0xFF,0xA2,0x00,0x00,0x4F,0xA0,0x00,0x00,0x03,0x8E,0xFE,0x40,0x00,0x4F,
    0xA0,0x00,0x00,0x00,0x01,0xAF,0xE3,0x00,0x4F,0xA0,0x00,0x00,0x00,0x00,0x0A,0xFC,0x00,0x4F,0xA0,0x00,0x00,0x00,0x00,0x01,
    0xEF,0x40,0x4F,0xA0,0x00,0x00,0x00,0x00,0x00,0x8F,0x90,0x4F,0xA0,0x00,0x00,0x00,0x00,0x00,0x4F,0xD0,0x4F,0xA0,0x00,0x00,
    0x00,0x00,0x00,0x1F,0xF0,0x4F,0xA0,0x00,0x00,0x00,0x00,0x00,0x0F,0xF1,0x4F,0xA0,0x00,0x00,0x00,0x00,0x00,0x0E,0xF2,0x4F,
    0xA0,0x00,0x00,0x00,0x00,0x00,0x0F,0xF0,0x4F,0xA0,0x00,0x00,0x00,0x00,0x00,0x2F,0xE0,0x4F,0xA0,0x00,0x00,0x00,0x00,0x00,
    0x6F,0xA0,0x4F,0xA0,0x00,0x00,0x00,0x00,0x00,0xBF,0x60,0x4F,0xA0,0x00,0x00,0x00,0x00,0x04,0xFE,0x10,0x4F,0xA0,0x00,0x00,
    0x00,0x00,0x1D,0xF6,0x00,0x4F,0xA0,0x00,0x00,0x00,0x03,0xDF,0x90,0x00,0x4F,0xA0,0x00,0x00,0x14,0xAF,0xF9,0x00,0x00,0x4F,
    0xEC,0xCC,0xCD,0xFF,0xFC,0x50,0x00,0x00,0x4F,0xFF,0xFF,0xED,0xC8,0x40,0x00,0x00,0x00,0x4F,0xFF,0xFF,0xFF,0xFF,0xF0,0x4F,
    0xEC,0xCC,0xCC,0xCC,0xB0,0x4F,0xA0,0x00,0x00,0x00,0x00,0x4F,0xA0,0x00,0x00,0x00,0x00,0x4F,0xA0,0x00,0x00,0x00,0x00,0x4F,
    0xA0,0x00,0x00,0x00,0x00,0x4F,0xA0,0x00,0x00,0x00,0x00,0x4F,0xA0,0x00,0x00,0x00,0x00,0x4F,0xA0,0x00,0x00,0x00,0x00,0x4F,
    0xFF,0xFF,0xFF,0xFF,0x50,0x4F,0xEC,0xCC,0xCC,0xCC,0x40,0x4F,0xA0,0x00,0x00,0x00,0x00,0x4F,0xA0,0x00,0x00,0x00,0x00,0x4F,
    0xA0,0x00,0x00,0x00,0x00,0x4F,0xA0,0x00,0x00,0x00,0x00,0x4F,0xA0,0x00,0x00,0x00,0x00,0x4F,0xA0,0x00,0x00,0x00,0x00,0x4F,
    0xA0,0x00,0x00,0x00,0x00,0x4F,0xA0,0x00,0x00,0x00,0x00,0x4F,0xEC,0xCC,0xCC,0xCC,0xC5,0x4F,0xFF,0xFF,0xFF,0xFF,0xF7,0x4F,
    0xFF,0xFF,0xFF,0xFF,0xF0,0x4F,0xEC,0xCC,0xCC,0xCC,0xB0,0x4F,0xA0,0x00,0x00,0x00,0x00,0x4F,0xA0,0x00,0x00,0x00,0x00,0x4F,
    0xA0,0x00,0x00,0x00,0x00,0x4F,0xA0,0x00,0x00,0x00,0x00,0x4F,0xA0,0x00,0x00,0x00,0x00,0x4F,0xA0,0x00,0x00,0x00,0x00,0x4F,
    0xA0,0x00,0x00,0x00,0x00,0x4F,0xA0,0x00,0x00,0x00,0x00,0x4F,0xFF,0xFF,0xFF,0xFF,0x50,0x4F,0xEC,0xCC,0xCC,0xCC,0x40,0x4F,
    0xA0,0x00,0x00,0x00,0x00,0x4F,0xA0,0x00,0x00,0x00,0x00,0x4F,0xA0,0x00,0x00,0x00,0x00,0x4F,0xA0,0x00,0x00,0x00,0x00,0x4F,
    0xA0,0x00,0x00,0x00,0x00,0x4F,0xA0,0x00,0x00,0x00,0x00,0x4F,0xA0,0x00,0x00,0x00,0x00,0x4F,0xA0,0x00,0x00,0x00,0x00,0x4F,
    0xA0,0x00,0x00,0x00,0x00,0x00,0x00,0x00,0x16,0xAD,0xEF,0xEC,0xA6,0x10,0x00,0x00,0x08,0xEF,0xFE,0xCC,0xDF,0xFF,0xB0,0x00,
    0x02,0xCF,0xE7,0x20,0x00,0x00,0x48,0xA0,0x00,0x1D,0xFA,0x10,0x00,0x00,0x00,0x00,0x00,0x00,0xAF,0xA0,0x00,0x00,0x00,0x00,
    0x00,0x00,0x04,0xFD,0x10,0x00,0x00,0x00,0x00,0x00,0x00,0x0B,0xF6,0x00,0x00,0x00,0x00,0x00,0x00,0x00,0x1F,0xF1,0x00,0x00,
    0x00,0x00,0x00,0x00,0x00,0x4F,0xB0,0x00,0x00,0x00,0x00,0x00,0x00,0x00,0x7F,0x90,0x00,0x00,0x00,0x00,0x00,0x00,0x00,0x7F,
    0x80,0x00,0x00,0x00,0x8F,0xFF,0xFF,0xF3,0x7F,0x90,0x00,0x00,0x00,0x6C,0xCC,0xCE,0xF3,0x6F,0xA0,0x00,0x00,0x00,0x00,0x00,
    0x0C,0xF3,0x3F,0xD0,0x00,0x00,0x00,0x00,0x00,0x0C,0xF3,0x0E,0xF3,0x00,0x00,0x00,0x00,0x00,0x0C,0xF3,0x08,0xFA,0x00,0x00,
    0x00,0x00,0x00,0x0C,0xF3,0x02,0xEF,0x60,0x00,0x00,0x00,0x00,0x0C,0xF3,0x00,0x6F,0xF6,0x00,0x00,0x00,0x00,0x0C,0xF3,0x00,
    0x07,0xFF,0xB4,0x00,0x00,0x03,0x8E,0xF3,0x00,0x00,0x4D,0xFF,0xFD,0xCC,0xEF,0xFE,0x81,0x00,0x00,0x00,0x59,0xDE,0xFE,0xC9,
    0x51,0x00,0x4F,0xA0,0x00,0x00,0x00,0x00,0x00,0xDF,0x10,0x4F,0xA0,0x00,0x00,0x00,0x00,0x00,0xDF,0x10,0x4F,0xA0,0x00,0x00,
    0x00,0x00,0x00,0xDF,0x10,0x4F,0xA0,0x00,0x00,0x00,0x00,0x00,0xDF,0x10,0x4F,0xA0,0x00,0x00,0x00,0x00,0x00,0xDF,0x10,0x4F,
    0xA0,0x00,0x00,0x00,0x00,0x00,0xDF,0x10,0x4F,0xA0,0x00,0x00,0x00,0x00,0x00,0xDF,0x10,0x4F,0xA0,0x00,0x00,0x00,0x00,0x00,
    0xDF,0x10,0x4F,0xA0,0x00,0x00,0x00,0x00,0x00,0xDF,0x10,0x4F,0xFF,0xFF,0xFF,0xFF,0xFF,0xFF,0xFF,0x10,0x4F,0xEC,0xCC,0xCC,
    0xCC,0xCC,0xCC,0xFF,0x10,0x4F,0xA0,0x00,0x00,0x00,0x00,0x00,0xDF,0x10,0x4F,0xA0,0x00,0x00,0x00,0x00,0x00,0xDF,0x10,0x4F,
    0xA0,0x00,0x00,0x00,0x00,0x00,0xDF,0x10,0x4F,0xA0,0x00,0x00,0x00,0x00,0x00,0xDF,0x10,0x4F,0xA0,0x00,0x00,0x00,0x00,0x00,
    0xDF,0x10,0x4F,0xA0,0x00,0x00,0x00,0x00,0x00,0xDF,0x10,0x4F,0xA0,0x00,0x00,0x00,0x00,0x00,0xDF,0x10,0x4F,0xA0,0x00,0x00,
    0x00,0x00,0x00,0xDF,0x10,0x4F,0xA0,0x00,0x00,0x00,0x00,0x00,0xDF,0x10,0x4F,0xA0,0x00,0x00,0x00,0x00,0x00,0xDF,0x10,0x4F,
    0xA0,0x4F,0xA0,0x4F,0xA0,0x4F,0xA0,0x4F,0xA0,0x4F,0xA0,0x4F,0xA0,0x4F,0xA0,0x4F,0xA0,0x4F,0xA0,0x4F,0xA0,0x4F,0xA0,0x4F,
    0xA0,0x4F,0xA0,0x4F,0xA0,0x4F,0xA0,0x4F,0xA0,0x4F,0xA0,0x4F,0xA0,0x4F,0xA0,0x4F,0xA0,0x00,0x00,0x05,0xF9,0x00,0x00,0x05,
    0xF9,0x00,0x00,0x05,0xF9,0x00,0x00,0x05,0xF9,0x00,0x00,0x05,0xF9,0x00,0x00,0x05,0xF9,0x00,0x00,0x05,0xF9,0x00,0x00,0x05,
    0xF9,0x00,0x00,0x05,0xF9,0x00,0x00,0x05,0xF9,0x00,0x00,0x05,0xF9,0x00,0x00,0x05,0xF9,0x00,0x00,0x05,0xF9,0x00,0x00,0x05,
    0xF9,0x00,0x00,0x05,0xF8,0x00,0x00,0x07,0xF7,0x00,0x00,0x0A,0xF4,0x00,0x00,0x1E,0xE1,0x10,0x01,0xBF,0x80,0xBD,0xCF,0xFB,
    0x10,0x9E,0xEC,0x70,0x00,0x4F,0xA0,0x00,0x00,0x00,0x2E,0xF6,0x00,0x4F,0xA0,0x00,0x00,0x01,0xDF,0x70,0x00,0x4F,0xA0,0x00,
    0x00,0x1C,0xF9,0x00,0x00,0x4F,0xA0,0x00,0x00,0xAF,0xA0,0x00,0x00,0x4F,0xA0,0x00,0x09,0xFC,0x10,0x00,0x00,0x4F,0xA0,0x00,
    0x7F,0xD1,0x00,0x00,0x00,0x4F,0xA0,0x05,0xFD,0x20,0x00,0x00,0x00,0x4F,0xA0,0x4F,0xE3,0x00,0x00,0x00,0x00,0x4F,0xA3,0xEF,
    0x40,0x00,0x00,0x00,0x00,0x4F,0xBD,0xF5,0x00,0x00,0x00,0x00,0x00,0x4F,0xEF,0xE2,0x00,0x00,0x00,0x00,0x00,0x4F,0xA8,0xFD,
    0x10,0x00,0x00,0x00,0x00,0x4F,0xA0,0xAF,0xC1,0x00,0x00,0x00,0x00,0x4F,0xA0,0x0B,0xFB,0x00,0x00,0x00,0x00,0x4F,0xA0,0x01,
    0xDF,0x90,0x00,0x00,0x00,0x4F,0xA0,0x00,0x2E,0xF8,0x00,0x00,0x00,0x4F,0xA0,0x00,0x03,0xEF,0x60,0x00,0x00,0x4F,0xA0,0x00,
    0x00,0x5F,0xF5,0x00,0x00,0x4F,0xA0,0x00,0x00,0x07,0xFF,0x40,0x00,0x4F,0xA0,0x00,0x00,0x00,0x9F,0xE3,0x00,0x4F,0xA0,0x00,
    0x00,0x00,0x0A,0xFD,0x20,0x4F,0xA0,0x00,0x00,0x00,0x00,0x4F,0xA0,0x00,0x00,0x00,0x00,0x4F,0xA0,0x00,0x00,0x00,0x00,0x4F,
    0xA0,0x00,0x00,0x00,0x00,0x4F,0xA0,0x00,0x00,0x00,0x00,0x4F,0xA0,0x00,0x00,0x00,0x00,0x4F,0xA0,0x00,0x00,0x00,0x00,0x4F,
    0xA0,0x00,0x00,0x00,0x00,0x4F,0xA0,0x00,0x00,0x00,0x00,0x4F,0xA0,0x00,0x00,0x00,0x00,0x4F,0xA0,0x00,0x00,0x00,0x00,0x4F,
    0xA0,0x00,0x00,0x00,0x00,0x4F,0xA0,0x00,0x00,0x00,0x00,0x4F,0xA0,0x00,0x00,0x00,0x00,0x4F,0xA0,0x00,0x00,0x00,0x00,0x4F,
    0xA0,0x00,0x00,0x00,0x00,0x4F,0xA0,0x00,0x00,0x00,0x00,0x4F,0xA0,0x00,0x00,0x00,0x00,0x4F,0xA0,0x00,0x00,0x00,0x00,0x4F,
    0xEC,0xCC,0xCC,0xCC,0xC1,0x4F,0xFF,0xFF,0xFF,0xFF,0xF2,0x4F,0xF4,0x00,0x00,0x00,0x00,0x00,0x00,0x00,0x3F,0xF4,0x4F,0xFA,
    0x00,0x00,0x00,0x00,0x00,0x00,0x00,0xAF,0xF4,0x4F,0xFF,0x20,0x00,0x00,0x00,0x00,0x00,0x02,0xFF,0xF4,0x4F,0xCF,0x90,0x00,
    0x00,0x00,0x00,0x00,0x08,0xFC,0xF4,0x4F,0x9E,0xF1,0x00,0x00,0x00,0x00,0x00,0x1E,0xD9,0xF4,0x4F,0x98,0xF8,0x00,0x00,0x00,
    0x00,0x00,0x7F,0x7A,0xF4,0x4F,0x91,0xEE,0x10,0x00,0x00,0x00,0x00,0xDE,0x1A,0xF4,0x4F,0x90,0x9F,0x60,0x00,0x00,0x00,0x06,
    0xF8,0x0A,0xF4,0x4F,0x90,0x2F,0xD0,0x00,0x00,0x00,0x0C,0xF2,0x0A,0xF4,0x4F,0x90,0x0A,0xF5,0x00,0x00,0x00,0x4F,0xA0,0x0A,
    0xF4,0x4F,0x90,0x03,0xFC,0x00,0x00,0x00,0xBF,0x30,0x0A,0xF4,0x4F,0x90,0x00,0xBF,0x30,0x00,0x03,0xFB,0x00,0x0A,0xF4,0x4F,
    0x90,0x00,0x4F,0xA0,0x00,0x0A,0xF4,0x00,0x0A,0xF4,0x4F,0x90,0x00,0x0D,0xF2,0x00,0x2F,0xC0,0x00,0x0A,0xF4,0x4F,0x90,0x00,
    0x06,0xF9,0x00,0x8F,0x60,0x00,0x0A,0xF4,0x4F,0x90,0x00,0x00,0xEE,0x11,0xED,0x00,0x00,0x0A,0xF4,0x4F,0x90,0x00,0x00,0x7F,
    0x76,0xF7,0x00,0x00,0x0A,0xF4,0x4F,0x90,0x00,0x00,0x1E,0xCC,0xE1,0x00,0x00,0x0A,0xF4,0x4F,0x90,0x00,0x00,0x08,0xFF,0x80,
    0x00,0x00,0x0A,0xF4,0x4F,0x90,0x00,0x00,0x02,0xFF,0x20,0x00,0x00,0x0A,0xF4,0x4F,0x90,0x00,0x00,0x00,0xAA,0x00,0x00,0x00,
    0x0A,0xF4,0x4F,0xF3,0x00,0x00,0x00,0x00,0x00,0x0C,0xF2,0x4F,0xFD,0x10,0x00,0x00,0x00,0x00,0x0C,0xF2,0x4F,0xFF,0x90,0x00,
    0x00,0x00,0x00,0x0C,0xF2,0x4F,0xAE,0xF4,0x00,0x00,0x00,0x00,0x0C,0xF2,0x4F,0xA5,0xFE,0x10,0x00,0x00,0x00,0x0C,0xF2,0x4F,
    0xA0,0x9F,0xA0,0x00,0x00,0x00,0x0C,0xF2,0x4F,0xA0,0x1D,0xF5,0x00,0x00,0x00,0x0C,0xF2,0x4F,0xA0,0x04,0xFE,0x20,0x00,0x00,
    0x0C,0xF2,0x4F,0xA0,0x00,0x8F,0xB0,0x00,0x00,0x0C,0xF2,0x4F,0xA0,0x00,0x0C,0xF6,0x00,0x00,0x0C,0xF2,0x4F,0xA0,0x00,0x03,
    0xFE,0x20,0x00,0x0C,0xF2,0x4F,0xA0,0x00,0x00,0x7F,0xC0,0x00,0x0C,0xF2,0x4F,0xA0,0x00,0x00,0x0B,0xF7,0x00,0x0C,0xF2,0x4F,
    0xA0,0x00,0x00,0x02,0xEF,0x30,0x0C,0xF2,0x4F,0xA0,0x00,0x00,0x00,0x6F,0xC0,0x0C,0xF2,0x4F,0xA0,0x00,0x00,0x00,0x0A,0xF8,
    0x0C,0xF2,0x4F,0xA0,0x00,0x00,0x00,0x01,0xEF,0x4C,0xF2,0x4F,0xA0,0x00,0x00,0x00,0x00,0x5F,0xDC,0xF2,0x4F,0xA0,0x00,0x00,
    0x00,0x00,0x09,0xFF,0xF2,0x4F,0xA0,0x00,0x00,0x00,0x00,0x01,0xDF,0xF2,0x4F,0xA0,0x00,0x00,0x00,0x00,0x00,0x4F,0xF2,0x00,
    0x00,0x00,0x38,0xCE,0xFE,0xC9,0x40,0x00,0x00,0x00,0x00,0x00,0x3B,0xFF,0xFD,0xCD,0xFF,0xFB,0x20,0x00,0x00,0x00,0x05,0xEF,
    0xC5,0x10,0x00,0x15,0xCF,0xE4,0x00,0x00,0x00,0x4F,0xF7,0x00,0x00,0x00,0x00,0x08,0xFE,0x20,0x00,0x01,0xDF,0x70,0x00,0x00,
    0x00,0x00,0x00,0x8F,0xC0,0x00,0x07,0xFC,0x00,0x00,0x00,0x00,0x00,0x00,0x1D,0xF4,0x00,0x0D,0xF5,0x00,0x00,0x00,0x00,0x00,
    0x00,0x07,0xFA,0x00,0x2F,0xE0,0x00,0x00,0x00,0x00,0x00,0x00,0x03,0xFE,0x00,0x5F,0xB0,0x00,0x00,0x00,0x00,0x00,0x00,0x00,
    0xEF,0x10,0x6F,0x90,0x00,0x00,0x00,0x00,0x00,0x00,0x00,0xDF,0x30,0x7F,0x80,0x00,0x00,0x00,0x00,0x00,0x00,0x00,0xCF,0x30,
    0x7F,0x90,0x00,0x00,0x00,0x00,0x00,0x00,0x00,0xDF,0x20,0x6F,0xA0,0x00,0x00,0x00,0x00,0x00,0x00,0x00,0xEF,0x10,0x3F,0xE0,
    0x00,0x00,0x00,0x00,0x00,0x00,0x03,0xFC,0x00,0x0E,0xF4,0x00,0x00,0x00,0x00,0x00,0x00,0x08,0xF8,0x00,0x07,0xFB,0x00,0x00,
    0x00,0x00,0x00,0x00,0x1E,0xF2,0x00,0x01,0xEF,0x60,0x00,0x00,0x00,0x00,0x00,0xAF,0xA0,0x00,0x00,0x4F,0xF5,0x00,0x00,0x00,
    0x00,0x09,0xFD,0x10,0x00,0x00,0x05,0xFF,0xA4,0x00,0x00,0x15,0xDF,0xD2,0x00,0x00,0x00,0x00,0x3C,0xFF,0xED,0xCD,0xFF,0xFA,
    0x10,0x00,0x00,0x00,0x00,0x00,0x49,0xDE,0xFD,0xC8,0x30,0x00,0x00,0x00,0x4F,0xFF,0xFF,0xFE,0xB6,0x00,0x00,0x4F,0xEC,0xCC,
    0xCE,0xFF,0xD2,0x00,0x4F,0xA0,0x00,0x00,0x4C,0xFD,0x10,0x4F,0xA0,0x00,0x00,0x00,0xCF,0x80,0x4F,0xA0,0x00,0x00,0x00,0x5F,
    0xC0,0x4F,0xA0,0x00,0x00,0x00,0x1F,0xE0,0x4F,0xA0,0x00,0x00,0x00,0x1F,0xF0,0x4F,0xA0,0x00,0x00,0x00,0x2F,0xD0,0x4F,0xA0,
    0x00,0x00,0x00,0x7F,0x90,0x4F,0xA0,0x00,0x00,0x02,0xEF,0x30,0x4F,0xA0,0x00,0x01,0x6E,0xF8,0x00,0x4F,0xEC,0xCC,0xDF,0xFF,
    0x70,0x00,0x4F,0xFF,0xFF,0xEC,0x82,0x00,0x00,0x4F,0xA0,0x00,0x00,0x00,0x00,0x00,0x4F,0xA0,0x00,0x00,0x00,0x00,0x00,0x4F,
    0xA0,0x00,0x00,0x00,0x00,0x00,0x4F,0xA0,0x00,0x00,0x00,0x00,0x00,0x4F,0xA0,0x00,0x00,0x00,0x00,0x00,0x4F,0xA0,0x00,0x00,
    0x00,0x00,0x00,0x4F,0xA0,0x00,0x00,0x00,0x00,0x00,0x4F,0xA0,0x00,0x00,0x00,0x00,0x00,0x00,0x00,0x00,0x48,0xCE,0xFE,0xC8,
    0x40,0x00,0x00,0x00,0x00,0x00,0x3B,0xFF,0xFD,0xCD,0xFF,0xFB,0x20,0x00,0x00,0x00,0x05,0xEF,0xC5,0x10,0x00,0x15,0xCF,0xE4,
    0x00,0x00,0x00,0x3F,0xF8,0x00,0x00,0x00,0x00,0x08,0xFE,0x20,0x00,0x01,0xDF,0x80,0x00,0x00,0x00,0x00,0x00,0x9F,0xC0,0x00,
    0x06,0xFC,0x00,0x00,0x00,0x00,0x00,0x00,0x1D,0xF4,0x00,0x0D,0xF5,0x00,0x00,0x00,0x00,0x00,0x00,0x07,0xFA,0x00,0x2F,0xE0,
    0x00,0x00,0x00,0x00,0x00,0x00,0x03,0xFE,0x00,0x5F,0xB0,0x00,0x00,0x00,0x00,0x00,0x00,0x00,0xEF,0x10,0x6F,0x90,0x00,0x00,
    0x00,0x00,0x00,0x00,0x00,0xDF,0x30,0x7F,0x80,0x00,0x00,0x00,0x00,0x00,0x00,0x00,0xCF,0x30,0x7F,0x90,0x00,0x00,0x00,0x00,
    0x00,0x00,0x00,0xDF,0x30,0x6F,0xA0,0x00,0x00,0x00,0x00,0x00,0x00,0x00,0xEF,0x10,0x3F,0xE0,0x00,0x00,0x00,0x00,0x00,0x00,
    0x03,0xFD,0x00,0x0E,0xF4,0x00,0x00,0x00,0x00,0x00,0x00,0x08,0xF9,0x00,0x08,0xFB,0x00,0x00,0x00,0x00,0x00,0x00,0x1E,0xF3,
    0x00,0x01,0xEF,0x60,0x00,0x00,0x00,0x00,0x00,0x9F,0xA0,0x00,0x00,0x5F,0xF6,0x00,0x00,0x00,0x00,0x09,0xFE,0x20,0x00,0x00,
    0x07,0xFF,0xB4,0x00,0x00,0x15,0xDF,0xE3,0x00,0x00,0x00,0x00,0x4D,0xFF,0xED,0xCD,0xFF,0xFE,0x20,0x00,0x00,0x00,0x00,0x00,
    0x59,0xDE,0xFE,0xC8,0xDF,0xE6,0x00,0x00,0x00,0x00,0x00,0x00,0x00,0x00,0x00,0x18,0xFF,0xC3,0x00,0x00,0x00,0x00,0x00,0x00,
    0x00,0x00,0x00,0x2B,0xFF,0x91,0x4F,0xFF,0xFF,0xFE,0xC7,0x10,0x00,0x00,0x4F,0xEC,0xCC,0xCD,0xFF,0xD3,0x00,0x00,0x4F,0xA0,
    0x00,0x00,0x2A,0xFE,0x10,0x00,0x4F,0xA0,0x00,0x00,0x00,0xBF,0x80,0x00,0x4F,0xA0,0x00,0x00,0x00,0x4F,0xC0,0x00,0x4F,0xA0,
    0x00,0x00,0x00,0x2F,0xE0,0x00,0x4F,0xA0,0x00,0x00,0x00,0x2F,0xD0,0x00,0x4F,0xA0,0x00,0x00,0x00,0x6F,0x90,0x00,0x4F,0xA0,
    0x00,0x00,0x01,0xDF,0x30,0x00,0x4F,0xA0,0x00,0x00,0x4D,0xF7,0x00,0x00,0x4F,0xEC,0xCC,0xCE,0xFD,0x50,0x00,0x00,0x4F,0xFF,
    0xFF,0xFF,0x90,0x00,0x00,0x00,0x4F,0xA0,0x01,0x5D,0xF8,0x00,0x00,0x00,0x4F,0xA0,0x00,0x02,0xEF,0x40,0x00,0x00,0x4F,0xA0,
    0x00,0x00,0x5F,0xD0,0x00,0x00,0x4F,0xA0,0x00,0x00,0x0C,0xF6,0x00,0x00,0x4F,0xA0,0x00,0x00,0x04,0xFE,0x10,0x00,0x4F,0xA0,
    0x00,0x00,0x00,0xBF,0x80,0x00,0x4F,0xA0,0x00,0x00,0x00,0x3F,0xE2,0x00,0x4F,0xA0,0x00,0x00,0x00,0x0A,0xF9,0x00,0x4F,0xA0,
    0x00,0x00,0x00,0x02,0xFF,0x30,0x00,0x00,0x6B,0xDF,0xED,0xB6,0x00,0x00,0x3D,0xFF,0xEC,0xCE,0xFE,0x00,0x02,0xEF,0x92,0x00,
    0x00,0x39,0x00,0x0A,0xF8,0x00,0x00,0x00,0x00,0x00,0x0E,0xF1,0x00,0x00,0x00,0x00,0x00,0x0F,0xF1,0x00,0x00,0x00,0x00,0x00,
    0x0D,0xF5,0x00,0x00,0x00,0x00,0x00,0x08,0xFD,0x20,0x00,0x00,0x00,0x00,0x00,0xBF,0xE6,0x00,0x00,0x00,0x00,0x00,0x09,0xFF,
    0xD5,0x00,0x00,0x00,0x00,0x00,0x4C,0xFF,0xC3,0x00,0x00,0x00,0x00,0x00,0x5D,0xFF,0x70,0x00,0x00,0x00,0x00,0x00,0x7F,0xF8,
    0x00,0x00,0x00,0x00,0x00,0x04,0xFF,0x40,0x00,0x00,0x00,0x00,0x00,0x8F,0xA0,0x00,0x00,0x00,0x00,0x00,0x4F,0xC0,0x00,0x00,
    0x00,0x00,0x00,0x5F,0xB0,0x12,0x00,0x00,0x00,0x00,0xAF,0x70,0x1E,0x83,0x00,0x00,0x29,0xFD,0x10,0x1F,0xFF,0xEC,0xCD,0xFF,
    0xC2,0x00,0x02,0x7B,0xDF,0xED,0xA5,0x00,0x00,0x4F,0xFF,0xFF,0xFF,0xFF,0xFF,0xFF,0xC0,0x3C,0xCC,0xCC,0xCF,0xEC,0xCC,0xCC,
    0x90,0x00,0x00,0x00,0x3F,0xB0,0x00,0x00,0x00,0x00,0x00,0x00,0x3F,0xB0,0x00,0x00,0x00,0x00,0x00,0x00,0x3F,0xB0,0x00,0x00,
    0x00,0x00,0x00,0x00,0x3F,0xB0,0x00,0x00,0x00,0x00,0x00,0x00,0x3F,0xB0,0x00,0x00,0x00,0x00,0x00,0x00,0x3F,0xB0,0x00,0x00,
    0x00,0x00,0x00,0x00,0x3F,0xB0,0x00,0x00,0x00,0x00,0x00,0x00,0x3F,0xB0,0x00,0x00,0x00,0x00,0x00,0x00,0x3F,0xB0,0x00,0x00,
    0x00,0x00,0x00,0x00,0x3F,0xB0,0x00,0x00,0x00,0x00,0x00,0x00,0x3F,0xB0,0x00,0x00,0x00,0x00,0x00,0x00,0x3F,0xB0,0x00,0x00,
    0x00,0x00,0x00,0x00,0x3F,0xB0,0x00,0x00,0x00,0x00,0x00,0x00,0x3F,0xB0,0x00,0x00,0x00,0x00,0x00,0x00,0x3F,0xB0,0x00,0x00,
    0x00,0x00,0x00,0x00,0x3F,0xB0,0x00,0x00,0x00,0x00,0x00,0x00,0x3F,0xB0,0x00,0x00,0x00,0x00,0x00,0x00,0x3F,0xB0,0x00,0x00,
    0x00,0x00,0x00,0x00,0x3F,0xB0,0x00,0x00,0x00,0x8F,0x60,0x00,0x00,0x00,0x00,0x06,0xF8,0x8F,0x60,0x00,0x00,0x00,0x00,0x06,
    0xF8,0x8F,0x60,0x00,0x00,0x00,0x00,0x06,0xF8,0x8F,0x60,0x00,0x00,0x00,0x00,0x06,0xF8,0x8F,0x60,0x00,0x00,0x00,0x00,0x06,
    0xF8,0x8F,0x60,0x00,0x00,0x00,0x00,0x06,0xF8,0x8F,0x60,0x00,0x00,0x00,0x00,0x06,0xF8,0x8F,0x60,0x00,0x00,0x00,0x00,0x06,
    0xF8,0x8F,0x60,0x00,0x00,0x00,0x00,0x06,0xF8,0x8F,0x60,0x00,0x00,0x00,0x00,0x06,0xF8,0x8F,0x60,0x00,0x00,0x00,0x00,0x06,
    0xF8,0x8F,0x60,0x00,0x00,0x00,0x00,0x06,0xF8,0x8F,0x60,0x00,0x00,0x00,0x00,0x06,0xF8,0x7F,0x70,0x00,0x00,0x00,0x00,0x07,
    0xF7,0x6F,0x90,0x00,0x00,0x00,0x00,0x08,0xF6,0x4F,0xC0,0x00,0x00,0x00,0x00,0x0B,0xF3,0x1E,0xF2,0x00,0x00,0x00,0x00,0x2F,
    0xE0,0x09,0xFB,0x00,0x00,0x00,0x00,0xBF,0x70,0x01,0xEF,0xC4,0x00,0x00,0x3B,0xFC,0x00,0x00,0x2D,0xFF,0xEC,0xCE,0xFF,0xB1,
    0x00,0x00,0x00,0x6B,0xEF,0xED,0xA5,0x00,0x00,0x6F,0xC0,0x00,0x00,0x00,0x00,0x00,0x05,0xFB,0x1F,0xF2,0x00,0x00,0x00,0x00,
    0x00,0x0B,0xF5,0x0A,0xF7,0x00,0x00,0x00,0x00,0x00,0x2F,0xE1,0x05,0xFD,0x00,0x00,0x00,0x00,0x00,0x7F,0x90,0x00,0xEF,0x30,
    0x00,0x00,0x00,0x00,0xDF,0x30,0x00,0x9F,0x80,0x00,0x00,0x00,0x03,0xFD,0x00,0x00,0x3F,0xD0,0x00,0x00,0x00,0x09,0xF7,0x00,
    0x00,0x0D,0xF4,0x00,0x00,0x00,0x0E,0xF2,0x00,0x00,0x07,0xF9,0x00,0x00,0x00,0x5F,0xB0,0x00,0x00,0x02,0xFE,0x00,0x00,0x00,
    0xAF,0x50,0x00,0x00,0x00,0xBF,0x50,0x00,0x01,0xFE,0x00,0x00,0x00,0x00,0x6F,0xA0,0x00,0x06,0xF9,0x00,0x00,0x00,0x00,0x1F,
    0xF1,0x00,0x0C,0xF3,0x00,0x00,0x00,0x00,0x0A,0xF6,0x00,0x2F,0xC0,0x00,0x00,0x00,0x00,0x05,0xFB,0x00,0x8F,0x60,0x00,0x00,
    0x00,0x00,0x00,0xEF,0x20,0xDF,0x10,0x00,0x00,0x00,0x00,0x00,0x9F,0x74,0xFA,0x00,0x00,0x00,0x00,0x00,0x00,0x3F,0xB9,0xF4,
    0x00,0x00,0x00,0x00,0x00,0x00,0x0D,0xFD,0xE0,0x00,0x00,0x00,0x00,0x00,0x00,0x07,0xFF,0x80,0x00,0x00,0x00,0x00,0x00,0x00,
    0x02,0xFF,0x20,0x00,0x00,0x00,0x4F,0xD0,0x00,0x00,0x00,0x00,0x0E,0xE0,0x00,0x00,0x00,0x00,0x6F,0xB0,0x1E,0xF2,0x00,0x00,
    0x00,0x00,0x3F,0xF3,0x00,0x00,0x00,0x00,0xAF,0x70,0x0B,0xF7,0x00,0x00,0x00,0x00,0x8F,0xF7,0x00,0x00,0x00,0x00,0xEF,0x20,
    0x06,0xFB,0x00,0x00,0x00,0x00,0xCE,0xFB,0x00,0x00,0x00,0x03,0xFD,0x00,0x02,0xFE,0x00,0x00,0x00,0x02,0xFA,0xEF,0x10,0x00,
    0x00,0x07,0xF9,0x00,0x00,0xCF,0x40,0x00,0x00,0x06,0xF6,0xAF,0x40,0x00,0x00,0x0B,0xF4,0x00,0x00,0x8F,0x80,0x00,0x00,0x0B,
    0xF2,0x6F,0x90,0x00,0x00,0x1F,0xE1,0x00,0x00,0x3F,0xD0,0x00,0x00,0x1F,0xC0,0x2F,0xD0,0x00,0x00,0x4F,0xB0,0x00,0x00,0x0E,
    0xF2,0x00,0x00,0x5F,0x80,0x0C,0xF2,0x00,0x00,0x8F,0x60,0x00,0x00,0x0A,0xF6,0x00,0x00,0x9F,0x30,0x08,0xF6,0x00,0x00,0xCF,
    0x20,0x00,0x00,0x05,0xFA,0x00,0x00,0xEE,0x00,0x04,0xFA,0x00,0x01,0xFD,0x00,0x00,0x00,0x01,0xFE,0x00,0x03,0xF9,0x00,0x00,
    0xEE,0x00,0x06,0xF8,0x00,0x00,0x00,0x00,0xBF,0x40,0x08,0xF5,0x00,0x00,0xAF,0x40,0x0A,0xF4,0x00,0x00,0x00,0x00,0x7F,0x80,
    0x0C,0xF1,0x00,0x00,0x6F,0x80,0x0E,0xE0,0x00,0x00,0x00,0x00,0x3F,0xC0,0x2F,0xB0,0x00,0x00,0x1F,0xC0,0x3F,0xA0,0x00,0x00,
    0x00,0x00,0x0D,0xF1,0x6F,0x70,0x00,0x00,0x0C,0xF1,0x7F,0x60,0x00,0x00,0x00,0x00,0x09,0xF5,0xAF,0x20,0x00,0x00,0x08,0xF5,
    0xBF,0x20,0x00,0x00,0x00,0x00,0x04,0xF9,0xED,0x00,0x00,0x00,0x03,0xF9,0xED,0x00,0x00,0x00,0x00,0x00,0x00,0xEE,0xF8,0x00,
    0x00,0x00,0x00,0xEE,0xF8,0x00,0x00,0x00,0x00,0x00,0x00,0xAF,0xF4,0x00,0x00,0x00,0x00,0xAF,0xF4,0x00,0x00,0x00,0x00,0x00,
    0x00,0x6F,0xE0,0x00,0x00,0x00,0x00,0x5F,0xE0,0x00,0x00,0x00,0x09,0xFC,0x00,0x00,0x00,0x00,0x02,0xFF,0x20,0x01,0xEF,0x50,
    0x00,0x00,0x00,0x0B,0xF7,0x00,0x00,0x6F,0xE1,0x00,0x00,0x00,0x5F,0xD0,0x00,0x00,0x0B,0xF8,0x00,0x00,0x01,0xDF,0x40,0x00,
    0x00,0x02,0xFF,0x20,0x00,0x08,0xF9,0x00,0x00,0x00,0x00,0x8F,0xB0,0x00,0x2F,0xE1,0x00,0x00,0x00,0x00,0x1D,0xF5,0x00,0xBF,
    0x60,0x00,0x00,0x00,0x00,0x05,0xFD,0x05,0xFB,0x00,0x00,0x00,0x00,0x00,0x00,0xBF,0x7D,0xF2,0x00,0x00,0x00,0x00,0x00,0x00,
    0x2E,0xFF,0x80,0x00,0x00,0x00,0x00,0x00,0x00,0x0A,0xFF,0x20,0x00,0x00,0x00,0x00,0x00,0x00,0x4F,0xEF,0xA0,0x00,0x00,0x00,
    0x00,0x00,0x00,0xDF,0x4E,0xF4,0x00,0x00,0x00,0x00,0x00,0x08,0xFA,0x05,0xFD,0x00,0x00,0x00,0x00,0x00,0x3F,0xE1,0x00,0xBF,
    0x80,0x00,0x00,0x00,0x00,0xCF,0x60,0x00,0x3F,0xF2,0x00,0x00,0x00,0x07,0xFC,0x00,0x00,0x08,0xFB,0x00,0x00,0x00,0x2F,0xF3,
    0x00,0x00,0x01,0xEF,0x50,0x00,0x00,0xBF,0x80,0x00,0x00,0x00,0x5F,0xE1,0x00,0x06,0xFD,0x10,0x00,0x00,0x00,0x0B,0xF9,0x00,
    0x2E,0xF5,0x00,0x00,0x00,0x00,0x02,0xFF,0x30,0x4F,0xE1,0x00,0x00,0x00,0x00,0x07,0xF9,0x0B,0xF7,0x00,0x00,0x00,0x00,0x1E,
    0xF2,0x04,0xFE,0x00,0x00,0x00,0x00,0x7F,0x90,0x00,0xBF,0x60,0x00,0x00,0x01,0xEE,0x10,0x00,0x4F,0xD0,0x00,0x00,0x07,0xF8,
    0x00,0x00,0x0B,0xF6,0x00,0x00,0x1E,0xE1,0x00,0x00,0x04,0xFD,0x00,0x00,0x8F,0x70,0x00,0x00,0x00,0xBF,0x60,0x01,0xEE,0x10,
    0x00,0x00,0x00,0x4F,0xD0,0x08,0xF7,0x00,0x00,0x00,0x00,0x0B,0xF5,0x1E,0xD1,0x00,0x00,0x00,0x00,0x04,0xFC,0x8F,0x60,0x00,
    0x00,0x00,0x00,0x00,0xBF,0xFD,0x00,0x00,0x00,0x00,0x00,0x00,0x4F,0xF5,0x00,0x00,0x00,0x00,0x00,0x00,0x0E,0xF1,0x00,0x00,
    0x00,0x00,0x00,0x00,0x0E,0xF0,0x00,0x00,0x00,0x00,0x00,0x00,0x0E,0xF0,0x00,0x00,0x00,0x00,0x00,0x00,0x0E,0xF0,0x00,0x00,
    0x00,0x00,0x00,0x00,0x0E,0xF0,0x00,0x00,0x00,0x00,0x00,0x00,0x0E,0xF0,0x00,0x00,0x00,0x00,0x00,0x00,0x0E,0xF0,0x00,0x00,
    0x00,0x00,0x00,0x00,0x0E,0xF0,0x00,0x00,0x00,0x04,0xFF,0xFF,0xFF,0xFF,0xFF,0xFF,0xFF,0x20,0x03,0xCC,0xCC,0xCC,0xCC,0xCC,
    0xCF,0xF8,0x00,0x00,0x00,0x00,0x00,0x00,0x00,0x4F,0xC0,0x00,0x00,0x00,0x00,0x00,0x00,0x01,0xDF,0x30,0x00,0x00,0x00,0x00,
    0x00,0x00,0x09,0xF8,0x00,0x00,0x00,0x00,0x00,0x00,0x00,0x4F,0xC0,0x00,0x00,0x00,0x00,0x00,0x00,0x01,0xEF,0x30,0x00,0x00,
    0x00,0x00,0x00,0x00,0x0A,0xF7,0x00,0x00,0x00,0x00,0x00,0x00,0x00,0x5F,0xC0,0x00,0x00,0x00,0x00,0x00,0x00,0x01,0xEF,0x30,
    0x00,0x00,0x00,0x00,0x00,0x00,0x0A,0xF7,0x00,0x00,0x00,0x00,0x00,0x00,0x00,0x5F,0xC0,0x00,0x00,0x00,0x00,0x00,0x00,0x01,
    0xEF,0x30,0x00,0x00,0x00,0x00,0x00,0x00,0x0A,0xF7,0x00,0x00,0x00,0x00,0x00,0x00,0x00,0x5F,0xC0,0x00,0x00,0x00,0x00,0x00,
    0x00,0x01,0xEF,0x30,0x00,0x00,0x00,0x00,0x00,0x00,0x0A,0xF7,0x00,0x00,0x00,0x00,0x00,0x00,0x00,0x5F,0xC0,0x00,0x00,0x00,
    0x00,0x00,0x00,0x01,0xEF,0x20,0x00,0x00,0x00,0x00,0x00,0x00,0x0A,0xFE,0xCC,0xCC,0xCC,0xCC,0xCC,0xCB,0x00,0x3F,0xFF,0xFF,
    0xFF,0xFF,0xFF,0xFF,0xFE,0x00,0x0F,0xFF,0xFF,0x00,0x0F,0xD7,0x77,0x00,0x0F,0xB0,0x00,0x00,0x0F,0xB0,0x00,0x00,0x0F,0xB0,
    0x00,0x00,0x0F,0xB0,0x00,0x00,0x0F,0xB0,0x00,0x00,0x0F,0xB0,0x00,0x00,0x0F,0xB0,0x00,0x00,0x0F,0xB0,0x00,0x00,0x0F,0xB0,
    0x00,0x00,0x0F,0xB0,0x00,0x00,0x0F,0xB0,0x00,0x00,0x0F,0xB0,0x00,0x00,0x0F,0xB0,0x00,0x00,0x0F,0xB0,0x00,0x00,0x0F,0xB0,
    0x00,0x00,0x0F,0xB0,0x00,0x00,0x0F,0xB0,0x00,0x00,0x0F,0xB0,0x00,0x00,0x0F,0xB0,0x00,0x00,0x0F,0xB0,0x00,0x00,0x0F,0xB0,
    0x00,0x00,0x0F,0xB0,0x00,0x00,0x0F,0xD8,0x88,0x00,0x0F,0xFF,0xFF,0x00,0x3F,0xA0,0x00,0x00,0x00,0x00,0x00,0x0C,0xF1,0x00,
    0x00,0x00,0x00,0x00,0x06,0xF7,0x00,0x00,0x00,0x00,0x00,0x01,0xEC,0x00,0x00,0x00,0x00,0x00,0x00,0x9F,0x30,0x00,0x00,0x00,
    0x00,0x00,0x3F,0x90,0x00,0x00,0x00,0x00,0x00,0x0C,0xE1,0x00,0x00,0x00,0x00,0x00,0x06,0xF6,0x00,0x00,0x00,0x00,0x00,0x01,
    0xEC,0x00,0x00,0x00,0x00,0x00,0x00,0x9F,0x30,0x00,0x00,0x00,0x00,0x00,0x3F,0x90,0x00,0x00,0x00,0x00,0x00,0x0C,0xE1,0x00,
    0x00,0x00,0x00,0x00,0x06,0xF6,0x00,0x00,0x00,0x00,0x00,0x01,0xEC,0x00,0x00,0x00,0x00,0x00,0x00,0x9F,0x30,0x00,0x00,0x00,
    0x00,0x00,0x3F,0x90,0x00,0x00,0x00,0x00,0x00,0x0C,0xE1,0x00,0x00,0x00,0x00,0x00,0x06,0xF6,0x00,0x00,0x00,0x00,0x00,0x01,
    0xEC,0x00,0x00,0x00,0x00,0x00,0x00,0x9F,0x30,0x00,0x00,0x00,0x00,0x00,0x3F,0x90,0x00,0x00,0x00,0x00,0x00,0x0C,0xE1,0x00,
    0x00,0x00,0x00,0x00,0x06,0xF6,0x00,0x00,0x00,0x00,0x00,0x01,0xEC,0x00,0x00,0x00,0x00,0x00,0x00,0x9F,0x30,0x4F,0xFF,0xFC,
    0x27,0x77,0xFC,0x00,0x00,0xFC,0x00,0x00,0xFC,0x00,0x00,0xFC,0x00,0x00,0xFC,0x00,0x00,0xFC,0x00,0x00,0xFC,0x00,0x00,0xFC,
    0x00,0x00,0xFC,0x00,0x00,0xFC,0x00,0x00,0xFC,0x00,0x00,0xFC,0x00,0x00,0xFC,0x00,0x00,0xFC,0x00,0x00,0xFC,0x00,0x00,0xFC,
    0x00,0x00,0xFC,0x00,0x00,0xFC,0x00,0x00,0xFC,0x00,0x00,0xFC,0x00,0x00,0xFC,0x00,0x00,0xFC,0x00,0x00,0xFC,0x28,0x88,0xFC,
    0x4F,0xFF,0xFC,0x00,0x00,0x00,0xB8,0x00,0x00,0x00,0x00,0x00,0x04,0xFE,0x10,0x00,0x00,0x00,0x00,0x0B,0xEF,0x80,0x00,0x00,
    0x00,0x00,0x3F,0x79,0xE1,0x00,0x00,0x00,0x00,0xBE,0x12,0xF9,0x00,0x00,0x00,0x03,0xF8,0x00,0x9F,0x20,0x00,0x00,0x0B,0xE1,
    0x00,0x2F,0x90,0x00,0x00,0x3F,0x80,0x00,0x09,0xF2,0x00,0x00,0xAE,0x10,0x00,0x02,0xFA,0x00,0x03,0xF9,0x00,0x00,0x00,0x9F,
    0x20,0x0A,0xF2,0x00,0x00,0x00,0x2F,0xA0,0x2F,0x90,0x00,0x00,0x00,0x09,0xF3,0xFF,0xFF,0xFF,0xFF,0xFF,0xFF,0x70,0x88,0x88,
    0x88,0x88,0x88,0x88,0x40,0x7F,0x70,0x00,0x0B,0xF2,0x00,0x01,0xDC,0x00,0x00,0x4F,0x70,0x00,0x07,0xF2,0x00,0x05,0xAD,0xFE,
    0xC7,0x00,0x01,0xDF,0xFB,0xAB,0xFF,0xB0,0x02,0xE7,0x10,0x00,0x2D,0xF5,0x01,0x20,0x00,0x00,0x06,0xFB,0x00,0x00,0x00,0x00,
    0x01,0xFD,0x00,0x00,0x00,0x00,0x00,0xFE,0x00,0x00,0x36,0x8A,0xCE,0xFE,0x00,0x7E,0xFF,0xFE,0xCA,0xFE,0x0A,0xFC,0x63,0x00,
    0x00,0xEE,0x4F,0xC0,0x00,0x00,0x00,0xFE,0x8F,0x70,0x00,0x00,0x04,0xFE,0x8F,0x70,0x00,0x00,0x0B,0xFE,0x4F,0xE3,0x00,0x02,
    0xBD,0xFE,0x0A,0xFF,0xBA,0xBE,0xE3,0xEE,0x00,0x6C,0xEE,0xD8,0x10,0xEE,0x9F,0x40,0x00,0x00,0x00,0x00,0x00,0x9F,0x40,0x00,
    0x00,0x00,0x00,0x00,0x9F,0x40,0x00,0x00,0x00,0x00,0x00,0x9F,0x40,0x00,0x00,0x00,0x00,0x00,0x9F,0x40,0x00,0x00,0x00,0x00,
    0x00,0x9F,0x40,0x00,0x00,0x00,0x00,0x00,0x9F,0x40,0x00,0x00,0x00,0x00,0x00,0x9F,0x40,0x00,0x00,0x00,0x00,0x00,0x9F,0x40,
    0x29,0xDE,0xEB,0x60,0x00,0x9F,0x45,0xEE,0xBA,0xCF,0xFB,0x10,0x9F,0x8F,0x70,0x00,0x02,0xCF,0x90,0x9F,0xF6,0x00,0x00,0x00,
    0x1E,0xF2,0x9F,0xC0,0x00,0x00,0x00,0x08,0xF8,0x9F,0x70,0x00,0x00,0x00,0x04,0xFB,0x9F,0x50,0x00,0x00,0x00,0x02,0xFC,0x9F,
    0x40,0x00,0x00,0x00,0x02,0xFC,0x9F,0x50,0x00,0x00,0x00,0x03,0xFB,0x9F,0x60,0x00,0x00,0x00,0x06,0xF8,0x9F,0xA0,0x00,0x00,
    0x00,0x0B,0xF4,0x9F,0xF3,0x00,0x00,0x00,0x5F,0xC0,0x9F,0xCE,0x50,0x00,0x05,0xEF,0x30,0x9F,0x5A,0xFD,0xAA,0xDF,0xE5,0x00,
    0x9F,0x40,0x6C,0xEE,0xD8,0x20,0x00,0x00,0x00,0x39,0xDE,0xED,0x92,0x00,0x0A,0xFF,0xCA,0xBD,0xF7,0x00,0xBF,0xB2,0x00,0x00,
    0x33,0x07,0xFB,0x00,0x00,0x00,0x00,0x1E,0xF1,0x00,0x00,0x00,0x00,0x5F,0xA0,0x00,0x00,0x00,0x00,0x8F,0x60,0x00,0x00,0x00,
    0x00,0x9F,0x50,0x00,0x00,0x00,0x00,0x9F,0x60,0x00,0x00,0x00,0x00,0x7F,0x80,0x00,0x00,0x00,0x00,0x3F,0xD0,0x00,0x00,0x00,
    0x00,0x0B,0xF8,0x00,0x00,0x00,0x00,0x02,0xEF,0x81,0x00,0x00,0x44,0x00,0x3D,0xFE,0xBA,0xAD,0xF6,0x00,0x01,0x7C,0xEF,0xDB,
    0x61,0x00,0x00,0x00,0x00,0x00,0x01,0xFC,0x00,0x00,0x00,0x00,0x00,0x01,0xFC,0x00,0x00,0x00,0x00,0x00,0x01,0xFC,0x00,0x00,
    0x00,0x00,0x00,0x01,0xFC,0x00,0x00,0x00,0x00,0x00,0x01,0xFC,0x00,0x00,0x00,0x00,0x00,0x01,0xFC,0x00,0x00,0x00,0x00,0x00,
    0x01,0xFC,0x00,0x00,0x00,0x00,0x00,0x01,0xFC,0x00,0x00,0x6C,0xEF,0xD8,0x11,0xFC,0x00,0x2D,0xFE,0xBA,0xCF,0xE3,0xFC,0x01,
    0xEF,0x81,0x00,0x03,0xCD,0xFC,0x0A,0xF8,0x00,0x00,0x00,0x1D,0xFC,0x2F,0xE0,0x00,0x00,0x00,0x05,0xFC,0x6F,0x90,0x00,0x00,
    0x00,0x02,0xFC,0x8F,0x60,0x00,0x00,0x00,0x01,0xFC,0x9F,0x50,0x00,0x00,0x00,0x01,0xFC,0x9F,0x50,0x00,0x00,0x00,0x01,0xFC,
    0x7F,0x70,0x00,0x00,0x00,0x03,0xFC,0x4F,0xC0,0x00,0x00,0x00,0x07,0xFC,0x0D,0xF5,0x00,0x00,0x00,0x2E,0xFC,0x05,0xFE,0x50,
    0x00,0x04,0xDA,0xFC,0x00,0x7F,0xFD,0xAA,0xDF,0xA1,0xFC,0x00,0x03,0xAD,0xFE,0xB5,0x01,0xFC,0x00,0x00,0x6B,0xEF,0xD9,0x20,
    0x00,0x00,0x2D,0xFD,0xAA,0xCF,0xE4,0x00,0x01,0xDF,0x60,0x00,0x05,0xEE,0x20,0x09,0xF6,0x00,0x00,0x00,0x6F,0x80,0x2F,0xC0,
    0x00,0x00,0x00,0x0F,0xD0,0x6F,0x80,0x00,0x00,0x00,0x0C,0xF1,0x8F,0xFF,0xFF,0xFF,0xFF,0xFF,0xF2,0x9F,0xBA,0xAA,0xAA,0xAA,
    0xAA,0xA1,0x9F,0x60,0x00,0x00,0x00,0x00,0x00,0x7F,0x80,0x00,0x00,0x00,0x00,0x00,0x3F,0xD0,0x00,0x00,0x00,0x00,0x00,0x0C,
    0xF6,0x00,0x00,0x00,0x00,0x10,0x04,0xFF,0x70,0x00,0x00,0x5C,0x30,0x00,0x5F,0xFE,0xA9,0xBE,0xFD,0x20,0x00,0x02,0x8D,0xEF,
    0xDA,0x60,0x00,0x00,0x00,0x07,0xDF,0xE5,0x00,0x00,0x9F,0xEB,0xB6,0x00,0x03,0xFD,0x10,0x00,0x00,0x08,0xF6,0x00,0x00,0x00,
    0x0A,0xF3,0x00,0x00,0x00,0x0B,0xF2,0x00,0x00,0x00,0x0B,0xF2,0x00,0x00,0x00,0x0B,0xF2,0x00,0x00,0x5F,0xFF,0xFF,0xFF,0xD0,
    0x3A,0xAE,0xFA,0xAA,0x80,0x00,0x0B,0xF2,0x00,0x00,0x00,0x0B,0xF2,0x00,0x00,0x00,0x0B,0xF2,0x00,0x00,0x00,0x0B,0xF2,0x00,
    0x00,0x00,0x0B,0xF2,0x00,0x00,0x00,0x0B,0xF2,0x00,0x00,0x00,0x0B,0xF2,0x00,0x00,0x00,0x0B,0xF2,0x00,0x00,0x00,0x0B,0xF2,
    0x00,0x00,0x00,0x0B,0xF2,0x00,0x00,0x00,0x0B,0xF2,0x00,0x00,0x00,0x0B,0xF2,0x00,0x00,0x00,0x0B,0xF2,0x00,0x00,0x00,0x01,
    0x7C,0xEF,0xD8,0x11,0xFC,0x00,0x2D,0xFE,0xBA,0xCF,0xE3,0xFC,0x01,0xEF,0x81,0x00,0x03,0xCD,0xFC,0x0A,0xF8,0x00,0x00,0x00,
    0x1D,0xFC,0x1F,0xE0,0x00,0x00,0x00,0x05,0xFC,0x5F,0x90,0x00,0x00,0x00,0x02,0xFC,0x8F,0x60,0x00,0x00,0x00,0x01,0xFC,0x9F,
    0x50,0x00,0x00,0x00,0x01,0xFC,0x9F,0x50,0x00,0x00,0x00,0x01,0xFC,0x7F,0x70,0x00,0x00,0x00,0x03,0xFC,0x4F,0xC0,0x00,0x00,
    0x00,0x07,0xFC,0x0D,0xF5,0x00,0x00,0x00,0x2E,0xFC,0x05,0xFE,0x50,0x00,0x04,0xDA,0xFC,0x00,0x7F,0xFD,0xAA,0xCF,0xA1,0xFC,
    0x00,0x03,0xAD,0xFE,0xB5,0x01,0xFC,0x00,0x00,0x00,0x00,0x00,0x03,0xFB,0x00,0x00,0x00,0x00,0x00,0x06,0xF8,0x00,0x00,0x00,
    0x00,0x00,0x0B,0xF4,0x00,0x00,0x00,0x00,0x00,0x5F,0xD0,0x08,0x71,0x00,0x00,0x17,0xFF,0x40,0x09,0xFF,0xCA,0xAC,0xFF,0xE5,
    0x00,0x00,0x5A,0xDF,0xFE,0xB7,0x10,0x00,0x9F,0x40,0x00,0x00,0x00,0x00,0x00,0x9F,0x40,0x00,0x00,0x00,0x00,0x00,0x9F,0x40,
    0x00,0x00,0x00,0x00,0x00,0x9F,0x40,0x00,0x00,0x00,0x00,0x00,0x9F,0x40,0x00,0x00,0x00,0x00,0x00,0x9F,0x40,0x00,0x00,0x00,
    0x00,0x00,0x9F,0x40,0x00,0x00,0x00,0x00,0x00,0x9F,0x40,0x00,0x00,0x00,0x00,0x00,0x9F,0x40,0x4A,0xDF,0xD9,0x20,0x00,0x9F,
    0x47,0xFD,0xAA,0xEF,0xE3,0x00,0x9F,0xAE,0x50,0x00,0x1A,0xFB,0x00,0x9F,0xF4,0x00,0x00,0x01,0xEF,0x20,0x9F,0xB0,0x00,0x00,
    0x00,0xAF,0x50,0x9F,0x70,0x00,0x00,0x00,0x8F,0x60,0x9F,0x50,0x00,0x00,0x00,0x7F,0x60,0x9F,0x40,0x00,0x00,0x00,0x7F,0x60,
    0x9F,0x40,0x00,0x00,0x00,0x7F,0x60,0x9F,0x40,0x00,0x00,0x00,0x7F,0x60,0x9F,0x40,0x00,0x00,0x00,0x7F,0x60,0x9F,0x40,0x00,
    0x00,0x00,0x7F,0x60,0x9F,0x40,0x00,0x00,0x00,0x7F,0x60,0x9F,0x40,0x00,0x00,0x00,0x7F,0x60,0x9F,0x40,0x00,0x00,0x00,0x7F,
    0x60,0x9E,0x50,0xEF,0xA0,0x59,0x20,0x00,0x00,0x00,0x00,0x00,0x00,0x9F,0x40,0x9F,0x40,0x9F,0x40,0x9F,0x40,0x9F,0x40,0x9F,
    0x40,0x9F,0x40,0x9F,0x40,0x9F,0x40,0x9F,0x40,0x9F,0x40,0x9F,0x40,0x9F,0x40,0x9F,0x40,0x9F,0x40,0x00,0x00,0x00,0x9E,0x50,
    0x00,0x00,0x00,0xEF,0xA0,0x00,0x00,0x00,0x59,0x20,0x00,0x00,0x00,0x00,0x00,0x00,0x00,0x00,0x00,0x00,0x00,0x00,0x00,0x00,
    0x00,0x00,0x00,0x00,0x9F,0x40,0x00,0x00,0x00,0x9F,0x40,0x00,0x00,0x00,0x9F,0x40,0x00,0x00,0x00,0x9F,0x40,0x00,0x00,0x00,
    0x9F,0x40,0x00,0x00,0x00,0x9F,0x40,0x00,0x00,0x00,0x9F,0x40,0x00,0x00,0x00,0x9F,0x40,0x00,0x00,0x00,0x9F,0x40,0x00,0x00,
    0x00,0x9F,0x40,0x00,0x00,0x00,0x9F,0x40,0x00,0x00,0x00,0x9F,0x40,0x00,0x00,0x00,0x9F,0x40,0x00,0x00,0x00,0x9F,0x40,0x00,
    0x00,0x00,0x9F,0x40,0x00,0x00,0x00,0x9F,0x40,0x00,0x00,0x00,0xBF,0x20,0x00,0x00,0x00,0xDF,0x00,0x00,0x00,0x04,0xFB,0x00,
    0x10,0x00,0x2D,0xF4,0x00,0x4E,0xBB,0xEF,0x90,0x00,0x2C,0xEE,0xB5,0x00,0x00,0x9F,0x40,0x00,0x00,0x00,0x00,0x9F,0x40,0x00,
    0x00,0x00,0x00,0x9F,0x40,0x00,0x00,0x00,0x00,0x9F,0x40,0x00,0x00,0x00,0x00,0x9F,0x40,0x00,0x00,0x00,0x00,0x9F,0x40,0x00,
    0x00,0x00,0x00,0x9F,0x40,0x00,0x00,0x00,0x00,0x9F,0x40,0x00,0x00,0x00,0x00,0x9F,0x40,0x00,0x00,0x8F,0xC1,0x9F,0x40,0x00,
    0x08,0xFC,0x10,0x9F,0x40,0x00,0x7F,0xD1,0x00,0x9F,0x40,0x06,0xFD,0x10,0x00,0x9F,0x40,0x5F,0xD2,0x00,0x00,0x9F,0x44,0xFD,
    0x20,0x00,0x00,0x9F,0x8E,0xD2,0x00,0x00,0x00,0x9F,0xEF,0x90,0x00,0x00,0x00,0x9F,0x5C,0xF8,0x00,0x00,0x00,0x9F,0x41,0xDF,
    0x80,0x00,0x00,0x9F,0x40,0x2D,0xF7,0x00,0x00,0x9F,0x40,0x02,0xEF,0x70,0x00,0x9F,0x40,0x00,0x3E,0xF7,0x00,0x9F,0x40,0x00,
    0x03,0xEF,0x70,0x9F,0x40,0x00,0x00,0x4F,0xF6,0x9F,0x40,0x9F,0x40,0x9F,0x40,0x9F,0x40,0x9F,0x40,0x9F,0x40,0x9F,0x40,0x9F,
    0x40,0x9F,0x40,0x9F,0x40,0x9F,0x40,0x9F,0x40,0x9F,0x40,0x9F,0x40,0x9F,0x40,0x9F,0x40,0x9F,0x40,0x9F,0x40,0x9F,0x40,0x9F,
    0x40,0x9F,0x40,0x9F,0x40,0x9F,0x40,0x9F,0x40,0x5B,0xEE,0xA2,0x00,0x03,0xAD,0xFD,0x81,0x00,0x9F,0x48,0xFB,0xAC,0xFE,0x30,
    0x5F,0xDA,0xBE,0xFC,0x10,0x9F,0x9D,0x20,0x00,0x6F,0xD2,0xF7,0x00,0x01,0xCF,0x70,0x9F,0xF2,0x00,0x00,0x0A,0xFD,0xA0,0x00,
    0x00,0x3F,0xD0,0x9F,0xA0,0x00,0x00,0x05,0xFF,0x20,0x00,0x00,0x0D,0xF1,0x9F,0x60,0x00,0x00,0x03,0xFC,0x00,0x00,0x00,0x0C,
    0xF2,0x9F,0x50,0x00,0x00,0x02,0xFB,0x00,0x00,0x00,0x0B,0xF2,0x9F,0x40,0x00,0x00,0x02,0xFB,0x00,0x00,0x00,0x0B,0xF2,0x9F,
    0x40,0x00,0x00,0x02,0xFB,0x00,0x00,0x00,0x0B,0xF2,0x9F,0x40,0x00,0x00,0x02,0xFB,0x00,0x00,0x00,0x0B,0xF2,0x9F,0x40,0x00,
    0x00,0x02,0xFB,0x00,0x00,0x00,0x0B,0xF2,0x9F,0x40,0x00,0x00,0x02,0xFB,0x00,0x00,0x00,0x0B,0xF2,0x9F,0x40,0x00,0x00,0x02,
    0xFB,0x00,0x00,0x00,0x0B,0xF2,0x9F,0x40,0x00,0x00,0x02,0xFB,0x00,0x00,0x00,0x0B,0xF2,0x9F,0x40,0x00,0x00,0x02,0xFB,0x00,
    0x00,0x00,0x0B,0xF2,0x9F,0x40,0x4A,0xDF,0xD9,0x20,0x00,0x9F,0x48,0xFD,0xAA,0xEF,0xD2,0x00,0x9F,0xAE,0x50,0x00,0x1B,0xFA,
    0x00,0x9F,0xF4,0x00,0x00,0x01,0xEF,0x10,0x9F,0xB0,0x00,0x00,0x00,0xAF,0x40,0x9F,0x60,0x00,0x00,0x00,0x8F,0x60,0x9F,0x50,
    0x00,0x00,0x00,0x7F,0x60,0x9F,0x40,0x00,0x00,0x00,0x7F,0x60,0x9F,0x40,0x00,0x00,0x00,0x7F,0x60,0x9F,0x40,0x00,0x00,0x00,
    0x7F,0x60,0x9F,0x40,0x00,0x00,0x00,0x7F,0x60,0x9F,0x40,0x00,0x00,0x00,0x7F,0x60,0x9F,0x40,0x00,0x00,0x00,0x7F,0x60,0x9F,
    0x40,0x00,0x00,0x00,0x7F,0x60,0x9F,0x40,0x00,0x00,0x00,0x7F,0x60,0x00,0x00,0x5A,0xDF,0xEC,0x82,0x00,0x00,0x00,0x2C,0xFF,
    0xBA,0xAD,0xFF,0x60,0x00,0x01,0xDF,0x91,0x00,0x00,0x5E,0xF5,0x00,0x0A,0xF8,0x00,0x00,0x00,0x03,0xFE,0x10,0x2F,0xE0,0x00,
    0x00,0x00,0x00,0xAF,0x60,0x6F,0x90,0x00,0x00,0x00,0x00,0x5F,0x90,0x8F,0x60,0x00,0x00,0x00,0x00,0x2F,0xB0,0x9F,0x50,0x00,
    0x00,0x00,0x00,0x2F,0xC0,0x9F,0x50,0x00,0x00,0x00,0x00,0x2F,0xB0,0x7F,0x80,0x00,0x00,0x00,0x00,0x5F,0x90,0x2F,0xD0,0x00,
    0x00,0x00,0x00,0xAF,0x50,0x0B,0xF8,0x00,0x00,0x00,0x03,0xFD,0x00,0x02,0xEF,0x91,0x00,0x00,0x5E,0xF3,0x00,0x00,0x3D,0xFE,
    0xB9,0xAD,0xFE,0x40,0x00,0x00,0x00,0x6B,0xEF,0xEB,0x71,0x00,0x00,0x9F,0x40,0x29,0xDE,0xEB,0x60,0x00,0x9F,0x45,0xEE,0xBA,
    0xCF,0xFB,0x10,0x9F,0x8F,0x70,0x00,0x02,0xCF,0x90,0x9F,0xF6,0x00,0x00,0x00,0x1E,0xF2,0x9F,0xC0,0x00,0x00,0x00,0x08,0xF8,
    0x9F,0x70,0x00,0x00,0x00,0x04,0xFB,0x9F,0x50,0x00,0x00,0x00,0x02,0xFC,0x9F,0x40,0x00,0x00,0x00,0x02,0xFC,0x9F,0x50,0x00,
    0x00,0x00,0x03,0xFB,0x9F,0x60,0x00,0x00,0x00,0x06,0xF8,0x9F,0xA0,0x00,0x00,0x00,0x0B,0xF4,0x9F,0xF3,0x00,0x00,0x00,0x5F,
    0xD0,0x9F,0xCE,0x50,0x00,0x05,0xEF,0x40,0x9F,0x5A,0xFD,0xAA,0xDF,0xE5,0x00,0x9F,0x40,0x6C,0xEE,0xD8,0x20,0x00,0x9F,0x40,
    0x00,0x00,0x00,0x00,0x00,0x9F,0x40,0x00,0x00,0x00,0x00,0x00,0x9F,0x40,0x00,0x00,0x00,0x00,0x00,0x9F,0x40,0x00,0x00,0x00,
    0x00,0x00,0x9F,0x40,0x00,0x00,0x00,0x00,0x00,0x9F,0x40,0x00,0x00,0x00,0x00,0x00,0x9F,0x40,0x00,0x00,0x00,0x00,0x00,0x00,
    0x00,0x7C,0xEF,0xD9,0x21,0xFC,0x00,0x2D,0xFE,0xBA,0xCF,0xE3,0xFC,0x01,0xEF,0x81,0x00,0x02,0xBD,0xFC,0x0A,0xF8,0x00,0x00,
    0x00,0x1D,0xFC,0x2F,0xE0,0x00,0x00,0x00,0x05,0xFC,0x6F,0x90,0x00,0x00,0x00,0x02,0xFC,0x8F,0x60,0x00,0x00,0x00,0x01,0xFC,
    0x9F,0x50,0x00,0x00,0x00,0x01,0xFC,0x9F,0x50,0x00,0x00,0x00,0x01,0xFC,0x7F,0x70,0x00,0x00,0x00,0x03,0xFC,0x4F,0xC0,0x00,
    0x00,0x00,0x07,0xFC,0x0D,0xF5,0x00,0x00,0x00,0x2E,0xFC,0x05,0xFE,0x50,0x00,0x04,0xDA,0xFC,0x00,0x7F,0xFD,0xAA,0xDF,0xB1,
    0xFC,0x00,0x03,0xAD,0xFE,0xB6,0x01,0xFC,0x00,0x00,0x00,0x00,0x00,0x01,0xFC,0x00,0x00,0x00,0x00,0x00,0x01,0xFC,0x00,0x00,
    0x00,0x00,0x00,0x01,0xFC,0x00,0x00,0x00,0x00,0x00,0x01,0xFC,0x00,0x00,0x00,0x00,0x00,0x01,0xFC,0x00,0x00,0x00,0x00,0x00,
    0x01,0xFC,0x00,0x00,0x00,0x00,0x00,0x01,0xFC,0x9F,0x40,0x6D,0xFB,0x9F,0x49,0xFC,0xCC,0x9F,0x8E,0x40,0x01,0x9F,0xE5,0x00,
    0x00,0x9F,0xD0,0x00,0x00,0x9F,0x80,0x00,0x00,0x9F,0x60,0x00,0x00,0x9F,0x40,0x00,0x00,0x9F,0x40,0x00,0x00,0x9F,0x40,0x00,
    0x00,0x9F,0x40,0x00,0x00,0x9F,0x40,0x00,0x00,0x9F,0x40,0x00,0x00,0x9F,0x40,0x00,0x00,0x9F,0x40,0x00,0x00,0x00,0x18,0xDF,
    0xEC,0x81,0x05,0xFF,0xCA,0xAD,0xF5,0x1E,0xE4,0x00,0x00,0x43,0x5F,0xA0,0x00,0x00,0x00,0x5F,0xA0,0x00,0x00,0x00,0x1E,0xF5,
    0x00,0x00,0x00,0x05,0xFF,0xB5,0x00,0x00,0x00,0x3B,0xFF,0xD6,0x00,0x00,0x00,0x39,0xFF,0xB1,0x00,0x00,0x00,0x2C,0xF8,0x00,
    0x00,0x00,0x03,0xFC,0x00,0x00,0x00,0x02,0xFC,0x67,0x10,0x00,0x0A,0xF8,0x7F,0xEB,0xAA,0xEF,0xB1,0x17,0xCE,0xFE,0xB6,0x00,
    0x00,0x07,0xD0,0x00,0x00,0x00,0x0D,0xF0,0x00,0x00,0x00,0x0D,0xF0,0x00,0x00,0x00,0x0D,0xF0,0x00,0x00,0x8F,0xFF,0xFF,0xFF,
    0xD0,0x5A,0xAE,0xFA,0xAA,0x80,0x00,0x0D,0xF0,0x00,0x00,0x00,0x0D,0xF0,0x00,0x00,0x00,0x0D,0xF0,0x00,0x00,0x00,0x0D,0xF0,
    0x00,0x00,0x00,0x0D,0xF0,0x00,0x00,0x00,0x0D,0xF0,0x00,0x00,0x00,0x0D,0xF0,0x00,0x00,0x00,0x0D,0xF0,0x00,0x00,0x00,0x0D,
    0xF0,0x00,0x00,0x00,0x0D,0xF1,0x00,0x00,0x00,0x0A,0xF6,0x00,0x00,0x00,0x04,0xFF,0xBA,0xC0,0x00,0x00,0x5C,0xFE,0x90,0xEF,
    0x00,0x00,0x00,0x00,0xCF,0x20,0xEF,0x00,0x00,0x00,0x00,0xCF,0x20,0xEF,0x00,0x00,0x00,0x00,0xCF,0x20,0xEF,0x00,0x00,0x00,
    0x00,0xCF,0x20,0xEF,0x00,0x00,0x00,0x00,0xCF,0x20,0xEF,0x00,0x00,0x00,0x00,0xCF,0x20,0xEF,0x00,0x00,0x00,0x00,0xCF,0x20,
    0xEF,0x00,0x00,0x00,0x00,0xCF,0x20,0xEF,0x00,0x00,0x00,0x00,0xCF,0x20,0xDF,0x10,0x00,0x00,0x00,0xDF,0x20,0xBF,0x30,0x00,
    0x00,0x02,0xFF,0x20,0x8F,0x90,0x00,0x00,0x0A,0xFF,0x20,0x2F,0xF5,0x00,0x00,0x8D,0xCF,0x20,0x07,0xFF,0xCA,0xAE,0xE3,0xCF,
    0x20,0x00,0x4B,0xEF,0xD9,0x20,0xCF,0x20,0x9F,0x70,0x00,0x00,0x00,0x07,0xF8,0x3F,0xD0,0x00,0x00,0x00,0x0C,0xF2,0x0C,0xF3,
    0x00,0x00,0x00,0x3F,0xB0,0x06,0xF8,0x00,0x00,0x00,0x9F,0x50,0x01,0xFE,0x00,0x00,0x00,0xEE,0x00,0x00,0xAF,0x40,0x00,0x05,
    0xF8,0x00,0x00,0x4F,0xA0,0x00,0x0B,0xF2,0x00,0x00,0x0D,0xE1,0x00,0x1F,0xB0,0x00,0x00,0x08,0xF6,0x00,0x7F,0x50,0x00,0x00,
    0x02,0xFB,0x00,0xCE,0x00,0x00,0x00,0x00,0xBF,0x23,0xF8,0x00,0x00,0x00,0x00,0x6F,0x78,0xF2,0x00,0x00,0x00,0x00,0x1E,0xBD,
    0xB0,0x00,0x00,0x00,0x00,0x09,0xFF,0x50,0x00,0x00,0x00,0x00,0x03,0xFE,0x00,0x00,0x00,0x6F,0x90,0x00,0x00,0x03,0xFA,0x00,
    0x00,0x00,0x7F,0x60,0x2F,0xD0,0x00,0x00,0x08,0xFE,0x00,0x00,0x00,0xCF,0x10,0x0C,0xF2,0x00,0x00,0x0C,0xEF,0x30,0x00,0x01,
    0xFC,0x00,0x08,0xF6,0x00,0x00,0x2F,0x9F,0x80,0x00,0x05,0xF7,0x00,0x03,0xFB,0x00,0x00,0x7F,0x2E,0xC0,0x00,0x09,0xF3,0x00,
    0x00,0xDE,0x00,0x00,0xBC,0x0A,0xF1,0x00,0x0D,0xD0,0x00,0x00,0x9F,0x40,0x01,0xF8,0x06,0xF5,0x00,0x3F,0x80,0x00,0x00,0x4F,
    0x80,0x06,0xF3,0x01,0xF9,0x00,0x7F,0x40,0x00,0x00,0x0E,0xD0,0x0A,0xD0,0x00,0xCD,0x00,0xBE,0x00,0x00,0x00,0x0A,0xF2,0x1E,
    0x80,0x00,0x8F,0x31,0xFA,0x00,0x00,0x00,0x06,0xF6,0x5F,0x40,0x00,0x3F,0x75,0xF5,0x00,0x00,0x00,0x01,0xFA,0x9E,0x00,0x00,
    0x0E,0xB9,0xF1,0x00,0x00,0x00,0x00,0xCD,0xD9,0x00,0x00,0x0A,0xED,0xB0,0x00,0x00,0x00,0x00,0x7F,0xF4,0x00,0x00,0x05,0xFF,
    0x60,0x00,0x00,0x00,0x00,0x3F,0xE0,0x00,0x00,0x01,0xFF,0x20,0x00,0x00,0x2E,0xE2,0x00,0x00,0x00,0xAF,0x70,0x07,0xFA,0x00,
    0x00,0x04,0xFC,0x00,0x00,0xCF,0x40,0x00,0x0D,0xE2,0x00,0x00,0x3F,0xD0,0x00,0x8F,0x70,0x00,0x00,0x08,0xF7,0x02,0xFC,0x00,
    0x00,0x00,0x00,0xDE,0x1B,0xE2,0x00,0x00,0x00,0x00,0x4F,0xCF,0x70,0x00,0x00,0x00,0x00,0x0A,0xFD,0x00,0x00,0x00,0x00,0x00,
    0x2E,0xFF,0x40,0x00,0x00,0x00,0x00,0xBF,0x4E,0xD1,0x00,0x00,0x00,0x07,0xF8,0x06,0xF9,0x00,0x00,0x00,0x3F,0xD0,0x00,0xCF,
    0x40,0x00,0x00,0xCF,0x40,0x00,0x3F,0xD1,0x00,0x08,0xF9,0x00,0x00,0x08,0xF9,0x00,0x3F,0xE1,0x00,0x00,0x01,0xDF,0x40,0x8F,
    0x80,0x00,0x00,0x00,0x05,0xFA,0x3F,0xD0,0x00,0x00,0x00,0x0A,0xF4,0x0C,0xF3,0x00,0x00,0x00,0x1F,0xD0,0x06,0xF9,0x00,0x00,
    0x00,0x7F,0x70,0x01,0xEE,0x00,0x00,0x00,0xCF,0x10,0x00,0x9F,0x50,0x00,0x03,0xFA,0x00,0x00,0x4F,0xA0,0x00,0x09,0xF4,0x00,
    0x00,0x0D,0xF1,0x00,0x0E,0xD0,0x00,0x00,0x07,0xF6,0x00,0x5F,0x70,0x00,0x00,0x01,0xFC,0x00,0xBF,0x10,0x00,0x00,0x00,0xAF,
    0x22,0xFA,0x00,0x00,0x00,0x00,0x4F,0x77,0xF4,0x00,0x00,0x00,0x00,0x0D,0xCD,0xD0,0x00,0x00,0x00,0x00,0x08,0xFF,0x70,0x00,
    0x00,0x00,0x00,0x02,0xFF,0x10,0x00,0x00,0x00,0x00,0x04,0xFA,0x00,0x00,0x00,0x00,0x00,0x0A,0xF4,0x00,0x00,0x00,0x00,0x00,
    0x2F,0xD0,0x00,0x00,0x00,0x00,0x00,0x9F,0x60,0x00,0x00,0x00,0x00,0x05,0xFD,0x00,0x00,0x00,0x00,0x5B,0xCF,0xE3,0x00,0x00,
    0x00,0x00,0x5E,0xEA,0x20,0x00,0x00,0x00,0x00,0x08,0xFF,0xFF,0xFF,0xFF,0xFF,0xE0,0x05,0xAA,0xAA,0xAA,0xAA,0xFF,0x40,0x00,
    0x00,0x00,0x00,0x08,0xF8,0x00,0x00,0x00,0x00,0x00,0x4F,0xC0,0x00,0x00,0x00,0x00,0x02,0xEE,0x20,0x00,0x00,0x00,0x00,0x0B,
    0xF5,0x00,0x00,0x00,0x00,0x00,0x8F,0x90,0x00,0x00,0x00,0x00,0x04,0xFC,0x00,0x00,0x00,0x00,0x00,0x1E,0xE2,0x00,0x00,0x00,
    0x00,0x00,0xBF,0x50,0x00,0x00,0x00,0x00,0x07,0xF9,0x00,0x00,0x00,0x00,0x00,0x3F,0xD1,0x00,0x00,0x00,0x00,0x01,0xDF,0x30,
    0x00,0x00,0x00,0x00,0x0A,0xFD,0xAA,0xAA,0xAA,0xAA,0x70,0x4F,0xFF,0xFF,0xFF,0xFF,0xFF,0xC0,0x00,0x00,0x7C,0xB0,0x00,0x09,
    0xFE,0x70,0x00,0x1F,0xE1,0x00,0x00,0x4F,0x90,0x00,0x00,0x5F,0x70,0x00,0x00,0x5F,0x70,0x00,0x00,0x5F,0x70,0x00,0x00,0x5F,
    0x70,0x00,0x00,0x5F,0x70,0x00,0x00,0x6F,0x60,0x00,0x00,0x9F,0x40,0x00,0x03,0xEE,0x00,0x00,0x7F,0xD3,0x00,0x00,0x7F,0xD3,
    0x00,0x00,0x03,0xED,0x00,0x00,0x00,0x9F,0x40,0x00,0x00,0x6F,0x60,0x00,0x00,0x5F,0x70,0x00,0x00,0x5F,0x70,0x00,0x00,0x5F,
    0x70,0x00,0x00,0x5F,0x70,0x00,0x00,0x5F,0x70,0x00,0x00,0x4F,0x80,0x00,0x00,0x1F,0xD1,0x00,0x00,0x09,0xFD,0x70,0x00,0x00,
    0x7C,0xB0,0x6F,0x60,0x6F,0x60,0x6F,0x60,0x6F,0x60,0x6F,0x60,0x6F,0x60,0x6F,0x60,0x6F,0x60,0x6F,0x60,0x6F,0x60,0x6F,0x60,
    0x6F,0x60,0x6F,0x60,0x6F,0x60,0x6F,0x60,0x6F,0x60,0x6F,0x60,0x6F,0x60,0x6F,0x60,0x6F,0x60,0x6F,0x60,0x6F,0x60,0x6F,0x60,
    0x6F,0x60,0x6F,0x60,0x6F,0x60,0x6F,0x60,0x6F,0x60,0x6F,0x60,0x6F,0x60,0xEB,0x50,0x00,0x00,0xAE,0xF5,0x00,0x00,0x03,0xFD,
    0x00,0x00,0x00,0xCF,0x10,0x00,0x00,0xAF,0x20,0x00,0x00,0xAF,0x20,0x00,0x00,0xAF,0x20,0x00,0x00,0xAF,0x20,0x00,0x00,0xAF,
    0x20,0x00,0x00,0x9F,0x30,0x00,0x00,0x7F,0x50,0x00,0x00,0x2F,0xC1,0x00,0x00,0x05,0xEE,0x40,0x00,0x05,0xEE,0x40,0x00,0x2F,
    0xC1,0x00,0x00,0x7F,0x50,0x00,0x00,0x9F,0x30,0x00,0x00,0xAF,0x20,0x00,0x00,0xAF,0x20,0x00,0x00,0xAF,0x20,0x00,0x00,0xAF,
    0x20,0x00,0x00,0xAF,0x20,0x00,0x00,0xCF,0x10,0x00,0x03,0xFD,0x00,0x00,0x9E,0xF5,0x00,0x00,0xEC,0x50,0x00,0x00,0x02,0xAE,
    0xEB,0x40,0x00,0x00,0xE9,0x0C,0xFB,0xAE,0xFA,0x10,0x05,0xF6,0x5F,0x50,0x01,0x9F,0xEA,0xAF,0xD0,0x9F,0x00,0x00,0x04,0xBE,
    0xEA,0x20,
};
static const ui_glyph_t ui_font_l_glyphs[95] = {
    {0, 0, 0, 0, 0, 8}, /*   */
    {0, 4, 21, 2, 12, 9}, /* ! */
    {42, 7, 7, 2, 12, 11}, /* " */
    {70, 17, 19, 0, 12, 18}, /* # */
    {241, 12, 27, 2, 9, 16}, /* $ */
    {403, 22, 21, 1, 12, 24}, /* % */
    {634, 20, 22, 1, 12, 21}, /* & */
    {854, 3, 7, 2, 12, 7}, /* ' */
    {868, 7, 26, 2, 12, 9}, /* ( */
    {972, 7, 26, 0, 12, 9}, /* ) */
    {1076, 11, 10, 1, 12, 12}, /* * */
    {1136, 14, 14, 3, 17, 20}, /* + */
    {1234, 5, 7, 0, 30, 7}, /* , */
    {1255, 9, 2, 2, 24, 12}, /* - */
    {1265, 4, 3, 1, 30, 7}, /* . */
    {1271, 13, 24, -1, 12, 11}, /* / */
    {1439, 14, 21, 1, 12, 16}, /* 0 */
    {1586, 8, 21, 1, 12, 11}, /* 1 */
    {1670, 13, 21, 1, 12, 16}, /* 2 */
    {1817, 13, 21, 1, 12, 16}, /* 3 */
    {1964, 16, 21, 0, 12, 16}, /* 4 */
    {2132, 12, 21, 2, 12, 16}, /* 5 */
    {2258, 14, 21, 1, 12, 16}, /* 6 */
    {2405, 14, 21, 1, 12, 15}, /* 7 */
    {2552, 14, 21, 1, 12, 16}, /* 8 */
    {2699, 14, 21, 1, 12, 16}, /* 9 */
    {2846, 4, 15, 1, 18, 7}, /* : */
    {2876, 5, 19, 0, 18, 7}, /* ; */
    {2933, 14, 14, 3, 17, 20}, /* < */
    {3031, 14, 8, 3, 20, 20}, /* = */
    {3087, 14, 14, 3, 17, 20}, /* > */
    {3185, 11, 21, 1, 12, 13}, /* ? */
    {3311, 25, 24, 2, 12, 28}, /* @ */
    {3623, 19, 21, 0, 12, 19}, /* A */
    {3833, 14, 21, 2, 12, 17}, /* B */
    {3980, 16, 21, 1, 12, 19}, /* C */
    {4148, 18, 21, 2, 12, 21}, /* D */
    {4337, 12, 21, 2, 12, 15}, /* E */
    {4463, 11, 21, 2, 12, 14}, /* F */
    {4589, 18, 21, 1, 12, 20}, /* G */
    {4778, 17, 21, 2, 12, 21}, /* H */
    {4967, 3, 21, 2, 12, 7}, /* I */
    {5009, 8, 21, 0, 12, 10}, /* J */
    {5093, 15, 21, 2, 12, 17}, /* K */
    {5261, 12, 21, 2, 12, 14}, /* L */
    {5387, 22, 21, 2, 12, 26}, /* M */
    {5618, 18, 21, 2, 12, 22}, /* N */
    {5807, 21, 21, 1, 12, 23}, /* O */
    {6038, 13, 21, 2, 12, 17}, /* P */
    {6185, 22, 23, 1, 12, 23}, /* Q */
    {6438, 15, 21, 2, 12, 17}, /* R */
    {6606, 13, 21, 1, 12, 15}, /* S */
    {6753, 15, 21, 0, 12, 16}, /* T */
    {6921, 16, 21, 2, 12, 20}, /* U */
    {7089, 18, 21, 0, 12, 18}, /* V */
    {7278, 27, 21, 0, 12, 27}, /* W */
    {7572, 17, 21, 0, 12, 17}, /* X */
    {7761, 16, 21, 0, 12, 16}, /* Y */
    {7929, 17, 21, 0, 12, 17}, /* Z */
    {8118, 7, 26, 2, 12, 9}, /* [ */
    {8222, 13, 25, -1, 12, 11}, /* backslash */
    {8397, 6, 26, 0, 12, 9}, /* ] */
    {8475, 14, 12, 3, 12, 20}, /* ^ */
    {8559, 13, 2, 0, 36, 12}, /* _ */
    {8573, 6, 5, 1, 10, 8}, /* ` */
    {8588, 12, 15, 1, 18, 15}, /* a */
    {8678, 14, 23, 2, 10, 17}, /* b */
    {8839, 12, 15, 1, 18, 14}, /* c */
    {8929, 14, 23, 1, 10, 17}, /* d */
    {9090, 14, 15, 1, 18, 15}, /* e */
    {9195, 10, 23, 0, 10, 9}, /* f */
    {9310, 14, 22, 1, 18, 17}, /* g */
    {9464, 13, 23, 2, 10, 17}, /* h */
    {9625, 3, 21, 2, 12, 7}, /* i */
    {9667, 9, 28, -4, 12, 7}, /* j */
    {9807, 12, 23, 2, 10, 14}, /* k */
    {9945, 3, 23, 2, 10, 7}, /* l */
    {9991, 22, 15, 2, 18, 25}, /* m */
    {10156, 13, 15, 2, 18, 17}, /* n */
    {10261, 15, 15, 1, 18, 17}, /* o */
    {10381, 14, 22, 2, 18, 17}, /* p */
    {10535, 14, 22, 1, 18, 17}, /* q */
    {10689, 8, 15, 2, 18, 10}, /* r */
    {10749, 10, 15, 1, 18, 12}, /* s */
    {10824, 9, 19, 0, 14, 10}, /* t */
    {10919, 13, 15, 2, 18, 17}, /* u */
    {11024, 14, 15, 0, 18, 14}, /* v */
    {11129, 21, 15, 0, 18, 21}, /* w */
    {11294, 13, 15, 0, 18, 13}, /* x */
    {11399, 14, 22, 0, 18, 14}, /* y */
    {11553, 13, 15, 0, 18, 14}, /* z */
    {11658, 7, 26, 1, 12, 9}, /* { */
    {11762, 3, 30, 2, 10, 7}, /* | */
    {11822, 7, 26, 1, 12, 9}, /* } */
    {11926, 14, 4, 3, 22, 20}, /* ~ */
};
const ui_font_t ui_font_l = {41, 33, 12, ui_font_l_glyphs, ui_font_l_bits};

/* segoeuib.ttf 30 px: 13936 bytes of 4-bit coverage */
static const uint8_t ui_font_lb_bits[] = {
    0x8F,0xFF,0xF5,0x7F,0xFF,0xF4,0x7F,0xFF,0xF3,0x6F,0xFF,0xF3,0x5F,0xFF,0xF2,0x5F,0xFF,0xF1,0x4F,0xFF,0xF1,0x4F,0xFF,0xF0,
    0x3F,0xFF,0xF0,0x3F,0xFF,0xE0,0x2F,0xFF,0xD0,0x1F,0xFF,0xD0,0x1F,0xFF,0xC0,0x0F,0xFF,0xC0,0x00,0x00,0x00,0x00,0x00,0x00,
    0x09,0xEE,0x70,0x8F,0xFF,0xF5,0xBF,0xFF,0xF8,0x7F,0xFF,0xF5,0x09,0xEE,0x80,0x3F,0xFF,0x30,0x6F,0xFF,0x3F,0xFF,0x30,0x6F,
    0xFF,0x3F,0xFF,0x30,0x6F,0xFF,0x3F,0xFF,0x30,0x6F,0xFF,0x3F,0xFF,0x30,0x6F,0xFF,0x3F,0xFF,0x30,0x6F,0xFF,0x00,0x00,0x00,
    0x00,0x00,0x00,0x00,0x00,0xDF,0xF2,0x00,0x7F,0xF7,0x00,0x00,0x00,0x01,0xFF,0xE0,0x00,0xBF,0xF4,0x00,0x00,0x00,0x05,0xFF,
    0xB0,0x00,0xEF,0xF1,0x00,0x00,0x00,0x08,0xFF,0x70,0x02,0xFF,0xD0,0x00,0x00,0x00,0x0B,0xFF,0x40,0x06,0xFF,0x90,0x00,0x00,
    0xEF,0xFF,0xFF,0xFF,0xFF,0xFF,0xFF,0xF2,0x02,0xFF,0xFF,0xFF,0xFF,0xFF,0xFF,0xFF,0xE0,0x03,0xAA,0xCF,0xFD,0xAA,0xAF,0xFF,
    0xAA,0x70,0x00,0x00,0x8F,0xF6,0x00,0x3F,0xFC,0x00,0x00,0x00,0x00,0xBF,0xF4,0x00,0x5F,0xF9,0x00,0x00,0x00,0x00,0xDF,0xF1,
    0x00,0x8F,0xF6,0x00,0x00,0x00,0x01,0xFF,0xD0,0x00,0xBF,0xF3,0x00,0x00,0x0F,0xFF,0xFF,0xFF,0xFF,0xFF,0xFF,0xFF,0x10,0x3F,
    0xFF,0xFF,0xFF,0xFF,0xFF,0xFF,0xFC,0x00,0x4A,0xAE,0xFF,0xBA,0xAC,0xFF,0xDA,0xA6,0x00,0x00,0x0E,0xFF,0x10,0x09,0xFF,0x60,
    0x00,0x00,0x00,0x1F,0xFD,0x00,0x0C,0xFF,0x30,0x00,0x00,0x00,0x4F,0xFA,0x00,0x0E,0xFE,0x00,0x00,0x00,0x00,0x7F,0xF7,0x00,
    0x3F,0xFC,0x00,0x00,0x00,0x00,0xAF,0xF4,0x00,0x6F,0xF8,0x00,0x00,0x00,0x00,0x00,0x00,0x4F,0xD0,0x00,0x00,0x00,0x00,0x00,
    0x00,0x4F,0xD0,0x00,0x00,0x00,0x00,0x00,0x00,0x4F,0xD0,0x00,0x00,0x00,0x00,0x01,0x7C,0xEF,0xFF,0xDB,0x61,0x00,0x00,0x3D,
    0xFF,0xFF,0xFF,0xFF,0xF7,0x00,0x02,0xEF,0xFF,0xFF,0xFF,0xFF,0xF7,0x00,0x0A,0xFF,0xFD,0xAF,0xE8,0xCF,0xF7,0x00,0x1F,0xFF,
    0xE1,0x4F,0xD0,0x02,0xB7,0x00,0x3F,0xFF,0xB0,0x4F,0xD0,0x00,0x01,0x00,0x2F,0xFF,0xE1,0x4F,0xD0,0x00,0x00,0x00,0x0E,0xFF,
    0xFB,0x6F,0xD0,0x00,0x00,0x00,0x08,0xFF,0xFF,0xFF,0xD0,0x00,0x00,0x00,0x01,0xCF,0xFF,0xFF,0xFC,0x60,0x00,0x00,0x00,0x1A,
    0xFF,0xFF,0xFF,0xFD,0x40,0x00,0x00,0x00,0x3A,0xFF,0xFF,0xFF,0xF5,0x00,0x00,0x00,0x00,0x5F,0xFF,0xFF,0xFF,0x20,0x00,0x00,
    0x00,0x4F,0xD6,0xEF,0xFF,0x90,0x00,0x00,0x00,0x4F,0xD0,0x5F,0xFF,0xC0,0x02,0x00,0x00,0x4F,0xD0,0x1F,0xFF,0xC0,0x0C,0xA4,
    0x00,0x4F,0xD0,0x6F,0xFF,0xB0,0x0C,0xFF,0xEA,0xAF,0xEA,0xFF,0xFF,0x60,0x0C,0xFF,0xFF,0xFF,0xFF,0xFF,0xFC,0x00,0x0A,0xFF,
    0xFF,0xFF,0xFF,0xFF,0xA1,0x00,0x00,0x38,0xCE,0xFF,0xFC,0x93,0x00,0x00,0x00,0x00,0x00,0x4F,0xD0,0x00,0x00,0x00,0x00,0x00,
    0x00,0x4F,0xD0,0x00,0x00,0x00,0x00,0x00,0x00,0x4F,0xD0,0x00,0x00,0x00,0x00,0x29,0xDF,0xEB,0x30,0x00,0x00,0x00,0x4F,0xFF,
    0x50,0x00,0x03,0xEF,0xFF,0xFF,0xF5,0x00,0x00,0x01,0xDF,0xFA,0x00,0x00,0x0D,0xFF,0xD9,0xDF,0xFE,0x10,0x00,0x09,0xFF,0xE1,
    0x00,0x00,0x5F,0xFD,0x10,0x0D,0xFF,0x60,0x00,0x4F,0xFF,0x50,0x00,0x00,0x9F,0xF8,0x00,0x08,0xFF,0x80,0x01,0xDF,0xFB,0x00,
    0x00,0x00,0xAF,0xF7,0x00,0x07,0xFF,0x90,0x08,0xFF,0xE2,0x00,0x00,0x00,0xAF,0xF8,0x00,0x08,0xFF,0x80,0x3F,0xFF,0x60,0x00,
    0x00,0x00,0x7F,0xFD,0x10,0x1D,0xFF,0x40,0xCF,0xFB,0x00,0x00,0x00,0x00,0x1E,0xFF,0xD9,0xDF,0xFC,0x07,0xFF,0xE2,0x00,0x00,
    0x00,0x00,0x05,0xFF,0xFF,0xFF,0xE2,0x3F,0xFF,0x70,0x00,0x00,0x00,0x00,0x00,0x3B,0xEF,0xD9,0x10,0xCF,0xFC,0x01,0x8D,0xFE,
    0xB4,0x00,0x00,0x00,0x00,0x00,0x07,0xFF,0xF3,0x2D,0xFF,0xFF,0xFF,0x70,0x00,0x00,0x00,0x00,0x2E,0xFF,0x70,0xCF,0xFD,0xAD,
    0xFF,0xF2,0x00,0x00,0x00,0x00,0xBF,0xFC,0x04,0xFF,0xE1,0x01,0xDF,0xF7,0x00,0x00,0x00,0x06,0xFF,0xF3,0x07,0xFF,0x90,0x00,
    0x7F,0xFA,0x00,0x00,0x00,0x2E,0xFF,0x80,0x09,0xFF,0x80,0x00,0x6F,0xFA,0x00,0x00,0x00,0xAF,0xFD,0x00,0x08,0xFF,0x90,0x00,
    0x7F,0xF9,0x00,0x00,0x05,0xFF,0xF4,0x00,0x05,0xFF,0xD1,0x00,0xCF,0xF5,0x00,0x00,0x1E,0xFF,0x90,0x00,0x01,0xEF,0xFD,0x9D,
    0xFF,0xD0,0x00,0x00,0xAF,0xFD,0x10,0x00,0x00,0x4F,0xFF,0xFF,0xFE,0x30,0x00,0x04,0xFF,0xF4,0x00,0x00,0x00,0x03,0xAE,0xFD,
    0x92,0x00,0x00,0x00,0x05,0xAD,0xFF,0xDA,0x40,0x00,0x00,0x00,0x00,0x00,0x00,0x01,0xCF,0xFF,0xFF,0xFF,0xFA,0x00,0x00,0x00,
    0x00,0x00,0x00,0x0B,0xFF,0xFF,0xFF,0xFF,0xFF,0x80,0x00,0x00,0x00,0x00,0x00,0x3F,0xFF,0xF9,0x33,0xBF,0xFF,0xE0,0x00,0x00,
    0x00,0x00,0x00,0x5F,0xFF,0xD0,0x00,0x2F,0xFF,0xF0,0x00,0x00,0x00,0x00,0x00,0x4F,0xFF,0xE0,0x00,0x3F,0xFF,0xD0,0x00,0x9F,
    0xFF,0x50,0x00,0x0D,0xFF,0xF8,0x02,0xCF,0xFF,0x70,0x00,0x7F,0xFF,0x80,0x00,0x04,0xFF,0xFF,0xCF,0xFF,0xFA,0x00,0x00,0x7F,
    0xFF,0x70,0x00,0x00,0x5F,0xFF,0xFF,0xFE,0x60,0x00,0x00,0x9F,0xFF,0x60,0x00,0x04,0xCF,0xFF,0xFF,0xFD,0x50,0x00,0x00,0xCF,
    0xFF,0x30,0x01,0x9F,0xFF,0xFE,0xFF,0xFF,0xFA,0x10,0x02,0xFF,0xFD,0x00,0x0B,0xFF,0xFF,0x81,0x19,0xFF,0xFF,0xB1,0x08,0xFF,
    0xF8,0x00,0x6F,0xFF,0xF8,0x00,0x00,0x4E,0xFF,0xFA,0x3F,0xFF,0xE2,0x00,0xBF,0xFF,0xE0,0x00,0x00,0x03,0xEF,0xFF,0xEF,0xFF,
    0x70,0x00,0xDF,0xFF,0xC0,0x00,0x00,0x00,0x3F,0xFF,0xFF,0xFB,0x00,0x00,0xDF,0xFF,0xE0,0x00,0x00,0x00,0x09,0xFF,0xFF,0xD1,
    0x00,0x00,0xAF,0xFF,0xF9,0x00,0x00,0x03,0xAF,0xFF,0xFF,0xC2,0x00,0x00,0x4F,0xFF,0xFF,0xD9,0x89,0xDF,0xFF,0xFF,0xFF,0xFE,
    0xA8,0xAE,0x09,0xFF,0xFF,0xFF,0xFF,0xFF,0xFF,0xFB,0xFF,0xFF,0xFF,0xFF,0x00,0x8F,0xFF,0xFF,0xFF,0xFF,0xFC,0x40,0x5E,0xFF,
    0xFF,0xFF,0x00,0x02,0x7B,0xEF,0xED,0xB8,0x30,0x00,0x01,0x8D,0xFE,0xC8,0x7F,0xFF,0x10,0x7F,0xFF,0x10,0x7F,0xFF,0x10,0x7F,
    0xFF,0x10,0x7F,0xFF,0x10,0x7F,0xFF,0x10,0x00,0x00,0x5F,0xFF,0x70,0x00,0x02,0xEF,0xFB,0x00,0x00,0x0B,0xFF,0xF3,0x00,0x00,
    0x5F,0xFF,0xA0,0x00,0x00,0xCF,0xFF,0x20,0x00,0x04,0xFF,0xFB,0x00,0x00,0x09,0xFF,0xF6,0x00,0x00,0x0E,0xFF,0xF1,0x00,0x00,
    0x3F,0xFF,0xD0,0x00,0x00,0x6F,0xFF,0xA0,0x00,0x00,0x8F,0xFF,0x80,0x00,0x00,0x9F,0xFF,0x60,0x00,0x00,0xAF,0xFF,0x60,0x00,
    0x00,0xAF,0xFF,0x60,0x00,0x00,0xAF,0xFF,0x60,0x00,0x00,0x8F,0xFF,0x80,0x00,0x00,0x6F,0xFF,0xA0,0x00,0x00,0x4F,0xFF,0xC0,
    0x00,0x00,0x1F,0xFF,0xF1,0x00,0x00,0x0B,0xFF,0xF5,0x00,0x00,0x05,0xFF,0xFB,0x00,0x00,0x00,0xEF,0xFF,0x20,0x00,0x00,0x6F,
    0xFF,0x90,0x00,0x00,0x0C,0xFF,0xF3,0x00,0x00,0x03,0xFF,0xFB,0x00,0x00,0x00,0x6F,0xFF,0x70,0x6F,0xFF,0x60,0x00,0x00,0x0B,
    0xFF,0xF3,0x00,0x00,0x02,0xFF,0xFC,0x00,0x00,0x00,0x8F,0xFF,0x60,0x00,0x00,0x2F,0xFF,0xD0,0x00,0x00,0x0A,0xFF,0xF5,0x00,
    0x00,0x05,0xFF,0xFB,0x00,0x00,0x01,0xFF,0xFF,0x10,0x00,0x00,0xBF,0xFF,0x40,0x00,0x00,0x8F,0xFF,0x70,0x00,0x00,0x6F,0xFF,
    0x90,0x00,0x00,0x5F,0xFF,0xB0,0x00,0x00,0x4F,0xFF,0xC0,0x00,0x00,0x4F,0xFF,0xC0,0x00,0x00,0x5F,0xFF,0xB0,0x00,0x00,0x6F,
    0xFF,0xA0,0x00,0x00,0x8F,0xFF,0x80,0x00,0x00,0xBF,0xFF,0x50,0x00,0x00,0xEF,0xFF,0x20,0x00,0x04,0xFF,0xFC,0x00,0x00,0x09,
    0xFF,0xF7,0x00,0x00,0x1E,0xFF,0xE1,0x00,0x00,0x8F,0xFF,0x70,0x00,0x02,0xEF,0xFD,0x10,0x00,0x0A,0xFF,0xF3,0x00,0x00,0x6F,
    0xFF,0x60,0x00,0x00,0x00,0x00,0xCF,0xF7,0x00,0x00,0x00,0x00,0xAF,0xF5,0x00,0x00,0x1B,0x30,0x7F,0xF2,0x06,0xA0,0x6F,0xFA,
    0x7F,0xF5,0xDF,0xF1,0xAF,0xFF,0xFF,0xFF,0xFF,0xF5,0x7A,0xCE,0xFF,0xFF,0xDB,0x94,0x00,0x06,0xFF,0xFE,0x20,0x00,0x00,0x5F,
    0xFC,0xEF,0xD2,0x00,0x04,0xFF,0xF3,0x8F,0xFD,0x10,0x05,0xEF,0xA0,0x1E,0xFC,0x20,0x00,0x2B,0x20,0x06,0x80,0x00,0x00,0x00,
    0x00,0xDF,0xF2,0x00,0x00,0x00,0x00,0x00,0x00,0xDF,0xF2,0x00,0x00,0x00,0x00,0x00,0x00,0xDF,0xF2,0x00,0x00,0x00,0x00,0x00,
    0x00,0xDF,0xF2,0x00,0x00,0x00,0x00,0x00,0x00,0xDF,0xF2,0x00,0x00,0x00,0x00,0x00,0x00,0xDF,0xF2,0x00,0x00,0x00,0x8F,0xFF,
    0xFF,0xFF,0xFF,0xFF,0xFF,0xB0,0x8F,0xFF,0xFF,0xFF,0xFF,0xFF,0xFF,0xB0,0x7F,0xFF,0xFF,0xFF,0xFF,0xFF,0xFF,0xB0,0x00,0x00,
    0x00,0xDF,0xF2,0x00,0x00,0x00,0x00,0x00,0x00,0xDF,0xF2,0x00,0x00,0x00,0x00,0x00,0x00,0xDF,0xF2,0x00,0x00,0x00,0x00,0x00,
    0x00,0xDF,0xF2,0x00,0x00,0x00,0x00,0x00,0x00,0xDF,0xF2,0x00,0x00,0x00,0x00,0x00,0x00,0xDF,0xF2,0x00,0x00,0x00,0x01,0xFF,
    0xFF,0x30,0x04,0xFF,0xFD,0x00,0x07,0xFF,0xF8,0x00,0x0A,0xFF,0xF4,0x00,0x0D,0xFF,0xE0,0x00,0x2F,0xFF,0x90,0x00,0x5F,0xFF,
    0x50,0x00,0xEF,0xFF,0xFF,0xFF,0x20,0xEF,0xFF,0xFF,0xFF,0x20,0xEF,0xFF,0xFF,0xFF,0x20,0x08,0xEE,0x91,0x6F,0xFF,0xF8,0x9F,
    0xFF,0xFB,0x6F,0xFF,0xF8,0x08,0xEE,0x91,0x00,0x00,0x00,0x00,0x00,0xBF,0xFF,0x70,0x00,0x00,0x00,0x00,0x02,0xFF,0xFF,0x10,
    0x00,0x00,0x00,0x00,0x08,0xFF,0xF9,0x00,0x00,0x00,0x00,0x00,0x0E,0xFF,0xF3,0x00,0x00,0x00,0x00,0x00,0x5F,0xFF,0xC0,0x00,
    0x00,0x00,0x00,0x00,0xBF,0xFF,0x60,0x00,0x00,0x00,0x00,0x03,0xFF,0xFE,0x10,0x00,0x00,0x00,0x00,0x09,0xFF,0xF9,0x00,0x00,
    0x00,0x00,0x00,0x1E,0xFF,0xF3,0x00,0x00,0x00,0x00,0x00,0x6F,0xFF,0xB0,0x00,0x00,0x00,0x00,0x00,0xCF,0xFF,0x50,0x00,0x00,
    0x00,0x00,0x03,0xFF,0xFE,0x00,0x00,0x00,0x00,0x00,0x09,0xFF,0xF8,0x00,0x00,0x00,0x00,0x00,0x1E,0xFF,0xF2,0x00,0x00,0x00,
    0x00,0x00,0x7F,0xFF,0xB0,0x00,0x00,0x00,0x00,0x00,0xDF,0xFF,0x40,0x00,0x00,0x00,0x00,0x04,0xFF,0xFD,0x00,0x00,0x00,0x00,
    0x00,0x0A,0xFF,0xF7,0x00,0x00,0x00,0x00,0x00,0x1F,0xFF,0xF1,0x00,0x00,0x00,0x00,0x00,0x7F,0xFF,0xA0,0x00,0x00,0x00,0x00,
    0x00,0xDF,0xFF,0x40,0x00,0x00,0x00,0x00,0x04,0xFF,0xFD,0x00,0x00,0x00,0x00,0x00,0x0B,0xFF,0xF6,0x00,0x00,0x00,0x00,0x00,
    0x2F,0xFF,0xE1,0x00,0x00,0x00,0x00,0x00,0x8F,0xFF,0x90,0x00,0x00,0x00,0x00,0x00,0x00,0x00,0x49,0xDE,0xED,0x82,0x00,0x00,
    0x00,0x0A,0xFF,0xFF,0xFF,0xFF,0x60,0x00,0x00,0xAF,0xFF,0xFF,0xFF,0xFF,0xF5,0x00,0x06,0xFF,0xFF,0xD9,0xBF,0xFF,0xFD,0x00,
    0x0D,0xFF,0xFD,0x10,0x09,0xFF,0xFF,0x50,0x4F,0xFF,0xF6,0x00,0x02,0xFF,0xFF,0xA0,0x8F,0xFF,0xF2,0x00,0x00,0xCF,0xFF,0xE0,
    0xBF,0xFF,0xE0,0x00,0x00,0xAF,0xFF,0xF1,0xDF,0xFF,0xC0,0x00,0x00,0x8F,0xFF,0xF2,0xEF,0xFF,0xB0,0x00,0x00,0x7F,0xFF,0xF3,
    0xFF,0xFF,0xB0,0x00,0x00,0x7F,0xFF,0xF4,0xEF,0xFF,0xB0,0x00,0x00,0x8F,0xFF,0xF3,0xEF,0xFF,0xC0,0x00,0x00,0x8F,0xFF,0xF2,
    0xCF,0xFF,0xD0,0x00,0x00,0xAF,0xFF,0xF0,0xAF,0xFF,0xF1,0x00,0x00,0xDF,0xFF,0xC0,0x6F,0xFF,0xF6,0x00,0x02,0xFF,0xFF,0x80,
    0x2F,0xFF,0xFD,0x10,0x0A,0xFF,0xFF,0x30,0x0A,0xFF,0xFF,0xD9,0xCF,0xFF,0xFA,0x00,0x02,0xEF,0xFF,0xFF,0xFF,0xFF,0xD2,0x00,
    0x00,0x3D,0xFF,0xFF,0xFF,0xFD,0x20,0x00,0x00,0x01,0x7B,0xEF,0xEB,0x60,0x00,0x00,0x00,0x00,0x06,0xEF,0xF3,0x00,0x03,0xCF,
    0xFF,0xF3,0x15,0xCF,0xFF,0xFF,0xF3,0xDF,0xFF,0xFF,0xFF,0xF3,0xDF,0xFF,0xFF,0xFF,0xF3,0xDF,0xFD,0xAF,0xFF,0xF3,0xCB,0x50,
    0x6F,0xFF,0xF3,0x00,0x00,0x6F,0xFF,0xF3,0x00,0x00,0x6F,0xFF,0xF3,0x00,0x00,0x6F,0xFF,0xF3,0x00,0x00,0x6F,0xFF,0xF3,0x00,
    0x00,0x6F,0xFF,0xF3,0x00,0x00,0x6F,0xFF,0xF3,0x00,0x00,0x6F,0xFF,0xF3,0x00,0x00,0x6F,0xFF,0xF3,0x00,0x00,0x6F,0xFF,0xF3,
    0x00,0x00,0x6F,0xFF,0xF3,0x00,0x00,0x6F,0xFF,0xF3,0x00,0x00,0x6F,0xFF,0xF3,0x00,0x00,0x6F,0xFF,0xF3,0x00,0x00,0x6F,0xFF,
    0xF3,0x00,0x05,0x9C,0xEF,0xEB,0x71,0x00,0x00,0x05,0xDF,0xFF,0xFF,0xFF,0xFE,0x50,0x00,0x0C,0xFF,0xFF,0xFF,0xFF,0xFF,0xF3,
    0x00,0x0C,0xFF,0xFC,0xBD,0xFF,0xFF,0xFB,0x00,0x0C,0xE6,0x10,0x00,0x4F,0xFF,0xFF,0x10,0x08,0x10,0x00,0x00,0x0A,0xFF,0xFF,
    0x30,0x00,0x00,0x00,0x00,0x08,0xFF,0xFF,0x20,0x00,0x00,0x00,0x00,0x0B,0xFF,0xFF,0x10,0x00,0x00,0x00,0x00,0x5F,0xFF,0xFB,
    0x00,0x00,0x00,0x00,0x04,0xEF,0xFF,0xF3,0x00,0x00,0x00,0x00,0x6F,0xFF,0xFF,0x70,0x00,0x00,0x00,0x19,0xFF,0xFF,0xF7,0x00,
    0x00,0x00,0x02,0xDF,0xFF,0xFE,0x60,0x00,0x00,0x00,0x2D,0xFF,0xFF,0xC2,0x00,0x00,0x00,0x01,0xEF,0xFF,0xF8,0x00,0x00,0x00,
    0x00,0x0A,0xFF,0xFF,0x50,0x00,0x00,0x00,0x00,0x3F,0xFF,0xF8,0x00,0x00,0x00,0x00,0x00,0x8F,0xFF,0xFD,0xDD,0xDD,0xDD,0xDD,
    0x20,0xBF,0xFF,0xFF,0xFF,0xFF,0xFF,0xFF,0x30,0xCF,0xFF,0xFF,0xFF,0xFF,0xFF,0xFF,0x30,0xCF,0xFF,0xFF,0xFF,0xFF,0xFF,0xFF,
    0x30,0x00,0x49,0xCE,0xFE,0xD9,0x30,0x00,0x00,0x07,0xFF,0xFF,0xFF,0xFF,0xF9,0x00,0x00,0x08,0xFF,0xFF,0xFF,0xFF,0xFF,0x90,
    0x00,0x08,0xFE,0xA8,0xAE,0xFF,0xFF,0xF2,0x00,0x06,0x60,0x00,0x01,0xCF,0xFF,0xF6,0x00,0x00,0x00,0x00,0x00,0x6F,0xFF,0xF7,
    0x00,0x00,0x00,0x00,0x00,0x4F,0xFF,0xF5,0x00,0x00,0x00,0x00,0x00,0x9F,0xFF,0xF1,0x00,0x00,0x00,0x01,0x39,0xFF,0xFF,0x80,
    0x00,0x00,0x2F,0xFF,0xFF,0xFF,0xF8,0x00,0x00,0x00,0x2F,0xFF,0xFF,0xFC,0x30,0x00,0x00,0x00,0x2F,0xFF,0xFF,0xFF,0xFB,0x20,
    0x00,0x00,0x18,0x89,0xBE,0xFF,0xFF,0xE3,0x00,0x00,0x00,0x00,0x00,0x7F,0xFF,0xFB,0x00,0x00,0x00,0x00,0x00,0x0B,0xFF,0xFF,
    0x10,0x00,0x00,0x00,0x00,0x0B,0xFF,0xFF,0x10,0x48,0x20,0x00,0x00,0x5F,0xFF,0xFE,0x00,0x4F,0xFC,0x98,0xAC,0xFF,0xFF,0xF8,
    0x00,0x4F,0xFF,0xFF,0xFF,0xFF,0xFF,0xD1,0x00,0x4F,0xFF,0xFF,0xFF,0xFF,0xFA,0x10,0x00,0x04,0x9C,0xEF,0xFE,0xC8,0x30,0x00,
    0x00,0x00,0x00,0x00,0x00,0x09,0xFF,0xFE,0x00,0x00,0x00,0x00,0x00,0x00,0x2F,0xFF,0xFE,0x00,0x00,0x00,0x00,0x00,0x00,0x9F,
    0xFF,0xFE,0x00,0x00,0x00,0x00,0x00,0x03,0xFF,0xFF,0xFE,0x00,0x00,0x00,0x00,0x00,0x0C,0xFF,0xFF,0xFE,0x00,0x00,0x00,0x00,
    0x00,0x7F,0xFF,0xFF,0xFE,0x00,0x00,0x00,0x00,0x02,0xFF,0xFB,0xFF,0xFE,0x00,0x00,0x00,0x00,0x0C,0xFF,0xD4,0xFF,0xFE,0x00,
    0x00,0x00,0x00,0x8F,0xFF,0x44,0xFF,0xFE,0x00,0x00,0x00,0x04,0xFF,0xFA,0x04,0xFF,0xFE,0x00,0x00,0x00,0x2E,0xFF,0xE1,0x04,
    0xFF,0xFE,0x00,0x00,0x00,0xCF,0xFF,0x40,0x04,0xFF,0xFE,0x00,0x00,0x0A,0xFF,0xF8,0x00,0x04,0xFF,0xFE,0x00,0x00,0x5F,0xFF,
    0xE7,0x77,0x79,0xFF,0xFF,0x77,0x30,0x6F,0xFF,0xFF,0xFF,0xFF,0xFF,0xFF,0xFF,0x70,0x6F,0xFF,0xFF,0xFF,0xFF,0xFF,0xFF,0xFF,
    0x70,0x6F,0xFF,0xFF,0xFF,0xFF,0xFF,0xFF,0xFF,0x70,0x00,0x00,0x00,0x00,0x04,0xFF,0xFE,0x00,0x00,0x00,0x00,0x00,0x00,0x04,
    0xFF,0xFE,0x00,0x00,0x00,0x00,0x00,0x00,0x04,0xFF,0xFE,0x00,0x00,0x00,0x00,0x00,0x00,0x04,0xFF,0xFE,0x00,0x00,0x0D,0xFF,
    0xFF,0xFF,0xFF,0xFF,0x50,0x0E,0xFF,0xFF,0xFF,0xFF,0xFF,0x50,0x0F,0xFF,0xFF,0xFF,0xFF,0xFF,0x50,0x0F,0xFF,0xEC,0xCC,0xCC,
    0xCC,0x40,0x2F,0xFF,0xA0,0x00,0x00,0x00,0x00,0x3F,0xFF,0x90,0x00,0x00,0x00,0x00,0x4F,0xFF,0x80,0x00,0x00,0x00,0x00,0x5F,
    0xFF,0x70,0x00,0x00,0x00,0x00,0x6F,0xFF,0xEF,0xFE,0xB7,0x10,0x00,0x7F,0xFF,0xFF,0xFF,0xFF,0xE4,0x00,0x8F,0xFF,0xFF,0xFF,
    0xFF,0xFF,0x30,0x7B,0xA9,0x9A,0xDF,0xFF,0xFF,0xB0,0x00,0x00,0x00,0x06,0xFF,0xFF,0xF1,0x00,0x00,0x00,0x00,0x9F,0xFF,0xF3,
    0x00,0x00,0x00,0x00,0x7F,0xFF,0xF4,0x00,0x00,0x00,0x00,0xAF,0xFF,0xF2,0xA3,0x00,0x00,0x06,0xFF,0xFF,0xD0,0xEF,0xDA,0x9A,
    0xDF,0xFF,0xFF,0x50,0xEF,0xFF,0xFF,0xFF,0xFF,0xF9,0x00,0xEF,0xFF,0xFF,0xFF,0xFF,0x70,0x00,0x38,0xBD,0xEF,0xEB,0x72,0x00,
    0x00,0x00,0x00,0x00,0x5A,0xDE,0xFE,0xC6,0x00,0x00,0x00,0x3C,0xFF,0xFF,0xFF,0xFC,0x00,0x00,0x05,0xFF,0xFF,0xFF,0xFF,0xFC,
    0x00,0x00,0x3F,0xFF,0xFF,0xD9,0x9A,0xEC,0x00,0x00,0xCF,0xFF,0xF6,0x00,0x00,0x03,0x00,0x05,0xFF,0xFF,0x60,0x00,0x00,0x00,
    0x00,0x0B,0xFF,0xFC,0x00,0x00,0x00,0x00,0x00,0x1F,0xFF,0xF7,0x00,0x00,0x00,0x00,0x00,0x4F,0xFF,0xF3,0x3A,0xEF,0xEA,0x30,
    0x00,0x6F,0xFF,0xF7,0xFF,0xFF,0xFF,0xF7,0x00,0x7F,0xFF,0xFF,0xFF,0xFF,0xFF,0xFF,0x40,0x8F,0xFF,0xFF,0xC8,0x8C,0xFF,0xFF,
    0xC0,0x7F,0xFF,0xFB,0x00,0x00,0xCF,0xFF,0xF1,0x6F,0xFF,0xF5,0x00,0x00,0x6F,0xFF,0xF3,0x3F,0xFF,0xF4,0x00,0x00,0x5F,0xFF,
    0xF3,0x1F,0xFF,0xF7,0x00,0x00,0x7F,0xFF,0xF2,0x0A,0xFF,0xFE,0x20,0x02,0xDF,0xFF,0xC0,0x03,0xFF,0xFF,0xEA,0xAE,0xFF,0xFF,
    0x50,0x00,0x8F,0xFF,0xFF,0xFF,0xFF,0xFA,0x00,0x00,0x08,0xFF,0xFF,0xFF,0xFF,0x90,0x00,0x00,0x00,0x39,0xDE,0xED,0x93,0x00,
    0x00,0x9F,0xFF,0xFF,0xFF,0xFF,0xFF,0xFF,0xF0,0x9F,0xFF,0xFF,0xFF,0xFF,0xFF,0xFF,0xF0,0x9F,0xFF,0xFF,0xFF,0xFF,0xFF,0xFF,
    0xF0,0x7C,0xCC,0xCC,0xCC,0xCC,0xFF,0xFF,0x90,0x00,0x00,0x00,0x00,0x04,0xFF,0xFE,0x10,0x00,0x00,0x00,0x00,0x0C,0xFF,0xF7,
    0x00,0x00,0x00,0x00,0x00,0x6F,0xFF,0xE1,0x00,0x00,0x00,0x00,0x01,0xEF,0xFF,0x70,0x00,0x00,0x00,0x00,0x07,0xFF,0xFE,0x10,
    0x00,0x00,0x00,0x00,0x1E,0xFF,0xF8,0x00,0x00,0x00,0x00,0x00,0x6F,0xFF,0xF2,0x00,0x00,0x00,0x00,0x00,0xDF,0xFF,0xA0,0x00,
    0x00,0x00,0x00,0x04,0xFF,0xFF,0x40,0x00,0x00,0x00,0x00,0x0A,0xFF,0xFE,0x00,0x00,0x00,0x00,0x00,0x1E,0xFF,0xFA,0x00,0x00,
    0x00,0x00,0x00,0x5F,0xFF,0xF5,0x00,0x00,0x00,0x00,0x00,0xAF,0xFF,0xF0,0x00,0x00,0x00,0x00,0x00,0xEF,0xFF,0xC0,0x00,0x00,
    0x00,0x00,0x03,0xFF,0xFF,0x80,0x00,0x00,0x00,0x00,0x06,0xFF,0xFF,0x60,0x00,0x00,0x00,0x00,0x09,0xFF,0xFF,0x30,0x00,0x00,
    0x00,0x00,0x00,0x6B,0xEF,0xEC,0x82,0x00,0x00,0x00,0x3D,0xFF,0xFF,0xFF,0xFF,0x70,0x00,0x02,0xEF,0xFF,0xFF,0xFF,0xFF,0xF7,
    0x00,0x0A,0xFF,0xFF,0xA6,0x8E,0xFF,0xFF,0x10,0x0E,0xFF,0xF9,0x00,0x03,0xFF,0xFF,0x50,0x0F,0xFF,0xF4,0x00,0x00,0xDF,0xFF,
    0x60,0x0D,0xFF,0xF5,0x00,0x00,0xEF,0xFF,0x40,0x08,0xFF,0xFC,0x10,0x07,0xFF,0xFC,0x00,0x01,0xCF,0xFF,0xEA,0xCF,0xFF,0xD2,
    0x00,0x00,0x19,0xFF,0xFF,0xFF,0xF9,0x10,0x00,0x00,0x18,0xEF,0xFF,0xFF,0xFC,0x40,0x00,0x03,0xEF,0xFF,0xFF,0xFF,0xFF,0xF7,
    0x00,0x1E,0xFF,0xFB,0x20,0x18,0xFF,0xFF,0x50,0x7F,0xFF,0xD1,0x00,0x00,0xAF,0xFF,0xC0,0xBF,0xFF,0x90,0x00,0x00,0x5F,0xFF,
    0xF0,0xCF,0xFF,0xA0,0x00,0x00,0x6F,0xFF,0xF1,0xAF,0xFF,0xE2,0x00,0x00,0xCF,0xFF,0xD0,0x4F,0xFF,0xFE,0x85,0x7D,0xFF,0xFF,
    0x80,0x09,0xFF,0xFF,0xFF,0xFF,0xFF,0xFC,0x10,0x00,0x8F,0xFF,0xFF,0xFF,0xFF,0xB1,0x00,0x00,0x02,0x8C,0xEF,0xEC,0x94,0x00,
    0x00,0x00,0x01,0x7B,0xEF,0xEB,0x60,0x00,0x00,0x00,0x4E,0xFF,0xFF,0xFF,0xFC,0x10,0x00,0x04,0xFF,0xFF,0xFF,0xFF,0xFF,0xD1,
    0x00,0x0D,0xFF,0xFF,0xC9,0xCF,0xFF,0xF8,0x00,0x6F,0xFF,0xF7,0x00,0x0A,0xFF,0xFF,0x10,0xAF,0xFF,0xE0,0x00,0x01,0xFF,0xFF,
    0x60,0xCF,0xFF,0xB0,0x00,0x00,0xDF,0xFF,0x90,0xCF,0xFF,0xC0,0x00,0x00,0xCF,0xFF,0xC0,0xBF,0xFF,0xE2,0x00,0x02,0xFF,0xFF,
    0xD0,0x7F,0xFF,0xFC,0x31,0x3C,0xFF,0xFF,0xE0,0x1E,0xFF,0xFF,0xFF,0xFF,0xFF,0xFF,0xD0,0x05,0xFF,0xFF,0xFF,0xFF,0xCF,0xFF,
    0xC0,0x00,0x4D,0xFF,0xFF,0xD4,0xAF,0xFF,0xA0,0x00,0x00,0x36,0x64,0x00,0xCF,0xFF,0x70,0x00,0x00,0x00,0x00,0x02,0xFF,0xFF,
    0x30,0x00,0x00,0x00,0x00,0x0A,0xFF,0xFD,0x00,0x04,0x10,0x00,0x01,0x9F,0xFF,0xF6,0x00,0x0A,0xFB,0x99,0xAE,0xFF,0xFF,0xC0,
    0x00,0x0A,0xFF,0xFF,0xFF,0xFF,0xFD,0x20,0x00,0x0A,0xFF,0xFF,0xFF,0xFF,0xA1,0x00,0x00,0x03,0x8C,0xDF,0xED,0x94,0x00,0x00,
    0x00,0x08,0xEE,0x91,0x6F,0xFF,0xF8,0x9F,0xFF,0xFB,0x6F,0xFF,0xF8,0x08,0xEE,0x91,0x00,0x00,0x00,0x00,0x00,0x00,0x00,0x00,
    0x00,0x00,0x00,0x00,0x00,0x00,0x00,0x08,0xEE,0x91,0x6F,0xFF,0xF8,0x9F,0xFF,0xFB,0x6F,0xFF,0xF8,0x08,0xEE,0x91,0x00,0x7D,
    0xEA,0x10,0x05,0xFF,0xFF,0x90,0x08,0xFF,0xFF,0xC0,0x04,0xFF,0xFF,0x90,0x00,0x7D,0xEA,0x10,0x00,0x00,0x00,0x00,0x00,0x00,
    0x00,0x00,0x00,0x00,0x00,0x00,0x00,0x00,0x00,0x00,0x00,0x00,0x00,0x00,0x00,0x00,0x00,0x00,0x00,0x00,0x00,0x00,0x01,0xFF,
    0xFF,0x30,0x04,0xFF,0xFD,0x00,0x07,0xFF,0xF8,0x00,0x0A,0xFF,0xF4,0x00,0x0D,0xFF,0xE0,0x00,0x2F,0xFF,0x90,0x00,0x5F,0xFF,
    0x50,0x00,0x00,0x00,0x00,0x00,0x00,0x00,0x29,0x60,0x00,0x00,0x00,0x00,0x00,0x4A,0xFF,0x70,0x00,0x00,0x00,0x00,0x6C,0xFF,
    0xFF,0x70,0x00,0x00,0x01,0x8E,0xFF,0xFF,0xD8,0x20,0x00,0x03,0x9F,0xFF,0xFF,0xA4,0x00,0x00,0x05,0xBF,0xFF,0xFD,0x71,0x00,
    0x00,0x00,0x3F,0xFF,0xE9,0x40,0x00,0x00,0x00,0x00,0x3F,0xFF,0xFA,0x40,0x00,0x00,0x00,0x00,0x05,0xBF,0xFF,0xFD,0x82,0x00,
    0x00,0x00,0x00,0x03,0xAF,0xFF,0xFF,0xB6,0x10,0x00,0x00,0x00,0x01,0x8E,0xFF,0xFF,0xE9,0x20,0x00,0x00,0x00,0x00,0x6C,0xFF,
    0xFF,0x70,0x00,0x00,0x00,0x00,0x00,0x4B,0xFF,0x70,0x00,0x00,0x00,0x00,0x00,0x00,0x29,0x60,0x8F,0xFF,0xFF,0xFF,0xFF,0xFF,
    0xFF,0xB0,0x8F,0xFF,0xFF,0xFF,0xFF,0xFF,0xFF,0xB0,0x8F,0xFF,0xFF,0xFF,0xFF,0xFF,0xFF,0xB0,0x00,0x00,0x00,0x00,0x00,0x00,
    0x00,0x00,0x00,0x00,0x00,0x00,0x00,0x00,0x00,0x00,0x00,0x00,0x00,0x00,0x00,0x00,0x00,0x00,0x8F,0xFF,0xFF,0xFF,0xFF,0xFF,
    0xFF,0xB0,0x8F,0xFF,0xFF,0xFF,0xFF,0xFF,0xFF,0xB0,0x7F,0xFF,0xFF,0xFF,0xFF,0xFF,0xFF,0xB0,0x3A,0x40,0x00,0x00,0x00,0x00,
    0x00,0x00,0x3F,0xFC,0x60,0x00,0x00,0x00,0x00,0x00,0x3F,0xFF,0xFE,0x71,0x00,0x00,0x00,0x00,0x16,0xCF,0xFF,0xFF,0x93,0x00,
    0x00,0x00,0x00,0x03,0x9E,0xFF,0xFF,0xB5,0x00,0x00,0x00,0x00,0x01,0x6C,0xFF,0xFF,0xD6,0x10,0x00,0x00,0x00,0x00,0x39,0xEF,
    0xFF,0x70,0x00,0x00,0x00,0x00,0x28,0xEF,0xFF,0x70,0x00,0x00,0x01,0x6C,0xFF,0xFF,0xD6,0x10,0x00,0x04,0xAE,0xFF,0xFF,0xB5,
    0x00,0x00,0x17,0xDF,0xFF,0xFF,0x93,0x00,0x00,0x00,0x3F,0xFF,0xFE,0x71,0x00,0x00,0x00,0x00,0x3F,0xFC,0x60,0x00,0x00,0x00,
    0x00,0x00,0x3A,0x40,0x00,0x00,0x00,0x00,0x00,0x00,0x00,0x5A,0xDE,0xFE,0xB7,0x10,0x00,0x1D,0xFF,0xFF,0xFF,0xFF,0xD3,0x00,
    0x1F,0xFF,0xFF,0xFF,0xFF,0xFD,0x10,0x1F,0xFF,0xFD,0xFF,0xFF,0xFF,0x50,0x1F,0xC4,0x00,0x1A,0xFF,0xFF,0x80,0x18,0x00,0x00,
    0x02,0xFF,0xFF,0x70,0x00,0x00,0x00,0x04,0xFF,0xFF,0x40,0x00,0x00,0x00,0x1C,0xFF,0xFB,0x00,0x00,0x00,0x02,0xCF,0xFF,0xD1,
    0x00,0x00,0x00,0x3E,0xFF,0xFB,0x10,0x00,0x00,0x00,0xDF,0xFF,0x90,0x00,0x00,0x00,0x05,0xFF,0xFB,0x00,0x00,0x00,0x00,0x06,
    0xFF,0xF6,0x00,0x00,0x00,0x00,0x04,0xFF,0xF8,0x00,0x00,0x00,0x00,0x00,0x00,0x00,0x00,0x00,0x00,0x00,0x00,0x00,0x00,0x00,
    0x00,0x00,0x00,0x00,0x8E,0xE8,0x00,0x00,0x00,0x00,0x07,0xFF,0xFF,0x60,0x00,0x00,0x00,0x0A,0xFF,0xFF,0x90,0x00,0x00,0x00,
    0x07,0xFF,0xFF,0x60,0x00,0x00,0x00,0x00,0x8E,0xE8,0x00,0x00,0x00,0x00,0x00,0x00,0x01,0x59,0xCD,0xEE,0xDC,0x95,0x00,0x00,
    0x00,0x00,0x00,0x00,0x01,0x7E,0xFF,0xFF,0xFF,0xFF,0xFF,0xE7,0x00,0x00,0x00,0x00,0x00,0x3D,0xFF,0xFF,0xEB,0xAA,0xBD,0xFF,
    0xFF,0xC2,0x00,0x00,0x00,0x05,0xEF,0xFF,0xB4,0x00,0x00,0x00,0x29,0xFF,0xFE,0x20,0x00,0x00,0x3F,0xFF,0xE5,0x00,0x00,0x00,
    0x00,0x00,0x4E,0xFF,0xD1,0x00,0x01,0xEF,0xFE,0x30,0x00,0x00,0x00,0x00,0x00,0x04,0xFF,0xF8,0x00,0x08,0xFF,0xF4,0x00,0x05,
    0xBE,0xEA,0x2B,0xBB,0x20,0x9F,0xFF,0x10,0x1F,0xFF,0x90,0x00,0x9F,0xFF,0xFF,0xCF,0xFF,0x10,0x2F,0xFF,0x50,0x6F,0xFF,0x20,
    0x07,0xFF,0xFC,0x9D,0xFF,0xFF,0x00,0x0D,0xFF,0x80,0xAF,0xFC,0x00,0x1F,0xFF,0xA0,0x00,0xDF,0xFD,0x00,0x0B,0xFF,0xA0,0xDF,
    0xF8,0x00,0x7F,0xFF,0x20,0x00,0x8F,0xFC,0x00,0x0A,0xFF,0xA0,0xEF,0xF6,0x00,0xBF,0xFB,0x00,0x00,0x8F,0xFB,0x00,0x0B,0xFF,
    0x90,0xFF,0xF5,0x00,0xCF,0xF9,0x00,0x00,0xAF,0xF9,0x00,0x0C,0xFF,0x70,0xEF,0xF6,0x00,0xDF,0xF8,0x00,0x00,0xDF,0xF9,0x00,
    0x2F,0xFF,0x30,0xCF,0xF8,0x00,0xCF,0xFB,0x00,0x04,0xFF,0xF9,0x00,0x7F,0xFC,0x00,0x9F,0xFC,0x00,0x8F,0xFF,0x61,0x4D,0xFF,
    0xFD,0x14,0xEF,0xF4,0x00,0x5F,0xFF,0x30,0x2E,0xFF,0xFF,0xFE,0x7F,0xFF,0xFF,0xFF,0x80,0x00,0x0D,0xFF,0xC0,0x05,0xEF,0xFF,
    0xF4,0x1C,0xFF,0xFF,0xE6,0x00,0x00,0x05,0xFF,0xF9,0x00,0x16,0x87,0x20,0x00,0x68,0x85,0x10,0x00,0x00,0x00,0x9F,0xFF,0xB2,
    0x00,0x00,0x00,0x00,0x00,0x00,0x00,0x00,0x00,0x00,0x09,0xFF,0xFF,0xA6,0x21,0x01,0x24,0x7B,0x80,0x00,0x00,0x00,0x00,0x00,
    0x6E,0xFF,0xFF,0xFF,0xFF,0xFF,0xFF,0x90,0x00,0x00,0x00,0x00,0x00,0x01,0x7D,0xFF,0xFF,0xFF,0xFF,0xFF,0x90,0x00,0x00,0x00,
    0x00,0x00,0x00,0x00,0x26,0x78,0x99,0x87,0x63,0x10,0x00,0x00,0x00,0x00,0x00,0x00,0x06,0xFF,0xFF,0xF9,0x00,0x00,0x00,0x00,
    0x00,0x00,0x00,0x0B,0xFF,0xFF,0xFE,0x00,0x00,0x00,0x00,0x00,0x00,0x00,0x2F,0xFF,0xFF,0xFF,0x40,0x00,0x00,0x00,0x00,0x00,
    0x00,0x7F,0xFF,0xEF,0xFF,0xA0,0x00,0x00,0x00,0x00,0x00,0x00,0xDF,0xFF,0x9F,0xFF,0xE1,0x00,0x00,0x00,0x00,0x00,0x03,0xFF,
    0xFF,0x3F,0xFF,0xF5,0x00,0x00,0x00,0x00,0x00,0x09,0xFF,0xFB,0x0D,0xFF,0xFB,0x00,0x00,0x00,0x00,0x00,0x0E,0xFF,0xF7,0x08,
    0xFF,0xFF,0x10,0x00,0x00,0x00,0x00,0x5F,0xFF,0xF2,0x04,0xFF,0xFF,0x60,0x00,0x00,0x00,0x00,0xAF,0xFF,0xD0,0x00,0xEF,0xFF,
    0xC0,0x00,0x00,0x00,0x01,0xFF,0xFF,0x80,0x00,0x9F,0xFF,0xF2,0x00,0x00,0x00,0x06,0xFF,0xFF,0x30,0x00,0x5F,0xFF,0xF7,0x00,
    0x00,0x00,0x0B,0xFF,0xFE,0x00,0x00,0x1F,0xFF,0xFD,0x00,0x00,0x00,0x2F,0xFF,0xFF,0xFF,0xFF,0xFF,0xFF,0xFF,0x30,0x00,0x00,
    0x7F,0xFF,0xFF,0xFF,0xFF,0xFF,0xFF,0xFF,0x80,0x00,0x00,0xDF,0xFF,0xFF,0xFF,0xFF,0xFF,0xFF,0xFF,0xE0,0x00,0x03,0xFF,0xFF,
    0xDA,0xAA,0xAA,0xAA,0xEF,0xFF,0xF4,0x00,0x09,0xFF,0xFF,0x70,0x00,0x00,0x00,0x7F,0xFF,0xF9,0x00,0x0E,0xFF,0xFF,0x20,0x00,
    0x00,0x00,0x2F,0xFF,0xFE,0x10,0x5F,0xFF,0xFC,0x00,0x00,0x00,0x00,0x0C,0xFF,0xFF,0x50,0xAF,0xFF,0xF7,0x00,0x00,0x00,0x00,
    0x07,0xFF,0xFF,0xA0,0x9F,0xFF,0xFF,0xFF,0xFE,0xC9,0x40,0x00,0x00,0x9F,0xFF,0xFF,0xFF,0xFF,0xFF,0xFA,0x10,0x00,0x9F,0xFF,
    0xFF,0xFF,0xFF,0xFF,0xFF,0xB0,0x00,0x9F,0xFF,0xF8,0x78,0xAE,0xFF,0xFF,0xF2,0x00,0x9F,0xFF,0xF2,0x00,0x02,0xEF,0xFF,0xF5,
    0x00,0x9F,0xFF,0xF2,0x00,0x00,0xBF,0xFF,0xF4,0x00,0x9F,0xFF,0xF2,0x00,0x00,0xDF,0xFF,0xD0,0x00,0x9F,0xFF,0xF2,0x01,0x3A,
    0xFF,0xFE,0x30,0x00,0x9F,0xFF,0xFF,0xFF,0xFF,0xFF,0xA2,0x00,0x00,0x9F,0xFF,0xFF,0xFF,0xFF,0xFC,0x71,0x00,0x00,0x9F,0xFF,
    0xFF,0xFF,0xFF,0xFF,0xFE,0x50,0x00,0x9F,0xFF,0xF9,0x88,0x9D,0xFF,0xFF,0xF3,0x00,0x9F,0xFF,0xF2,0x00,0x00,0x9F,0xFF,0xFC,
    0x00,0x9F,0xFF,0xF2,0x00,0x00,0x0E,0xFF,0xFF,0x10,0x9F,0xFF,0xF2,0x00,0x00,0x0D,0xFF,0xFF,0x20,0x9F,0xFF,0xF2,0x00,0x00,
    0x1F,0xFF,0xFF,0x10,0x9F,0xFF,0xF2,0x00,0x00,0x9F,0xFF,0xFD,0x00,0x9F,0xFF,0xF8,0x77,0x9D,0xFF,0xFF,0xF7,0x00,0x9F,0xFF,
    0xFF,0xFF,0xFF,0xFF,0xFF,0xC0,0x00,0x9F,0xFF,0xFF,0xFF,0xFF,0xFF,0xFA,0x10,0x00,0x9F,0xFF,0xFF,0xFF,0xFE,0xC9,0x30,0x00,
    0x00,0x00,0x00,0x00,0x27,0xAD,0xEF,0xED,0xB7,0x20,0x00,0x00,0x19,0xFF,0xFF,0xFF,0xFF,0xFF,0x70,0x00,0x04,0xEF,0xFF,0xFF,
    0xFF,0xFF,0xFF,0x70,0x00,0x3F,0xFF,0xFF,0xFF,0xFF,0xFF,0xFF,0x70,0x02,0xEF,0xFF,0xFF,0xB6,0x31,0x24,0x6B,0x70,0x09,0xFF,
    0xFF,0xE5,0x00,0x00,0x00,0x00,0x00,0x2F,0xFF,0xFF,0x50,0x00,0x00,0x00,0x00,0x00,0x6F,0xFF,0xFB,0x00,0x00,0x00,0x00,0x00,
    0x00,0xAF,0xFF,0xF5,0x00,0x00,0x00,0x00,0x00,0x00,0xCF,0xFF,0xF2,0x00,0x00,0x00,0x00,0x00,0x00,0xDF,0xFF,0xF1,0x00,0x00,
    0x00,0x00,0x00,0x00,0xDF,0xFF,0xF2,0x00,0x00,0x00,0x00,0x00,0x00,0xCF,0xFF,0xF5,0x00,0x00,0x00,0x00,0x00,0x00,0xAF,0xFF,
    0xFA,0x00,0x00,0x00,0x00,0x00,0x00,0x6F,0xFF,0xFF,0x30,0x00,0x00,0x00,0x00,0x00,0x1E,0xFF,0xFF,0xE4,0x00,0x00,0x00,0x00,
    0x00,0x07,0xFF,0xFF,0xFF,0xA5,0x22,0x34,0x7B,0x70,0x00,0xBF,0xFF,0xFF,0xFF,0xFF,0xFF,0xFF,0x70,0x00,0x1B,0xFF,0xFF,0xFF,
    0xFF,0xFF,0xFF,0x70,0x00,0x00,0x8E,0xFF,0xFF,0xFF,0xFF,0xFF,0x70,0x00,0x00,0x01,0x6A,0xDE,0xFF,0xEC,0x95,0x00,0x9F,0xFF,
    0xFF,0xFF,0xED,0xC9,0x61,0x00,0x00,0x00,0x9F,0xFF,0xFF,0xFF,0xFF,0xFF,0xFF,0x91,0x00,0x00,0x9F,0xFF,0xFF,0xFF,0xFF,0xFF,
    0xFF,0xFD,0x30,0x00,0x9F,0xFF,0xFD,0xDD,0xEF,0xFF,0xFF,0xFF,0xE2,0x00,0x9F,0xFF,0xF2,0x00,0x02,0x6D,0xFF,0xFF,0xFB,0x00,
    0x9F,0xFF,0xF2,0x00,0x00,0x01,0xBF,0xFF,0xFF,0x30,0x9F,0xFF,0xF2,0x00,0x00,0x00,0x1D,0xFF,0xFF,0x80,0x9F,0xFF,0xF2,0x00,
    0x00,0x00,0x07,0xFF,0xFF,0xC0,0x9F,0xFF,0xF2,0x00,0x00,0x00,0x02,0xFF,0xFF,0xE0,0x9F,0xFF,0xF2,0x00,0x00,0x00,0x00,0xFF,
    0xFF,0xF0,0x9F,0xFF,0xF2,0x00,0x00,0x00,0x00,0xEF,0xFF,0xF0,0x9F,0xFF,0xF2,0x00,0x00,0x00,0x00,0xFF,0xFF,0xE0,0x9F,0xFF,
    0xF2,0x00,0x00,0x00,0x03,0xFF,0xFF,0xC0,0x9F,0xFF,0xF2,0x00,0x00,0x00,0x08,0xFF,0xFF,0x90,0x9F,0xFF,0xF2,0x00,0x00,0x00,
    0x2E,0xFF,0xFF,0x40,0x9F,0xFF,0xF2,0x00,0x00,0x02,0xCF,0xFF,0xFC,0x00,0x9F,0xFF,0xF2,0x00,0x02,0x7E,0xFF,0xFF,0xF4,0x00,
    0x9F,0xFF,0xFD,0xDD,0xEF,0xFF,0xFF,0xFF,0x70,0x00,0x9F,0xFF,0xFF,0xFF,0xFF,0xFF,0xFF,0xF7,0x00,0x00,0x9F,0xFF,0xFF,0xFF,
    0xFF,0xFF,0xFB,0x30,0x00,0x00,0x9F,0xFF,0xFF,0xFF,0xED,0xB8,0x30,0x00,0x00,0x00,0x9F,0xFF,0xFF,0xFF,0xFF,0xFF,0x80,0x9F,
    0xFF,0xFF,0xFF,0xFF,0xFF,0x80,0x9F,0xFF,0xFF,0xFF,0xFF,0xFF,0x80,0x9F,0xFF,0xFD,0xDD,0xDD,0xDD,0x70,0x9F,0xFF,0xF2,0x00,
    0x00,0x00,0x00,0x9F,0xFF,0xF2,0x00,0x00,0x00,0x00,0x9F,0xFF,0xF2,0x00,0x00,0x00,0x00,0x9F,0xFF,0xF2,0x00,0x00,0x00,0x00,
    0x9F,0xFF,0xF2,0x00,0x00,0x00,0x00,0x9F,0xFF,0xFF,0xFF,0xFF,0xFF,0x00,0x9F,0xFF,0xFF,0xFF,0xFF,0xFF,0x00,0x9F,0xFF,0xFF,
    0xFF,0xFF,0xFF,0x00,0x9F,0xFF,0xFD,0xDD,0xDD,0xDD,0x00,0x9F,0xFF,0xF2,0x00,0x00,0x00,0x00,0x9F,0xFF,0xF2,0x00,0x00,0x00,
    0x00,0x9F,0xFF,0xF2,0x00,0x00,0x00,0x00,0x9F,0xFF,0xF2,0x00,0x00,0x00,0x00,0x9F,0xFF,0xFD,0xDD,0xDD,0xDD,0xD0,0x9F,0xFF,
    0xFF,0xFF,0xFF,0xFF,0xF0,0x9F,0xFF,0xFF,0xFF,0xFF,0xFF,0xF0,0x9F,0xFF,0xFF,0xFF,0xFF,0xFF,0xF0,0x9F,0xFF,0xFF,0xFF,0xFF,
    0xFF,0x80,0x9F,0xFF,0xFF,0xFF,0xFF,0xFF,0x80,0x9F,0xFF,0xFF,0xFF,0xFF,0xFF,0x80,0x9F,0xFF,0xFD,0xDD,0xDD,0xDD,0x70,0x9F,
    0xFF,0xF2,0x00,0x00,0x00,0x00,0x9F,0xFF,0xF2,0x00,0x00,0x00,0x00,0x9F,0xFF,0xF2,0x00,0x00,0x00,0x00,0x9F,0xFF,0xF2,0x00,
    0x00,0x00,0x00,0x9F,0xFF,0xF2,0x00,0x00,0x00,0x00,0x9F,0xFF,0xFF,0xFF,0xFF,0xFE,0x00,0x9F,0xFF,0xFF,0xFF,0xFF,0xFE,0x00,
    0x9F,0xFF,0xFF,0xFF,0xFF,0xFE,0x00,0x9F,0xFF,0xFD,0xDD,0xDD,0xDC,0x00,0x9F,0xFF,0xF2,0x00,0x00,0x00,0x00,0x9F,0xFF,0xF2,
    0x00,0x00,0x00,0x00,0x9F,0xFF,0xF2,0x00,0x00,0x00,0x00,0x9F,0xFF,0xF2,0x00,0x00,0x00,0x00,0x9F,0xFF,0xF2,0x00,0x00,0x00,
    0x00,0x9F,0xFF,0xF2,0x00,0x00,0x00,0x00,0x9F,0xFF,0xF2,0x00,0x00,0x00,0x00,0x9F,0xFF,0xF2,0x00,0x00,0x00,0x00,0x00,0x00,
    0x00,0x16,0x9C,0xEF,0xED,0xCA,0x62,0x00,0x00,0x00,0x18,0xEF,0xFF,0xFF,0xFF,0xFF,0xFA,0x00,0x00,0x03,0xDF,0xFF,0xFF,0xFF,
    0xFF,0xFF,0xFA,0x00,0x00,0x3E,0xFF,0xFF,0xFF,0xFF,0xFF,0xFF,0xFA,0x00,0x01,0xDF,0xFF,0xFF,0xA4,0x10,0x01,0x25,0x99,0x00,
    0x09,0xFF,0xFF,0xE4,0x00,0x00,0x00,0x00,0x00,0x00,0x2F,0xFF,0xFF,0x50,0x00,0x00,0x00,0x00,0x00,0x00,0x6F,0xFF,0xFB,0x00,
    0x00,0x00,0x00,0x00,0x00,0x00,0xAF,0xFF,0xF5,0x00,0x00,0x00,0x00,0x00,0x00,0x00,0xCF,0xFF,0xF2,0x00,0x04,0xFF,0xFF,0xFF,
    0xFF,0xA0,0xDF,0xFF,0xF1,0x00,0x04,0xFF,0xFF,0xFF,0xFF,0xA0,0xDF,0xFF,0xF2,0x00,0x04,0xFF,0xFF,0xFF,0xFF,0xA0,0xCF,0xFF,
    0xF4,0x00,0x03,0xCC,0xCC,0xFF,0xFF,0xA0,0x9F,0xFF,0xF9,0x00,0x00,0x00,0x01,0xFF,0xFF,0xA0,0x5F,0xFF,0xFE,0x20,0x00,0x00,
    0x01,0xFF,0xFF,0xA0,0x1E,0xFF,0xFF,0xC2,0x00,0x00,0x01,0xFF,0xFF,0xA0,0x07,0xFF,0xFF,0xFE,0x73,0x00,0x15,0xFF,0xFF,0xA0,
    0x00,0xAF,0xFF,0xFF,0xFF,0xFF,0xFF,0xFF,0xFF,0xA0,0x00,0x1A,0xFF,0xFF,0xFF,0xFF,0xFF,0xFF,0xFF,0xA0,0x00,0x00,0x6D,0xFF,
    0xFF,0xFF,0xFF,0xFF,0xFC,0x40,0x00,0x00,0x00,0x59,0xCE,0xFF,0xED,0xA7,0x30,0x00,0x9F,0xFF,0xF2,0x00,0x00,0x00,0x03,0xFF,
    0xFF,0x90,0x9F,0xFF,0xF2,0x00,0x00,0x00,0x03,0xFF,0xFF,0x90,0x9F,0xFF,0xF2,0x00,0x00,0x00,0x03,0xFF,0xFF,0x90,0x9F,0xFF,
    0xF2,0x00,0x00,0x00,0x03,0xFF,0xFF,0x90,0x9F,0xFF,0xF2,0x00,0x00,0x00,0x03,0xFF,0xFF,0x90,0x9F,0xFF,0xF2,0x00,0x00,0x00,
    0x03,0xFF,0xFF,0x90,0x9F,0xFF,0xF2,0x00,0x00,0x00,0x03,0xFF,0xFF,0x90,0x9F,0xFF,0xF2,0x00,0x00,0x00,0x03,0xFF,0xFF,0x90,
    0x9F,0xFF,0xFF,0xFF,0xFF,0xFF,0xFF,0xFF,0xFF,0x90,0x9F,0xFF,0xFF,0xFF,0xFF,0xFF,0xFF,0xFF,0xFF,0x90,0x9F,0xFF,0xFF,0xFF,
    0xFF,0xFF,0xFF,0xFF,0xFF,0x90,0x9F,0xFF,0xFF,0xFF,0xFF,0xFF,0xFF,0xFF,0xFF,0x90,0x9F,0xFF,0xF3,0x11,0x11,0x11,0x14,0xFF,
    0xFF,0x90,0x9F,0xFF,0xF2,0x00,0x00,0x00,0x03,0xFF,0xFF,0x90,0x9F,0xFF,0xF2,0x00,0x00,0x00,0x03,0xFF,0xFF,0x90,0x9F,0xFF,
    0xF2,0x00,0x00,0x00,0x03,0xFF,0xFF,0x90,0x9F,0xFF,0xF2,0x00,0x00,0x00,0x03,0xFF,0xFF,0x90,0x9F,0xFF,0xF2,0x00,0x00,0x00,
    0x03,0xFF,0xFF,0x90,0x9F,0xFF,0xF2,0x00,0x00,0x00,0x03,0xFF,0xFF,0x90,0x9F,0xFF,0xF2,0x00,0x00,0x00,0x03,0xFF,0xFF,0x90,
    0x9F,0xFF,0xF2,0x00,0x00,0x00,0x03,0xFF,0xFF,0x90,0x9F,0xFF,0xF2,0x9F,0xFF,0xF2,0x9F,0xFF,0xF2,0x9F,0xFF,0xF2,0x9F,0xFF,
    0xF2,0x9F,0xFF,0xF2,0x9F,0xFF,0xF2,0x9F,0xFF,0xF2,0x9F,0xFF,0xF2,0x9F,0xFF,0xF2,0x9F,0xFF,0xF2,0x9F,0xFF,0xF2,0x9F,0xFF,
    0xF2,0x9F,0xFF,0xF2,0x9F,0xFF,0xF2,0x9F,0xFF,0xF2,0x9F,0xFF,0xF2,0x9F,0xFF,0xF2,0x9F,0xFF,0xF2,0x9F,0xFF,0xF2,0x9F,0xFF,
    0xF2,0x00,0x00,0x00,0x8F,0xFF,0xF2,0x00,0x00,0x00,0x8F,0xFF,0xF2,0x00,0x00,0x00,0x8F,0xFF,0xF2,0x00,0x00,0x00,0x8F,0xFF,
    0xF2,0x00,0x00,0x00,0x8F,0xFF,0xF2,0x00,0x00,0x00,0x8F,0xFF,0xF2,0x00,0x00,0x00,0x8F,0xFF,0xF2,0x00,0x00,0x00,0x8F,0xFF,
    0xF2,0x00,0x00,0x00,0x8F,0xFF,0xF2,0x00,0x00,0x00,0x8F,0xFF,0xF2,0x00,0x00,0x00,0x8F,0xFF,0xF2,0x00,0x00,0x00,0x8F,0xFF,
    0xF2,0x00,0x00,0x00,0x8F,0xFF,0xF2,0x00,0x00,0x00,0xAF,0xFF,0xF1,0x00,0x00,0x00,0xCF,0xFF,0xF0,0x00,0x00,0x04,0xFF,0xFF,
    0xC0,0x77,0x32,0x5E,0xFF,0xFF,0x80,0x8F,0xFF,0xFF,0xFF,0xFE,0x20,0x8F,0xFF,0xFF,0xFF,0xF6,0x00,0x8F,0xFF,0xFF,0xFF,0x60,
    0x00,0x4B,0xEF,0xEC,0x82,0x00,0x00,0x9F,0xFF,0xF2,0x00,0x00,0x0B,0xFF,0xFF,0xC1,0x9F,0xFF,0xF2,0x00,0x00,0x6F,0xFF,0xFE,
    0x30,0x9F,0xFF,0xF2,0x00,0x02,0xEF,0xFF,0xF6,0x00,0x9F,0xFF,0xF2,0x00,0x0B,0xFF,0xFF,0xA0,0x00,0x9F,0xFF,0xF2,0x00,0x6F,
    0xFF,0xFD,0x10,0x00,0x9F,0xFF,0xF2,0x02,0xEF,0xFF,0xF3,0x00,0x00,0x9F,0xFF,0xF2,0x0B,0xFF,0xFF,0x70,0x00,0x00,0x9F,0xFF,
    0xF2,0x6F,0xFF,0xFB,0x00,0x00,0x00,0x9F,0xFF,0xF4,0xEF,0xFF,0xE1,0x00,0x00,0x00,0x9F,0xFF,0xFB,0xFF,0xFF,0x40,0x00,0x00,
    0x00,0x9F,0xFF,0xFE,0xFF,0xFF,0x40,0x00,0x00,0x00,0x9F,0xFF,0xF8,0xFF,0xFF,0xE1,0x00,0x00,0x00,0x9F,0xFF,0xF2,0xCF,0xFF,
    0xFB,0x00,0x00,0x00,0x9F,0xFF,0xF2,0x3F,0xFF,0xFF,0x60,0x00,0x00,0x9F,0xFF,0xF2,0x07,0xFF,0xFF,0xF3,0x00,0x00,0x9F,0xFF,
    0xF2,0x00,0xCF,0xFF,0xFD,0x10,0x00,0x9F,0xFF,0xF2,0x00,0x2F,0xFF,0xFF,0x90,0x00,0x9F,0xFF,0xF2,0x00,0x07,0xFF,0xFF,0xF5,
    0x00,0x9F,0xFF,0xF2,0x00,0x00,0xCF,0xFF,0xFE,0x20,0x9F,0xFF,0xF2,0x00,0x00,0x2E,0xFF,0xFF,0xB0,0x9F,0xFF,0xF2,0x00,0x00,
    0x07,0xFF,0xFF,0xF7,0x9F,0xFF,0xF2,0x00,0x00,0x00,0x00,0x9F,0xFF,0xF2,0x00,0x00,0x00,0x00,0x9F,0xFF,0xF2,0x00,0x00,0x00,
    0x00,0x9F,0xFF,0xF2,0x00,0x00,0x00,0x00,0x9F,0xFF,0xF2,0x00,0x00,0x00,0x00,0x9F,0xFF,0xF2,0x00,0x00,0x00,0x00,0x9F,0xFF,
    0xF2,0x00,0x00,0x00,0x00,0x9F,0xFF,0xF2,0x00,0x00,0x00,0x00,0x9F,0xFF,0xF2,0x00,0x00,0x00,0x00,0x9F,0xFF,0xF2,0x00,0x00,
    0x00,0x00,0x9F,0xFF,0xF2,0x00,0x00,0x00,0x00,0x9F,0xFF,0xF2,0x00,0x00,0x00,0x00,0x9F,0xFF,0xF2,0x00,0x00,0x00,0x00,0x9F,
    0xFF,0xF2,0x00,0x00,0x00,0x00,0x9F,0xFF,0xF2,0x00,0x00,0x00,0x00,0x9F,0xFF,0xF2,0x00,0x00,0x00,0x00,0x9F,0xFF,0xF2,0x00,
    0x00,0x00,0x00,0x9F,0xFF,0xFD,0xDD,0xDD,0xDD,0xB0,0x9F,0xFF,0xFF,0xFF,0xFF,0xFF,0xE0,0x9F,0xFF,0xFF,0xFF,0xFF,0xFF,0xE0,
    0x9F,0xFF,0xFF,0xFF,0xFF,0xFF,0xE0,0x9F,0xFF,0xFF,0xF7,0x00,0x00,0x00,0x00,0x09,0xFF,0xFF,0xFF,0x50,0x9F,0xFF,0xFF,0xFD,
    0x00,0x00,0x00,0x00,0x0E,0xFF,0xFF,0xFF,0x50,0x9F,0xFF,0xFF,0xFF,0x30,0x00,0x00,0x00,0x4F,0xFF,0xFF,0xFF,0x50,0x9F,0xFF,
    0xFF,0xFF,0x80,0x00,0x00,0x00,0xAF,0xFF,0xFF,0xFF,0x50,0x9F,0xFF,0xCF,0xFF,0xD0,0x00,0x00,0x00,0xEF,0xFC,0xFF,0xFF,0x50,
    0x9F,0xFF,0x9F,0xFF,0xF3,0x00,0x00,0x05,0xFF,0xFA,0xFF,0xFF,0x50,0x9F,0xFF,0x9D,0xFF,0xF9,0x00,0x00,0x0A,0xFF,0xF6,0xFF,
    0xFF,0x50,0x9F,0xFF,0x98,0xFF,0xFE,0x00,0x00,0x1E,0xFF,0xC5,0xFF,0xFF,0x50,0x9F,0xFF,0xA2,0xFF,0xFF,0x40,0x00,0x5F,0xFF,
    0x75,0xFF,0xFF,0x50,0x9F,0xFF,0xA0,0xCF,0xFF,0x90,0x00,0xBF,0xFF,0x25,0xFF,0xFF,0x50,0x9F,0xFF,0xA0,0x7F,0xFF,0xE0,0x01,
    0xFF,0xFB,0x05,0xFF,0xFF,0x50,0x9F,0xFF,0xA0,0x2F,0xFF,0xF4,0x06,0xFF,0xF6,0x05,0xFF,0xFF,0x50,0x9F,0xFF,0xA0,0x0B,0xFF,
    0xF9,0x0B,0xFF,0xF1,0x05,0xFF,0xFF,0x50,0x9F,0xFF,0xA0,0x06,0xFF,0xFE,0x1F,0xFF,0xB0,0x05,0xFF,0xFF,0x50,0x9F,0xFF,0xA0,
    0x01,0xFF,0xFF,0x7F,0xFF,0x60,0x05,0xFF,0xFF,0x50,0x9F,0xFF,0xA0,0x00,0xAF,0xFF,0xEF,0xFF,0x10,0x05,0xFF,0xFF,0x50,0x9F,
    0xFF,0xA0,0x00,0x5F,0xFF,0xFF,0xFA,0x00,0x05,0xFF,0xFF,0x50,0x9F,0xFF,0xA0,0x00,0x0E,0xFF,0xFF,0xF5,0x00,0x05,0xFF,0xFF,
    0x50,0x9F,0xFF,0xA0,0x00,0x09,0xFF,0xFF,0xE1,0x00,0x05,0xFF,0xFF,0x50,0x9F,0xFF,0xA0,0x00,0x04,0xFF,0xFF,0xA0,0x00,0x05,
    0xFF,0xFF,0x50,0x9F,0xFF,0xA0,0x00,0x00,0xEF,0xFF,0x50,0x00,0x05,0xFF,0xFF,0x50,0x9F,0xFF,0xFC,0x00,0x00,0x00,0x00,0x3F,
    0xFF,0xF4,0x9F,0xFF,0xFF,0x70,0x00,0x00,0x00,0x3F,0xFF,0xF4,0x9F,0xFF,0xFF,0xF2,0x00,0x00,0x00,0x3F,0xFF,0xF4,0x9F,0xFF,
    0xFF,0xFC,0x00,0x00,0x00,0x3F,0xFF,0xF4,0x9F,0xFF,0xFF,0xFF,0x70,0x00,0x00,0x3F,0xFF,0xF4,0x9F,0xFF,0xFF,0xFF,0xE2,0x00,
    0x00,0x3F,0xFF,0xF4,0x9F,0xFF,0xDD,0xFF,0xFB,0x00,0x00,0x3F,0xFF,0xF4,0x9F,0xFF,0xD5,0xFF,0xFF,0x60,0x00,0x3F,0xFF,0xF4,
    0x9F,0xFF,0xD0,0xAF,0xFF,0xE2,0x00,0x3F,0xFF,0xF4,0x9F,0xFF,0xD0,0x1E,0xFF,0xFB,0x00,0x3F,0xFF,0xF4,0x9F,0xFF,0xD0,0x06,
    0xFF,0xFF,0x50,0x3F,0xFF,0xF4,0x9F,0xFF,0xD0,0x00,0xBF,0xFF,0xE1,0x3F,0xFF,0xF4,0x9F,0xFF,0xD0,0x00,0x2E,0xFF,0xFA,0x2F,
    0xFF,0xF4,0x9F,0xFF,0xD0,0x00,0x06,0xFF,0xFF,0x6F,0xFF,0xF4,0x9F,0xFF,0xD0,0x00,0x00,0xBF,0xFF,0xEF,0xFF,0xF4,0x9F,0xFF,
    0xD0,0x00,0x00,0x2E,0xFF,0xFF,0xFF,0xF4,0x9F,0xFF,0xD0,0x00,0x00,0x06,0xFF,0xFF,0xFF,0xF4,0x9F,0xFF,0xD0,0x00,0x00,0x00,
    0xBF,0xFF,0xFF,0xF4,0x9F,0xFF,0xD0,0x00,0x00,0x00,0x2E,0xFF,0xFF,0xF4,0x9F,0xFF,0xD0,0x00,0x00,0x00,0x07,0xFF,0xFF,0xF4,
    0x9F,0xFF,0xD0,0x00,0x00,0x00,0x00,0xCF,0xFF,0xF4,0x00,0x00,0x00,0x49,0xCE,0xFE,0xD9,0x50,0x00,0x00,0x00,0x00,0x00,0x4C,
    0xFF,0xFF,0xFF,0xFF,0xFD,0x40,0x00,0x00,0x00,0x07,0xFF,0xFF,0xFF,0xFF,0xFF,0xFF,0xF7,0x00,0x00,0x00,0x7F,0xFF,0xFF,0xFF,
    0xFF,0xFF,0xFF,0xFF,0x60,0x00,0x03,0xFF,0xFF,0xFE,0x73,0x23,0x7E,0xFF,0xFF,0xF2,0x00,0x0B,0xFF,0xFF,0xC1,0x00,0x00,0x02,
    0xDF,0xFF,0xFA,0x00,0x3F,0xFF,0xFE,0x20,0x00,0x00,0x00,0x4F,0xFF,0xFF,0x10,0x7F,0xFF,0xF9,0x00,0x00,0x00,0x00,0x0C,0xFF,
    0xFF,0x50,0xBF,0xFF,0xF4,0x00,0x00,0x00,0x00,0x08,0xFF,0xFF,0x80,0xCF,0xFF,0xF2,0x00,0x00,0x00,0x00,0x06,0xFF,0xFF,0x90,
    0xDF,0xFF,0xF1,0x00,0x00,0x00,0x00,0x05,0xFF,0xFF,0xA0,0xDF,0xFF,0xF2,0x00,0x00,0x00,0x00,0x06,0xFF,0xFF,0x90,0xCF,0xFF,
    0xF4,0x00,0x00,0x00,0x00,0x08,0xFF,0xFF,0x70,0x9F,0xFF,0xF9,0x00,0x00,0x00,0x00,0x0C,0xFF,0xFF,0x40,0x5F,0xFF,0xFE,0x20,
    0x00,0x00,0x00,0x4F,0xFF,0xFE,0x00,0x0D,0xFF,0xFF,0xC1,0x00,0x00,0x02,0xDF,0xFF,0xF8,0x00,0x06,0xFF,0xFF,0xFE,0x73,0x23,
    0x8E,0xFF,0xFF,0xE1,0x00,0x00,0x9F,0xFF,0xFF,0xFF,0xFF,0xFF,0xFF,0xFF,0x40,0x00,0x00,0x0A,0xFF,0xFF,0xFF,0xFF,0xFF,0xFF,
    0xE5,0x00,0x00,0x00,0x00,0x6E,0xFF,0xFF,0xFF,0xFF,0xFB,0x30,0x00,0x00,0x00,0x00,0x01,0x6A,0xDE,0xFE,0xC8,0x30,0x00,0x00,
    0x00,0x9F,0xFF,0xFF,0xFF,0xED,0xB7,0x20,0x00,0x9F,0xFF,0xFF,0xFF,0xFF,0xFF,0xF8,0x00,0x9F,0xFF,0xFF,0xFF,0xFF,0xFF,0xFF,
    0x80,0x9F,0xFF,0xFA,0xAB,0xDF,0xFF,0xFF,0xF2,0x9F,0xFF,0xF2,0x00,0x04,0xEF,0xFF,0xF7,0x9F,0xFF,0xF2,0x00,0x00,0x7F,0xFF,
    0xFA,0x9F,0xFF,0xF2,0x00,0x00,0x4F,0xFF,0xFB,0x9F,0xFF,0xF2,0x00,0x00,0x5F,0xFF,0xFA,0x9F,0xFF,0xF2,0x00,0x00,0xAF,0xFF,
    0xF7,0x9F,0xFF,0xF2,0x01,0x3A,0xFF,0xFF,0xF2,0x9F,0xFF,0xFF,0xFF,0xFF,0xFF,0xFF,0x80,0x9F,0xFF,0xFF,0xFF,0xFF,0xFF,0xF9,
    0x00,0x9F,0xFF,0xFF,0xFF,0xFF,0xFC,0x50,0x00,0x9F,0xFF,0xFA,0x99,0x86,0x30,0x00,0x00,0x9F,0xFF,0xF2,0x00,0x00,0x00,0x00,
    0x00,0x9F,0xFF,0xF2,0x00,0x00,0x00,0x00,0x00,0x9F,0xFF,0xF2,0x00,0x00,0x00,0x00,0x00,0x9F,0xFF,0xF2,0x00,0x00,0x00,0x00,
    0x00,0x9F,0xFF,0xF2,0x00,0x00,0x00,0x00,0x00,0x9F,0xFF,0xF2,0x00,0x00,0x00,0x00,0x00,0x9F,0xFF,0xF2,0x00,0x00,0x00,0x00,
    0x00,0x00,0x00,0x00,0x49,0xCE,0xFE,0xD9,0x50,0x00,0x00,0x00,0x00,0x00,0x00,0x4C,0xFF,0xFF,0xFF,0xFF,0xFD,0x40,0x00,0x00,
    0x00,0x00,0x07,0xFF,0xFF,0xFF,0xFF,0xFF,0xFF,0xF7,0x00,0x00,0x00,0x00,0x7F,0xFF,0xFF,0xFF,0xFF,0xFF,0xFF,0xFF,0x60,0x00,
    0x00,0x03,0xFF,0xFF,0xFE,0x73,0x23,0x7E,0xFF,0xFF,0xF3,0x00,0x00,0x0B,0xFF,0xFF,0xC1,0x00,0x00,0x02,0xDF,0xFF,0xFA,0x00,
    0x00,0x3F,0xFF,0xFE,0x20,0x00,0x00,0x00,0x4F,0xFF,0xFF,0x10,0x00,0x7F,0xFF,0xF9,0x00,0x00,0x00,0x00,0x0C,0xFF,0xFF,0x50,
    0x00,0xBF,0xFF,0xF4,0x00,0x00,0x00,0x00,0x08,0xFF,0xFF,0x80,0x00,0xCF,0xFF,0xF2,0x00,0x00,0x00,0x00,0x06,0xFF,0xFF,0x90,
    0x00,0xDF,0xFF,0xF1,0x00,0x00,0x00,0x00,0x05,0xFF,0xFF,0xA0,0x00,0xDF,0xFF,0xF2,0x00,0x00,0x00,0x00,0x06,0xFF,0xFF,0x90,
    0x00,0xCF,0xFF,0xF4,0x00,0x00,0x00,0x00,0x08,0xFF,0xFF,0x70,0x00,0x9F,0xFF,0xF9,0x00,0x00,0x00,0x00,0x0C,0xFF,0xFF,0x40,
    0x00,0x5F,0xFF,0xFE,0x20,0x00,0x00,0x00,0x4F,0xFF,0xFE,0x00,0x00,0x0D,0xFF,0xFF,0xC1,0x00,0x00,0x02,0xDF,0xFF,0xF8,0x00,
    0x00,0x06,0xFF,0xFF,0xFE,0x73,0x23,0x8E,0xFF,0xFF,0xE1,0x00,0x00,0x00,0x9F,0xFF,0xFF,0xFF,0xFF,0xFF,0xFF,0xFF,0x40,0x00,
    0x00,0x00,0x0A,0xFF,0xFF,0xFF,0xFF,0xFF,0xFF,0xFA,0x00,0x00,0x00,0x00,0x00,0x6E,0xFF,0xFF,0xFF,0xFF,0xFF,0xFF,0x60,0x00,
    0x00,0x00,0x00,0x01,0x6A,0xDE,0xFE,0xCD,0xFF,0xFF,0xF6,0x00,0x00,0x00,0x00,0x00,0x00,0x00,0x00,0x01,0xDF,0xFF,0xFF,0x50,
    0x00,0x00,0x00,0x00,0x00,0x00,0x00,0x00,0x3E,0xFF,0xFF,0xF5,0x00,0x00,0x00,0x00,0x00,0x00,0x00,0x00,0x05,0xFF,0xFF,0xFF,
    0x40,0x9F,0xFF,0xFF,0xFF,0xFE,0xC8,0x30,0x00,0x00,0x9F,0xFF,0xFF,0xFF,0xFF,0xFF,0xF9,0x00,0x00,0x9F,0xFF,0xFF,0xFF,0xFF,
    0xFF,0xFF,0x90,0x00,0x9F,0xFF,0xF9,0x89,0xBF,0xFF,0xFF,0xF2,0x00,0x9F,0xFF,0xF2,0x00,0x02,0xEF,0xFF,0xF6,0x00,0x9F,0xFF,
    0xF2,0x00,0x00,0x9F,0xFF,0xF8,0x00,0x9F,0xFF,0xF2,0x00,0x00,0x7F,0xFF,0xF7,0x00,0x9F,0xFF,0xF2,0x00,0x00,0xBF,0xFF,0xF4,
    0x00,0x9F,0xFF,0xF2,0x00,0x07,0xFF,0xFF,0xD0,0x00,0x9F,0xFF,0xFA,0x99,0xCF,0xFF,0xFE,0x30,0x00,0x9F,0xFF,0xFF,0xFF,0xFF,
    0xFF,0xD3,0x00,0x00,0x9F,0xFF,0xFF,0xFF,0xFF,0xF5,0x00,0x00,0x00,0x9F,0xFF,0xFF,0xFF,0xFF,0xFE,0x30,0x00,0x00,0x9F,0xFF,
    0xF2,0x16,0xFF,0xFF,0xE2,0x00,0x00,0x9F,0xFF,0xF2,0x00,0x6F,0xFF,0xFC,0x00,0x00,0x9F,0xFF,0xF2,0x00,0x0B,0xFF,0xFF,0x80,
    0x00,0x9F,0xFF,0xF2,0x00,0x02,0xFF,0xFF,0xF2,0x00,0x9F,0xFF,0xF2,0x00,0x00,0x8F,0xFF,0xFC,0x00,0x9F,0xFF,0xF2,0x00,0x00,
    0x1D,0xFF,0xFF,0x60,0x9F,0xFF,0xF2,0x00,0x00,0x05,0xFF,0xFF,0xE2,0x9F,0xFF,0xF2,0x00,0x00,0x00,0xBF,0xFF,0xFB,0x00,0x01,
    0x5A,0xDE,0xFF,0xEC,0x95,0x00,0x00,0x5D,0xFF,0xFF,0xFF,0xFF,0xFD,0x00,0x06,0xFF,0xFF,0xFF,0xFF,0xFF,0xFD,0x00,0x1E,0xFF,
    0xFF,0xFD,0xBB,0xDF,0xFD,0x00,0x7F,0xFF,0xFD,0x30,0x00,0x00,0x47,0x00,0x9F,0xFF,0xF6,0x00,0x00,0x00,0x00,0x00,0x9F,0xFF,
    0xF9,0x00,0x00,0x00,0x00,0x00,0x7F,0xFF,0xFF,0xA1,0x00,0x00,0x00,0x00,0x2F,0xFF,0xFF,0xFE,0x92,0x00,0x00,0x00,0x06,0xFF,
    0xFF,0xFF,0xFF,0xB3,0x00,0x00,0x00,0x6E,0xFF,0xFF,0xFF,0xFF,0x80,0x00,0x00,0x02,0x9E,0xFF,0xFF,0xFF,0xF9,0x00,0x00,0x00,
    0x01,0x7D,0xFF,0xFF,0xFF,0x30,0x00,0x00,0x00,0x00,0x7F,0xFF,0xFF,0x90,0x00,0x00,0x00,0x00,0x07,0xFF,0xFF,0xB0,0x41,0x00,
    0x00,0x00,0x04,0xFF,0xFF,0xB0,0x8E,0x82,0x00,0x00,0x2C,0xFF,0xFF,0x80,0x8F,0xFF,0xEC,0xBD,0xFF,0xFF,0xFF,0x30,0x8F,0xFF,
    0xFF,0xFF,0xFF,0xFF,0xF8,0x00,0x8F,0xFF,0xFF,0xFF,0xFF,0xFE,0x70,0x00,0x04,0x8B,0xDE,0xFE,0xDA,0x71,0x00,0x00,0x8F,0xFF,
    0xFF,0xFF,0xFF,0xFF,0xFF,0xFF,0xF2,0x8F,0xFF,0xFF,0xFF,0xFF,0xFF,0xFF,0xFF,0xF2,0x8F,0xFF,0xFF,0xFF,0xFF,0xFF,0xFF,0xFF,
    0xF2,0x7D,0xDD,0xDD,0xEF,0xFF,0xFD,0xDD,0xDD,0xD2,0x00,0x00,0x00,0x9F,0xFF,0xF2,0x00,0x00,0x00,0x00,0x00,0x00,0x9F,0xFF,
    0xF2,0x00,0x00,0x00,0x00,0x00,0x00,0x9F,0xFF,0xF2,0x00,0x00,0x00,0x00,0x00,0x00,0x9F,0xFF,0xF2,0x00,0x00,0x00,0x00,0x00,
    0x00,0x9F,0xFF,0xF2,0x00,0x00,0x00,0x00,0x00,0x00,0x9F,0xFF,0xF2,0x00,0x00,0x00,0x00,0x00,0x00,0x9F,0xFF,0xF2,0x00,0x00,
    0x00,0x00,0x00,0x00,0x9F,0xFF,0xF2,0x00,0x00,0x00,0x00,0x00,0x00,0x9F,0xFF,0xF2,0x00,0x00,0x00,0x00,0x00,0x00,0x9F,0xFF,
    0xF2,0x00,0x00,0x00,0x00,0x00,0x00,0x9F,0xFF,0xF2,0x00,0x00,0x00,0x00,0x00,0x00,0x9F,0xFF,0xF2,0x00,0x00,0x00,0x00,0x00,
    0x00,0x9F,0xFF,0xF2,0x00,0x00,0x00,0x00,0x00,0x00,0x9F,0xFF,0xF2,0x00,0x00,0x00,0x00,0x00,0x00,0x9F,0xFF,0xF2,0x00,0x00,
    0x00,0x00,0x00,0x00,0x9F,0xFF,0xF2,0x00,0x00,0x00,0x00,0x00,0x00,0x9F,0xFF,0xF2,0x00,0x00,0x00,0xDF,0xFF,0xE0,0x00,0x00,
    0x00,0x3F,0xFF,0xF8,0xDF,0xFF,0xE0,0x00,0x00,0x00,0x3F,0xFF,0xF8,0xDF,0xFF,0xE0,0x00,0x00,0x00,0x3F,0xFF,0xF8,0xDF,0xFF,
    0xE0,0x00,0x00,0x00,0x3F,0xFF,0xF8,0xDF,0xFF,0xE0,0x00,0x00,0x00,0x3F,0xFF,0xF8,0xDF,0xFF,0xE0,0x00,0x00,0x00,0x3F,0xFF,
    0xF8,0xDF,0xFF,0xE0,0x00,0x00,0x00,0x3F,0xFF,0xF8,0xDF,0xFF,0xE0,0x00,0x00,0x00,0x3F,0xFF,0xF8,0xDF,0xFF,0xE0,0x00,0x00,
    0x00,0x3F,0xFF,0xF8,0xDF,0xFF,0xE0,0x00,0x00,0x00,0x3F,0xFF,0xF8,0xDF,0xFF,0xE0,0x00,0x00,0x00,0x3F,0xFF,0xF8,0xDF,0xFF,
    0xE0,0x00,0x00,0x00,0x3F,0xFF,0xF8,0xCF,0xFF,0xE0,0x00,0x00,0x00,0x3F,0xFF,0xF7,0xBF,0xFF,0xF1,0x00,0x00,0x00,0x5F,0xFF,
    0xF6,0x9F,0xFF,0xF4,0x00,0x00,0x00,0x8F,0xFF,0xF4,0x6F,0xFF,0xFC,0x00,0x00,0x02,0xEF,0xFF,0xF1,0x1F,0xFF,0xFF,0xC5,0x22,
    0x6D,0xFF,0xFF,0xA0,0x09,0xFF,0xFF,0xFF,0xFF,0xFF,0xFF,0xFF,0x30,0x01,0xCF,0xFF,0xFF,0xFF,0xFF,0xFF,0xF6,0x00,0x00,0x1A,
    0xFF,0xFF,0xFF,0xFF,0xFE,0x50,0x00,0x00,0x00,0x38,0xCE,0xFE,0xDA,0x61,0x00,0x00,0xAF,0xFF,0xF6,0x00,0x00,0x00,0x00,0x3F,
    0xFF,0xFB,0x5F,0xFF,0xFA,0x00,0x00,0x00,0x00,0x8F,0xFF,0xF6,0x1E,0xFF,0xFE,0x00,0x00,0x00,0x00,0xCF,0xFF,0xF1,0x0A,0xFF,
    0xFF,0x40,0x00,0x00,0x02,0xFF,0xFF,0xA0,0x05,0xFF,0xFF,0x90,0x00,0x00,0x06,0xFF,0xFF,0x50,0x01,0xEF,0xFF,0xD0,0x00,0x00,
    0x0B,0xFF,0xFE,0x10,0x00,0xAF,0xFF,0xF3,0x00,0x00,0x1E,0xFF,0xFA,0x00,0x00,0x5F,0xFF,0xF7,0x00,0x00,0x5F,0xFF,0xF5,0x00,
    0x00,0x0E,0xFF,0xFC,0x00,0x00,0x9F,0xFF,0xE0,0x00,0x00,0x09,0xFF,0xFF,0x10,0x00,0xDF,0xFF,0x90,0x00,0x00,0x04,0xFF,0xFF,
    0x60,0x03,0xFF,0xFF,0x40,0x00,0x00,0x00,0xEF,0xFF,0xA0,0x07,0xFF,0xFE,0x00,0x00,0x00,0x00,0x9F,0xFF,0xE0,0x0C,0xFF,0xF9,
    0x00,0x00,0x00,0x00,0x4F,0xFF,0xF4,0x1F,0xFF,0xF4,0x00,0x00,0x00,0x00,0x0E,0xFF,0xF9,0x6F,0xFF,0xD0,0x00,0x00,0x00,0x00,
    0x09,0xFF,0xFD,0x9F,0xFF,0x80,0x00,0x00,0x00,0x00,0x04,0xFF,0xFF,0xDF,0xFF,0x30,0x00,0x00,0x00,0x00,0x00,0xDF,0xFF,0xFF,
    0xFD,0x00,0x00,0x00,0x00,0x00,0x00,0x8F,0xFF,0xFF,0xF8,0x00,0x00,0x00,0x00,0x00,0x00,0x3F,0xFF,0xFF,0xF3,0x00,0x00,0x00,
    0x00,0x00,0x00,0x0D,0xFF,0xFF,0xC0,0x00,0x00,0x00,0x9F,0xFF,0xF8,0x00,0x00,0x00,0x2F,0xFF,0xFF,0x30,0x00,0x00,0x0F,0xFF,
    0xFB,0x5F,0xFF,0xFB,0x00,0x00,0x00,0x6F,0xFF,0xFF,0x60,0x00,0x00,0x3F,0xFF,0xF7,0x1F,0xFF,0xFE,0x00,0x00,0x00,0xAF,0xFF,
    0xFF,0xA0,0x00,0x00,0x6F,0xFF,0xF3,0x0C,0xFF,0xFF,0x30,0x00,0x00,0xEF,0xFF,0xFF,0xE0,0x00,0x00,0x9F,0xFF,0xE0,0x08,0xFF,
    0xFF,0x60,0x00,0x04,0xFF,0xFF,0xFF,0xF2,0x00,0x00,0xCF,0xFF,0xB0,0x04,0xFF,0xFF,0x90,0x00,0x08,0xFF,0xFD,0xFF,0xF6,0x00,
    0x01,0xFF,0xFF,0x70,0x01,0xFF,0xFF,0xC0,0x00,0x0C,0xFF,0xF9,0xFF,0xFA,0x00,0x03,0xFF,0xFF,0x30,0x00,0xBF,0xFF,0xF1,0x00,
    0x1F,0xFF,0xC6,0xFF,0xFD,0x00,0x07,0xFF,0xFE,0x00,0x00,0x7F,0xFF,0xF3,0x00,0x5F,0xFF,0x92,0xFF,0xFF,0x20,0x0A,0xFF,0xFA,
    0x00,0x00,0x4F,0xFF,0xF7,0x00,0x9F,0xFF,0x50,0xDF,0xFF,0x60,0x0D,0xFF,0xF6,0x00,0x00,0x0E,0xFF,0xFA,0x00,0xDF,0xFF,0x10,
    0x9F,0xFF,0x90,0x1F,0xFF,0xF2,0x00,0x00,0x0B,0xFF,0xFD,0x02,0xFF,0xFC,0x00,0x6F,0xFF,0xD0,0x4F,0xFF,0xD0,0x00,0x00,0x07,
    0xFF,0xFF,0x16,0xFF,0xF8,0x00,0x2F,0xFF,0xF2,0x7F,0xFF,0x90,0x00,0x00,0x03,0xFF,0xFF,0x4A,0xFF,0xF4,0x00,0x0D,0xFF,0xF5,
    0xAF,0xFF,0x50,0x00,0x00,0x00,0xEF,0xFF,0x7E,0xFF,0xE0,0x00,0x09,0xFF,0xF9,0xDF,0xFF,0x10,0x00,0x00,0x00,0xAF,0xFF,0xBF,
    0xFF,0xB0,0x00,0x05,0xFF,0xFB,0xFF,0xFC,0x00,0x00,0x00,0x00,0x6F,0xFF,0xEF,0xFF,0x70,0x00,0x01,0xFF,0xFE,0xFF,0xF8,0x00,
    0x00,0x00,0x00,0x2F,0xFF,0xFF,0xFF,0x30,0x00,0x00,0xCF,0xFF,0xFF,0xF4,0x00,0x00,0x00,0x00,0x0D,0xFF,0xFF,0xFE,0x00,0x00,
    0x00,0x8F,0xFF,0xFF,0xF0,0x00,0x00,0x00,0x00,0x09,0xFF,0xFF,0xFA,0x00,0x00,0x00,0x4F,0xFF,0xFF,0xB0,0x00,0x00,0x00,0x00,
    0x05,0xFF,0xFF,0xF6,0x00,0x00,0x00,0x1F,0xFF,0xFF,0x70,0x00,0x00,0x2E,0xFF,0xFF,0xA0,0x00,0x00,0x03,0xFF,0xFF,0xE2,0x07,
    0xFF,0xFF,0xF2,0x00,0x00,0x0A,0xFF,0xFF,0x70,0x00,0xDF,0xFF,0xF9,0x00,0x00,0x3F,0xFF,0xFD,0x00,0x00,0x5F,0xFF,0xFF,0x20,
    0x00,0xCF,0xFF,0xF4,0x00,0x00,0x0B,0xFF,0xFF,0x80,0x05,0xFF,0xFF,0xA0,0x00,0x00,0x02,0xFF,0xFF,0xE1,0x0C,0xFF,0xFE,0x10,
    0x00,0x00,0x00,0x8F,0xFF,0xF7,0x5F,0xFF,0xF7,0x00,0x00,0x00,0x00,0x1E,0xFF,0xFD,0xBF,0xFF,0xC0,0x00,0x00,0x00,0x00,0x06,
    0xFF,0xFF,0xFF,0xFF,0x40,0x00,0x00,0x00,0x00,0x00,0xCF,0xFF,0xFF,0xF9,0x00,0x00,0x00,0x00,0x00,0x00,0x6F,0xFF,0xFF,0xF4,
    0x00,0x00,0x00,0x00,0x00,0x00,0xCF,0xFF,0xFF,0xFB,0x00,0x00,0x00,0x00,0x00,0x07,0xFF,0xFF,0xFF,0xFF,0x50,0x00,0x00,0x00,
    0x00,0x2F,0xFF,0xF9,0xDF,0xFF,0xE1,0x00,0x00,0x00,0x00,0xBF,0xFF,0xF3,0x7F,0xFF,0xF9,0x00,0x00,0x00,0x06,0xFF,0xFF,0xA0,
    0x1E,0xFF,0xFF,0x30,0x00,0x00,0x1E,0xFF,0xFF,0x20,0x06,0xFF,0xFF,0xC0,0x00,0x00,0xAF,0xFF,0xF9,0x00,0x00,0xDF,0xFF,0xF6,
    0x00,0x05,0xFF,0xFF,0xE2,0x00,0x00,0x6F,0xFF,0xFE,0x10,0x1D,0xFF,0xFF,0x80,0x00,0x00,0x0C,0xFF,0xFF,0xA0,0x9F,0xFF,0xFE,
    0x10,0x00,0x00,0x05,0xFF,0xFF,0xF4,0xBF,0xFF,0xF9,0x00,0x00,0x00,0x1E,0xFF,0xFE,0x10,0x4F,0xFF,0xFF,0x10,0x00,0x00,0x6F,
    0xFF,0xF7,0x00,0x0C,0xFF,0xFF,0x70,0x00,0x00,0xDF,0xFF,0xE1,0x00,0x04,0xFF,0xFF,0xD0,0x00,0x05,0xFF,0xFF,0x70,0x00,0x00,
    0xCF,0xFF,0xF5,0x00,0x0B,0xFF,0xFE,0x10,0x00,0x00,0x5F,0xFF,0xFC,0x00,0x3F,0xFF,0xF7,0x00,0x00,0x00,0x0C,0xFF,0xFF,0x30,
    0x9F,0xFF,0xE1,0x00,0x00,0x00,0x05,0xFF,0xFF,0xA1,0xFF,0xFF,0x70,0x00,0x00,0x00,0x00,0xCF,0xFF,0xE7,0xFF,0xFE,0x10,0x00,
    0x00,0x00,0x00,0x5F,0xFF,0xFD,0xFF,0xF6,0x00,0x00,0x00,0x00,0x00,0x0D,0xFF,0xFF,0xFF,0xD0,0x00,0x00,0x00,0x00,0x00,0x06,
    0xFF,0xFF,0xFF,0x60,0x00,0x00,0x00,0x00,0x00,0x00,0xDF,0xFF,0xFD,0x00,0x00,0x00,0x00,0x00,0x00,0x00,0x6F,0xFF,0xF7,0x00,
    0x00,0x00,0x00,0x00,0x00,0x00,0x5F,0xFF,0xF6,0x00,0x00,0x00,0x00,0x00,0x00,0x00,0x5F,0xFF,0xF6,0x00,0x00,0x00,0x00,0x00,
    0x00,0x00,0x5F,0xFF,0xF6,0x00,0x00,0x00,0x00,0x00,0x00,0x00,0x5F,0xFF,0xF6,0x00,0x00,0x00,0x00,0x00,0x00,0x00,0x5F,0xFF,
    0xF6,0x00,0x00,0x00,0x00,0x00,0x00,0x00,0x5F,0xFF,0xF6,0x00,0x00,0x00,0x00,0x00,0x00,0x00,0x5F,0xFF,0xF6,0x00,0x00,0x00,
    0x00,0x09,0xFF,0xFF,0xFF,0xFF,0xFF,0xFF,0xFF,0xF7,0x09,0xFF,0xFF,0xFF,0xFF,0xFF,0xFF,0xFF,0xF7,0x09,0xFF,0xFF,0xFF,0xFF,
    0xFF,0xFF,0xFF,0xF7,0x08,0xDD,0xDD,0xDD,0xDD,0xDE,0xFF,0xFF,0xD1,0x00,0x00,0x00,0x00,0x00,0x2E,0xFF,0xFF,0x30,0x00,0x00,
    0x00,0x00,0x00,0xCF,0xFF,0xF6,0x00,0x00,0x00,0x00,0x00,0x09,0xFF,0xFF,0xA0,0x00,0x00,0x00,0x00,0x00,0x5F,0xFF,0xFD,0x10,
    0x00,0x00,0x00,0x00,0x02,0xEF,0xFF,0xF4,0x00,0x00,0x00,0x00,0x00,0x0C,0xFF,0xFF,0x80,0x00,0x00,0x00,0x00,0x00,0x9F,0xFF,
    0xFC,0x00,0x00,0x00,0x00,0x00,0x05,0xFF,0xFF,0xE2,0x00,0x00,0x00,0x00,0x00,0x2E,0xFF,0xFF,0x50,0x00,0x00,0x00,0x00,0x00,
    0xCF,0xFF,0xF9,0x00,0x00,0x00,0x00,0x00,0x09,0xFF,0xFF,0xD1,0x00,0x00,0x00,0x00,0x00,0x5F,0xFF,0xFF,0x30,0x00,0x00,0x00,
    0x00,0x02,0xEF,0xFF,0xF6,0x00,0x00,0x00,0x00,0x00,0x0C,0xFF,0xFF,0xFD,0xDD,0xDD,0xDD,0xDD,0xD7,0x6F,0xFF,0xFF,0xFF,0xFF,
    0xFF,0xFF,0xFF,0xF8,0x6F,0xFF,0xFF,0xFF,0xFF,0xFF,0xFF,0xFF,0xF8,0x6F,0xFF,0xFF,0xFF,0xFF,0xFF,0xFF,0xFF,0xF8,0xCF,0xFF,
    0xFF,0xF1,0xCF,0xFF,0xFF,0xF1,0xCF,0xFF,0xEE,0xE1,0xCF,0xFF,0x00,0x00,0xCF,0xFF,0x00,0x00,0xCF,0xFF,0x00,0x00,0xCF,0xFF,
    0x00,0x00,0xCF,0xFF,0x00,0x00,0xCF,0xFF,0x00,0x00,0xCF,0xFF,0x00,0x00,0xCF,0xFF,0x00,0x00,0xCF,0xFF,0x00,0x00,0xCF,0xFF,
    0x00,0x00,0xCF,0xFF,0x00,0x00,0xCF,0xFF,0x00,0x00,0xCF,0xFF,0x00,0x00,0xCF,0xFF,0x00,0x00,0xCF,0xFF,0x00,0x00,0xCF,0xFF,
    0x00,0x00,0xCF,0xFF,0x00,0x00,0xCF,0xFF,0x00,0x00,0xCF,0xFF,0x00,0x00,0xCF,0xFF,0x00,0x00,0xCF,0xFF,0xFF,0xF1,0xCF,0xFF,
    0xFF,0xF1,0xCE,0xEE,0xEE,0xE1,0xCF,0xFF,0x50,0x00,0x00,0x00,0x00,0x00,0x6F,0xFF,0xB0,0x00,0x00,0x00,0x00,0x00,0x1E,0xFF,
    0xF2,0x00,0x00,0x00,0x00,0x00,0x09,0xFF,0xF8,0x00,0x00,0x00,0x00,0x00,0x03,0xFF,0xFD,0x00,0x00,0x00,0x00,0x00,0x00,0xCF,
    0xFF,0x50,0x00,0x00,0x00,0x00,0x00,0x6F,0xFF,0xB0,0x00,0x00,0x00,0x00,0x00,0x1E,0xFF,0xF2,0x00,0x00,0x00,0x00,0x00,0x09,
    0xFF,0xF7,0x00,0x00,0x00,0x00,0x00,0x03,0xFF,0xFD,0x00,0x00,0x00,0x00,0x00,0x00,0xCF,0xFF,0x40,0x00,0x00,0x00,0x00,0x00,
    0x6F,0xFF,0xA0,0x00,0x00,0x00,0x00,0x00,0x1E,0xFF,0xF2,0x00,0x00,0x00,0x00,0x00,0x09,0xFF,0xF7,0x00,0x00,0x00,0x00,0x00,
    0x03,0xFF,0xFD,0x00,0x00,0x00,0x00,0x00,0x00,0xCF,0xFF,0x40,0x00,0x00,0x00,0x00,0x00,0x6F,0xFF,0xA0,0x00,0x00,0x00,0x00,
    0x00,0x1E,0xFF,0xF2,0x00,0x00,0x00,0x00,0x00,0x09,0xFF,0xF7,0x00,0x00,0x00,0x00,0x00,0x03,0xFF,0xFD,0x00,0x00,0x00,0x00,
    0x00,0x00,0xCF,0xFF,0x40,0x00,0x00,0x00,0x00,0x00,0x6F,0xFF,0xA0,0x00,0x00,0x00,0x00,0x00,0x1E,0xFF,0xF1,0x00,0x00,0x00,
    0x00,0x00,0x09,0xFF,0xF7,0x00,0x00,0x00,0x00,0x00,0x03,0xFF,0xFD,0x00,0xFF,0xFF,0xFF,0xE0,0xFF,0xFF,0xFF,0xE0,0xEE,0xEF,
    0xFF,0xE0,0x00,0x0D,0xFF,0xE0,0x00,0x0D,0xFF,0xE0,0x00,0x0D,0xFF,0xE0,0x00,0x0D,0xFF,0xE0,0x00,0x0D,0xFF,0xE0,0x00,0x0D,
    0xFF,0xE0,0x00,0x0D,0xFF,0xE0,0x00,0x0D,0xFF,0xE0,0x00,0x0D,0xFF,0xE0,0x00,0x0D,0xFF,0xE0,0x00,0x0D,0xFF,0xE0,0x00,0x0D,
    0xFF,0xE0,0x00,0x0D,0xFF,0xE0,0x00,0x0D,0xFF,0xE0,0x00,0x0D,0xFF,0xE0,0x00,0x0D,0xFF,0xE0,0x00,0x0D,0xFF,0xE0,0x00,0x0D,
    0xFF,0xE0,0x00,0x0D,0xFF,0xE0,0x00,0x0D,0xFF,0xE0,0xFF,0xFF,0xFF,0xE0,0xFF,0xFF,0xFF,0xE0,0xEE,0xEE,0xEE,0xD0,0x00,0x00,
    0x01,0xEF,0xD0,0x00,0x00,0x00,0x00,0x00,0x08,0xFF,0xF7,0x00,0x00,0x00,0x00,0x00,0x1E,0xFF,0xFE,0x10,0x00,0x00,0x00,0x00,
    0x9F,0xFF,0xFF,0x90,0x00,0x00,0x00,0x02,0xFF,0xF6,0xFF,0xF2,0x00,0x00,0x00,0x09,0xFF,0xB0,0xAF,0xFA,0x00,0x00,0x00,0x2F,
    0xFF,0x30,0x3F,0xFF,0x40,0x00,0x00,0xAF,0xFB,0x00,0x0A,0xFF,0xC0,0x00,0x03,0xFF,0xF4,0x00,0x02,0xFF,0xF5,0x00,0x0B,0xFF,
    0xB0,0x00,0x00,0x9F,0xFD,0x00,0x4F,0xFF,0x40,0x00,0x00,0x1E,0xFF,0x70,0xCF,0xFB,0x00,0x00,0x00,0x08,0xFF,0xE1,0xFF,0xFF,
    0xFF,0xFF,0xFF,0xFF,0x70,0xBB,0xBB,0xBB,0xBB,0xBB,0xBB,0x50,0x0B,0xFF,0xF5,0x00,0x00,0x01,0xCF,0xFE,0x20,0x00,0x00,0x1C,
    0xFF,0xC0,0x00,0x00,0x02,0xDF,0xF9,0x00,0x00,0x00,0x2E,0xFF,0x50,0x00,0x02,0x7A,0xDE,0xFD,0xA5,0x00,0x00,0x00,0x8F,0xFF,
    0xFF,0xFF,0xFF,0xA0,0x00,0x00,0xAF,0xFF,0xFF,0xFF,0xFF,0xF8,0x00,0x00,0xAF,0xB6,0x43,0x5C,0xFF,0xFE,0x10,0x00,0x84,0x00,
    0x00,0x01,0xFF,0xFF,0x40,0x00,0x00,0x02,0x46,0x8A,0xFF,0xFF,0x60,0x00,0x18,0xDF,0xFF,0xFF,0xFF,0xFF,0x60,0x02,0xDF,0xFF,
    0xFF,0xFF,0xFF,0xFF,0x60,0x0B,0xFF,0xFE,0x74,0x20,0xEF,0xFF,0x60,0x1F,0xFF,0xF4,0x00,0x01,0xFF,0xFF,0x60,0x2F,0xFF,0xF3,
    0x00,0x07,0xFF,0xFF,0x60,0x1F,0xFF,0xFD,0x65,0x9F,0xFF,0xFF,0x60,0x0C,0xFF,0xFF,0xFF,0xFD,0xFF,0xFF,0x60,0x03,0xEF,0xFF,
    0xFF,0xE3,0xEF,0xFF,0x60,0x00,0x2A,0xEF,0xD9,0x20,0xEF,0xFF,0x60,0x1F,0xFF,0xF9,0x00,0x00,0x00,0x00,0x00,0x00,0x1F,0xFF,
    0xF9,0x00,0x00,0x00,0x00,0x00,0x00,0x1F,0xFF,0xF9,0x00,0x00,0x00,0x00,0x00,0x00,0x1F,0xFF,0xF9,0x00,0x00,0x00,0x00,0x00,
    0x00,0x1F,0xFF,0xF9,0x00,0x00,0x00,0x00,0x00,0x00,0x1F,0xFF,0xF9,0x00,0x00,0x00,0x00,0x00,0x00,0x1F,0xFF,0xF9,0x00,0x00,
    0x00,0x00,0x00,0x00,0x1F,0xFF,0xF9,0x00,0x00,0x00,0x00,0x00,0x00,0x1F,0xFF,0xF9,0x03,0xAD,0xFE,0xA4,0x00,0x00,0x1F,0xFF,
    0xF9,0x6F,0xFF,0xFF,0xFF,0x80,0x00,0x1F,0xFF,0xFC,0xFF,0xFF,0xFF,0xFF,0xF5,0x00,0x1F,0xFF,0xFF,0xFC,0x9A,0xEF,0xFF,0xFD,
    0x00,0x1F,0xFF,0xFF,0x80,0x00,0x3E,0xFF,0xFF,0x30,0x1F,0xFF,0xFC,0x00,0x00,0x08,0xFF,0xFF,0x60,0x1F,0xFF,0xF9,0x00,0x00,
    0x04,0xFF,0xFF,0x80,0x1F,0xFF,0xF8,0x00,0x00,0x04,0xFF,0xFF,0x80,0x1F,0xFF,0xF8,0x00,0x00,0x05,0xFF,0xFF,0x70,0x1F,0xFF,
    0xFB,0x00,0x00,0x0A,0xFF,0xFF,0x40,0x1F,0xFF,0xFF,0x50,0x00,0x4F,0xFF,0xFE,0x10,0x1F,0xFF,0xFF,0xFB,0x9B,0xFF,0xFF,0xF9,
    0x00,0x1F,0xFF,0xFF,0xFF,0xFF,0xFF,0xFF,0xD1,0x00,0x1F,0xFF,0xF9,0xCF,0xFF,0xFF,0xFD,0x20,0x00,0x1F,0xFF,0xF9,0x07,0xCE,
    0xEC,0x71,0x00,0x00,0x00,0x00,0x39,0xCE,0xFE,0xD9,0x10,0x00,0x1B,0xFF,0xFF,0xFF,0xFF,0x50,0x02,0xDF,0xFF,0xFF,0xFF,0xFF,
    0x50,0x0C,0xFF,0xFF,0xFC,0x99,0xCF,0x50,0x4F,0xFF,0xFD,0x30,0x00,0x05,0x40,0x9F,0xFF,0xF4,0x00,0x00,0x00,0x00,0xCF,0xFF,
    0xD0,0x00,0x00,0x00,0x00,0xEF,0xFF,0xC0,0x00,0x00,0x00,0x00,0xDF,0xFF,0xD0,0x00,0x00,0x00,0x00,0xBF,0xFF,0xF3,0x00,0x00,
    0x00,0x00,0x7F,0xFF,0xFD,0x20,0x00,0x06,0x40,0x1E,0xFF,0xFF,0xFB,0x99,0xDF,0x50,0x04,0xFF,0xFF,0xFF,0xFF,0xFF,0x50,0x00,
    0x4D,0xFF,0xFF,0xFF,0xFF,0x50,0x00,0x00,0x6B,0xEF,0xFD,0xB6,0x00,0x00,0x00,0x00,0x00,0x00,0x0F,0xFF,0xF9,0x00,0x00,0x00,
    0x00,0x00,0x0F,0xFF,0xF9,0x00,0x00,0x00,0x00,0x00,0x0F,0xFF,0xF9,0x00,0x00,0x00,0x00,0x00,0x0F,0xFF,0xF9,0x00,0x00,0x00,
    0x00,0x00,0x0F,0xFF,0xF9,0x00,0x00,0x00,0x00,0x00,0x0F,0xFF,0xF9,0x00,0x00,0x00,0x00,0x00,0x0F,0xFF,0xF9,0x00,0x00,0x00,
    0x00,0x00,0x0F,0xFF,0xF9,0x00,0x02,0x9D,0xEE,0xC5,0x0F,0xFF,0xF9,0x00,0x6F,0xFF,0xFF,0xFF,0x7F,0xFF,0xF9,0x05,0xFF,0xFF,
    0xFF,0xFF,0xFF,0xFF,0xF9,0x1E,0xFF,0xFF,0xD9,0xAE,0xFF,0xFF,0xF9,0x6F,0xFF,0xFB,0x10,0x01,0xBF,0xFF,0xF9,0xAF,0xFF,0xF3,
    0x00,0x00,0x3F,0xFF,0xF9,0xDF,0xFF,0xD0,0x00,0x00,0x0E,0xFF,0xF9,0xEF,0xFF,0xC0,0x00,0x00,0x0E,0xFF,0xF9,0xDF,0xFF,0xD0,
    0x00,0x00,0x1F,0xFF,0xF9,0xCF,0xFF,0xF1,0x00,0x00,0x5F,0xFF,0xF9,0x9F,0xFF,0xFA,0x00,0x01,0xDF,0xFF,0xF9,0x3F,0xFF,0xFF,
    0xD9,0x9E,0xFF,0xFF,0xF9,0x0A,0xFF,0xFF,0xFF,0xFF,0xDF,0xFF,0xF9,0x01,0xBF,0xFF,0xFF,0xFE,0x3F,0xFF,0xF9,0x00,0x06,0xBE,
    0xFD,0x92,0x0F,0xFF,0xF9,0x00,0x00,0x6B,0xEF,0xEC,0x71,0x00,0x00,0x00,0x3D,0xFF,0xFF,0xFF,0xFE,0x40,0x00,0x03,0xEF,0xFF,
    0xFF,0xFF,0xFF,0xE2,0x00,0x0D,0xFF,0xFE,0x63,0x5D,0xFF,0xFA,0x00,0x5F,0xFF,0xF3,0x00,0x03,0xFF,0xFF,0x10,0xAF,0xFF,0xB0,
    0x00,0x00,0xEF,0xFF,0x40,0xDF,0xFF,0xFF,0xFF,0xFF,0xFF,0xFF,0x60,0xEF,0xFF,0xFF,0xFF,0xFF,0xFF,0xFF,0x60,0xDF,0xFF,0xED,
    0xDD,0xDD,0xDD,0xDD,0x50,0xBF,0xFF,0xC0,0x00,0x00,0x00,0x00,0x00,0x8F,0xFF,0xF5,0x00,0x00,0x00,0x00,0x00,0x2F,0xFF,0xFF,
    0xA6,0x55,0x69,0xD2,0x00,0x06,0xFF,0xFF,0xFF,0xFF,0xFF,0xF2,0x00,0x00,0x6F,0xFF,0xFF,0xFF,0xFF,0xF2,0x00,0x00,0x01,0x8C,
    0xEF,0xFE,0xC8,0x40,0x00,0x00,0x00,0x00,0x6B,0xEF,0xE8,0x00,0x00,0x2C,0xFF,0xFF,0xFB,0x00,0x00,0xCF,0xFF,0xFF,0xFB,0x00,
    0x05,0xFF,0xFF,0xEA,0x99,0x00,0x0A,0xFF,0xFF,0x30,0x00,0x00,0x0C,0xFF,0xFD,0x00,0x00,0x00,0x0C,0xFF,0xFC,0x00,0x00,0x00,
    0x0C,0xFF,0xFC,0x00,0x00,0x5F,0xFF,0xFF,0xFF,0xFF,0xF3,0x5F,0xFF,0xFF,0xFF,0xFF,0xF3,0x5F,0xFF,0xFF,0xFF,0xFF,0xF3,0x26,
    0x6D,0xFF,0xFD,0x66,0x61,0x00,0x0C,0xFF,0xFC,0x00,0x00,0x00,0x0C,0xFF,0xFC,0x00,0x00,0x00,0x0C,0xFF,0xFC,0x00,0x00,0x00,
    0x0C,0xFF,0xFC,0x00,0x00,0x00,0x0C,0xFF,0xFC,0x00,0x00,0x00,0x0C,0xFF,0xFC,0x00,0x00,0x00,0x0C,0xFF,0xFC,0x00,0x00,0x00,
    0x0C,0xFF,0xFC,0x00,0x00,0x00,0x0C,0xFF,0xFC,0x00,0x00,0x00,0x0C,0xFF,0xFC,0x00,0x00,0x00,0x0C,0xFF,0xFC,0x00,0x00,0x00,
    0x02,0x9D,0xEE,0xB4,0x0F,0xFF,0xFA,0x00,0x6F,0xFF,0xFF,0xFF,0x7F,0xFF,0xFA,0x05,0xFF,0xFF,0xFF,0xFF,0xFF,0xFF,0xFA,0x1E,
    0xFF,0xFF,0xE9,0xAE,0xFF,0xFF,0xFA,0x6F,0xFF,0xFC,0x10,0x01,0xCF,0xFF,0xFA,0xAF,0xFF,0xF3,0x00,0x00,0x3F,0xFF,0xFA,0xDF,
    0xFF,0xE0,0x00,0x00,0x0E,0xFF,0xFA,0xEF,0xFF,0xC0,0x00,0x00,0x0E,0xFF,0xFA,0xEF,0xFF,0xD0,0x00,0x00,0x1F,0xFF,0xFA,0xCF,
    0xFF,0xF2,0x00,0x00,0x4F,0xFF,0xFA,0x9F,0xFF,0xFA,0x00,0x01,0xDF,0xFF,0xFA,0x3F,0xFF,0xFF,0xD9,0x9E,0xFF,0xFF,0xFA,0x0A,
    0xFF,0xFF,0xFF,0xFF,0xDF,0xFF,0xFA,0x01,0xBF,0xFF,0xFF,0xFE,0x3F,0xFF,0xFA,0x00,0x06,0xBE,0xFD,0x81,0x0F,0xFF,0xF8,0x00,
    0x00,0x00,0x00,0x00,0x4F,0xFF,0xF6,0x00,0x00,0x00,0x00,0x00,0xAF,0xFF,0xF3,0x07,0x60,0x00,0x00,0x08,0xFF,0xFF,0xC0,0x08,
    0xFE,0x97,0x78,0xDF,0xFF,0xFF,0x40,0x08,0xFF,0xFF,0xFF,0xFF,0xFF,0xF6,0x00,0x08,0xFF,0xFF,0xFF,0xFF,0xFD,0x40,0x00,0x02,
    0x8B,0xEF,0xFE,0xC9,0x50,0x00,0x00,0x1F,0xFF,0xF9,0x00,0x00,0x00,0x00,0x00,0x1F,0xFF,0xF9,0x00,0x00,0x00,0x00,0x00,0x1F,
    0xFF,0xF9,0x00,0x00,0x00,0x00,0x00,0x1F,0xFF,0xF9,0x00,0x00,0x00,0x00,0x00,0x1F,0xFF,0xF9,0x00,0x00,0x00,0x00,0x00,0x1F,
    0xFF,0xF9,0x00,0x00,0x00,0x00,0x00,0x1F,0xFF,0xF9,0x00,0x00,0x00,0x00,0x00,0x1F,0xFF,0xF9,0x00,0x00,0x00,0x00,0x00,0x1F,
    0xFF,0xF9,0x04,0xAE,0xFD,0x91,0x00,0x1F,0xFF,0xF9,0x6F,0xFF,0xFF,0xFD,0x20,0x1F,0xFF,0xFC,0xFF,0xFF,0xFF,0xFF,0xA0,0x1F,
    0xFF,0xFF,0xFB,0x9D,0xFF,0xFF,0xF1,0x1F,0xFF,0xFF,0x60,0x01,0xCF,0xFF,0xF3,0x1F,0xFF,0xFC,0x00,0x00,0x6F,0xFF,0xF5,0x1F,
    0xFF,0xF9,0x00,0x00,0x4F,0xFF,0xF5,0x1F,0xFF,0xF9,0x00,0x00,0x4F,0xFF,0xF5,0x1F,0xFF,0xF9,0x00,0x00,0x4F,0xFF,0xF5,0x1F,
    0xFF,0xF9,0x00,0x00,0x4F,0xFF,0xF5,0x1F,0xFF,0xF9,0x00,0x00,0x4F,0xFF,0xF5,0x1F,0xFF,0xF9,0x00,0x00,0x4F,0xFF,0xF5,0x1F,
    0xFF,0xF9,0x00,0x00,0x4F,0xFF,0xF5,0x1F,0xFF,0xF9,0x00,0x00,0x4F,0xFF,0xF5,0x1F,0xFF,0xF9,0x00,0x00,0x4F,0xFF,0xF5,0x05,
    0xDE,0xB2,0x2F,0xFF,0xFB,0x5F,0xFF,0xFE,0x2F,0xFF,0xFA,0x05,0xDE,0xB2,0x00,0x00,0x00,0x00,0x00,0x00,0x00,0x00,0x00,0x1F,
    0xFF,0xF9,0x1F,0xFF,0xF9,0x1F,0xFF,0xF9,0x1F,0xFF,0xF9,0x1F,0xFF,0xF9,0x1F,0xFF,0xF9,0x1F,0xFF,0xF9,0x1F,0xFF,0xF9,0x1F,
    0xFF,0xF9,0x1F,0xFF,0xF9,0x1F,0xFF,0xF9,0x1F,0xFF,0xF9,0x1F,0xFF,0xF9,0x1F,0xFF,0xF9,0x1F,0xFF,0xF9,0x00,0x00,0x5D,0xEB,
    0x20,0x00,0x02,0xFF,0xFF,0xB0,0x00,0x05,0xFF,0xFF,0xE0,0x00,0x02,0xFF,0xFF,0xA0,0x00,0x00,0x5D,0xEB,0x20,0x00,0x00,0x00,
    0x00,0x00,0x00,0x00,0x00,0x00,0x00,0x00,0x00,0x00,0x00,0x00,0x00,0x01,0xFF,0xFF,0x90,0x00,0x01,0xFF,0xFF,0x90,0x00,0x01,
    0xFF,0xFF,0x90,0x00,0x01,0xFF,0xFF,0x90,0x00,0x01,0xFF,0xFF,0x90,0x00,0x01,0xFF,0xFF,0x90,0x00,0x01,0xFF,0xFF,0x90,0x00,
    0x01,0xFF,0xFF,0x90,0x00,0x01,0xFF,0xFF,0x90,0x00,0x01,0xFF,0xFF,0x90,0x00,0x01,0xFF,0xFF,0x90,0x00,0x01,0xFF,0xFF,0x90,
    0x00,0x01,0xFF,0xFF,0x90,0x00,0x01,0xFF,0xFF,0x90,0x00,0x01,0xFF,0xFF,0x90,0x00,0x01,0xFF,0xFF,0x80,0x00,0x03,0xFF,0xFF,
    0x60,0x00,0x09,0xFF,0xFF,0x30,0xC9,0xBF,0xFF,0xFD,0x00,0xEF,0xFF,0xFF,0xF4,0x00,0xEF,0xFF,0xFF,0x70,0x00,0xEF,0xFD,0xA3,
    0x00,0x00,0x1F,0xFF,0xF9,0x00,0x00,0x00,0x00,0x00,0x1F,0xFF,0xF9,0x00,0x00,0x00,0x00,0x00,0x1F,0xFF,0xF9,0x00,0x00,0x00,
    0x00,0x00,0x1F,0xFF,0xF9,0x00,0x00,0x00,0x00,0x00,0x1F,0xFF,0xF9,0x00,0x00,0x00,0x00,0x00,0x1F,0xFF,0xF9,0x00,0x00,0x00,
    0x00,0x00,0x1F,0xFF,0xF9,0x00,0x00,0x00,0x00,0x00,0x1F,0xFF,0xF9,0x00,0x00,0x00,0x00,0x00,0x1F,0xFF,0xF9,0x00,0x03,0xFF,
    0xFF,0xF3,0x1F,0xFF,0xF9,0x00,0x0D,0xFF,0xFF,0x70,0x1F,0xFF,0xF9,0x00,0x8F,0xFF,0xFA,0x00,0x1F,0xFF,0xF9,0x03,0xFF,0xFF,
    0xD1,0x00,0x1F,0xFF,0xF9,0x0C,0xFF,0xFF,0x30,0x00,0x1F,0xFF,0xF9,0x7F,0xFF,0xF6,0x00,0x00,0x1F,0xFF,0xFB,0xEF,0xFF,0xA0,
    0x00,0x00,0x1F,0xFF,0xFE,0xFF,0xFF,0x80,0x00,0x00,0x1F,0xFF,0xF9,0xBF,0xFF,0xF4,0x00,0x00,0x1F,0xFF,0xF9,0x2F,0xFF,0xFE,
    0x10,0x00,0x1F,0xFF,0xF9,0x07,0xFF,0xFF,0xB0,0x00,0x1F,0xFF,0xF9,0x00,0xCF,0xFF,0xF7,0x00,0x1F,0xFF,0xF9,0x00,0x3F,0xFF,
    0xFF,0x30,0x1F,0xFF,0xF9,0x00,0x08,0xFF,0xFF,0xD1,0x1F,0xFF,0xF9,0x00,0x01,0xDF,0xFF,0xF9,0x1F,0xFF,0xF9,0x1F,0xFF,0xF9,
    0x1F,0xFF,0xF9,0x1F,0xFF,0xF9,0x1F,0xFF,0xF9,0x1F,0xFF,0xF9,0x1F,0xFF,0xF9,0x1F,0xFF,0xF9,0x1F,0xFF,0xF9,0x1F,0xFF,0xF9,
    0x1F,0xFF,0xF9,0x1F,0xFF,0xF9,0x1F,0xFF,0xF9,0x1F,0xFF,0xF9,0x1F,0xFF,0xF9,0x1F,0xFF,0xF9,0x1F,0xFF,0xF9,0x1F,0xFF,0xF9,
    0x1F,0xFF,0xF9,0x1F,0xFF,0xF9,0x1F,0xFF,0xF9,0x1F,0xFF,0xF9,0x1F,0xFF,0xF9,0x1F,0xFF,0xF9,0x02,0x9D,0xFD,0x91,0x00,0x18,
    0xCE,0xEC,0x50,0x00,0x1F,0xFF,0xF9,0x5E,0xFF,0xFF,0xFD,0x23,0xDF,0xFF,0xFF,0xF8,0x00,0x1F,0xFF,0xFC,0xFF,0xFF,0xFF,0xFF,
    0xAD,0xFF,0xFF,0xFF,0xFF,0x20,0x1F,0xFF,0xFF,0xFA,0x9D,0xFF,0xFF,0xFF,0xE9,0xBF,0xFF,0xFF,0x70,0x1F,0xFF,0xFF,0x50,0x01,
    0xEF,0xFF,0xFD,0x10,0x06,0xFF,0xFF,0xA0,0x1F,0xFF,0xFC,0x00,0x00,0x9F,0xFF,0xF6,0x00,0x00,0xFF,0xFF,0xB0,0x1F,0xFF,0xF9,
    0x00,0x00,0x7F,0xFF,0xF3,0x00,0x00,0xDF,0xFF,0xC0,0x1F,0xFF,0xF9,0x00,0x00,0x7F,0xFF,0xF3,0x00,0x00,0xDF,0xFF,0xC0,0x1F,
    0xFF,0xF9,0x00,0x00,0x7F,0xFF,0xF3,0x00,0x00,0xDF,0xFF,0xC0,0x1F,0xFF,0xF9,0x00,0x00,0x7F,0xFF,0xF3,0x00,0x00,0xDF,0xFF,
    0xC0,0x1F,0xFF,0xF9,0x00,0x00,0x7F,0xFF,0xF3,0x00,0x00,0xDF,0xFF,0xC0,0x1F,0xFF,0xF9,0x00,0x00,0x7F,0xFF,0xF3,0x00,0x00,
    0xDF,0xFF,0xC0,0x1F,0xFF,0xF9,0x00,0x00,0x7F,0xFF,0xF3,0x00,0x00,0xDF,0xFF,0xC0,0x1F,0xFF,0xF9,0x00,0x00,0x7F,0xFF,0xF3,
    0x00,0x00,0xDF,0xFF,0xC0,0x1F,0xFF,0xF9,0x00,0x00,0x7F,0xFF,0xF3,0x00,0x00,0xDF,0xFF,0xC0,0x1F,0xFF,0xF9,0x03,0xAD,0xFD,
    0xA2,0x00,0x1F,0xFF,0xF9,0x5F,0xFF,0xFF,0xFE,0x30,0x1F,0xFF,0xFC,0xFF,0xFF,0xFF,0xFF,0xC0,0x1F,0xFF,0xFF,0xFB,0x9D,0xFF,
    0xFF,0xF2,0x1F,0xFF,0xFF,0x60,0x00,0xCF,0xFF,0xF5,0x1F,0xFF,0xFC,0x00,0x00,0x5F,0xFF,0xF6,0x1F,0xFF,0xF9,0x00,0x00,0x3F,
    0xFF,0xF7,0x1F,0xFF,0xF9,0x00,0x00,0x3F,0xFF,0xF7,0x1F,0xFF,0xF9,0x00,0x00,0x3F,0xFF,0xF7,0x1F,0xFF,0xF9,0x00,0x00,0x3F,
    0xFF,0xF7,0x1F,0xFF,0xF9,0x00,0x00,0x3F,0xFF,0xF7,0x1F,0xFF,0xF9,0x00,0x00,0x3F,0xFF,0xF7,0x1F,0xFF,0xF9,0x00,0x00,0x3F,
    0xFF,0xF7,0x1F,0xFF,0xF9,0x00,0x00,0x3F,0xFF,0xF7,0x1F,0xFF,0xF9,0x00,0x00,0x3F,0xFF,0xF7,0x00,0x00,0x5A,0xDE,0xFE,0xB8,
    0x20,0x00,0x00,0x00,0x3C,0xFF,0xFF,0xFF,0xFF,0xF7,0x00,0x00,0x03,0xEF,0xFF,0xFF,0xFF,0xFF,0xFF,0x90,0x00,0x0D,0xFF,0xFF,
    0xE9,0x9C,0xFF,0xFF,0xF4,0x00,0x6F,0xFF,0xFB,0x10,0x00,0x6F,0xFF,0xFC,0x00,0xAF,0xFF,0xF2,0x00,0x00,0x0C,0xFF,0xFF,0x10,
    0xDF,0xFF,0xD0,0x00,0x00,0x08,0xFF,0xFF,0x30,0xEF,0xFF,0xC0,0x00,0x00,0x07,0xFF,0xFF,0x40,0xDF,0xFF,0xD0,0x00,0x00,0x08,
    0xFF,0xFF,0x30,0xBF,0xFF,0xF2,0x00,0x00,0x0C,0xFF,0xFF,0x10,0x6F,0xFF,0xFB,0x10,0x00,0x6F,0xFF,0xFA,0x00,0x1E,0xFF,0xFF,
    0xEA,0x9B,0xFF,0xFF,0xF3,0x00,0x04,0xFF,0xFF,0xFF,0xFF,0xFF,0xFF,0x70,0x00,0x00,0x4D,0xFF,0xFF,0xFF,0xFF,0xE6,0x00,0x00,
    0x00,0x00,0x6A,0xDE,0xFE,0xB7,0x10,0x00,0x00,0x1F,0xFF,0xF9,0x03,0xAD,0xFE,0xA4,0x00,0x00,0x1F,0xFF,0xF9,0x6F,0xFF,0xFF,
    0xFF,0x80,0x00,0x1F,0xFF,0xFC,0xFF,0xFF,0xFF,0xFF,0xF5,0x00,0x1F,0xFF,0xFF,0xFC,0x9A,0xEF,0xFF,0xFD,0x00,0x1F,0xFF,0xFF,
    0x80,0x00,0x2E,0xFF,0xFF,0x30,0x1F,0xFF,0xFD,0x00,0x00,0x07,0xFF,0xFF,0x60,0x1F,0xFF,0xF9,0x00,0x00,0x04,0xFF,0xFF,0x80,
    0x1F,0xFF,0xF8,0x00,0x00,0x04,0xFF,0xFF,0x80,0x1F,0xFF,0xF8,0x00,0x00,0x05,0xFF,0xFF,0x70,0x1F,0xFF,0xFB,0x00,0x00,0x0A,
    0xFF,0xFF,0x40,0x1F,0xFF,0xFF,0x50,0x00,0x4F,0xFF,0xFE,0x10,0x1F,0xFF,0xFF,0xFB,0x9B,0xFF,0xFF,0xF8,0x00,0x1F,0xFF,0xFF,
    0xFF,0xFF,0xFF,0xFF,0xD1,0x00,0x1F,0xFF,0xF9,0xCF,0xFF,0xFF,0xFD,0x20,0x00,0x1F,0xFF,0xF9,0x07,0xDF,0xEC,0x70,0x00,0x00,
    0x1F,0xFF,0xF9,0x00,0x00,0x00,0x00,0x00,0x00,0x1F,0xFF,0xF9,0x00,0x00,0x00,0x00,0x00,0x00,0x1F,0xFF,0xF9,0x00,0x00,0x00,
    0x00,0x00,0x00,0x1F,0xFF,0xF9,0x00,0x00,0x00,0x00,0x00,0x00,0x1F,0xFF,0xF9,0x00,0x00,0x00,0x00,0x00,0x00,0x1F,0xFF,0xF9,
    0x00,0x00,0x00,0x00,0x00,0x00,0x1F,0xFF,0xF9,0x00,0x00,0x00,0x00,0x00,0x00,0x00,0x02,0x9D,0xEE,0xB4,0x0F,0xFF,0xF9,0x00,
    0x6F,0xFF,0xFF,0xFF,0x6F,0xFF,0xF9,0x05,0xFF,0xFF,0xFF,0xFF,0xFF,0xFF,0xF9,0x1E,0xFF,0xFF,0xE9,0xAE,0xFF,0xFF,0xF9,0x6F,
    0xFF,0xFC,0x10,0x01,0xCF,0xFF,0xF9,0xAF,0xFF,0xF3,0x00,0x00,0x3F,0xFF,0xF9,0xDF,0xFF,0xE0,0x00,0x00,0x0E,0xFF,0xF9,0xEF,
    0xFF,0xC0,0x00,0x00,0x0E,0xFF,0xF9,0xDF,0xFF,0xD0,0x00,0x00,0x0F,0xFF,0xF9,0xCF,0xFF,0xF2,0x00,0x00,0x4F,0xFF,0xF9,0x9F,
    0xFF,0xFB,0x10,0x02,0xDF,0xFF,0xF9,0x4F,0xFF,0xFF,0xD9,0xAE,0xFF,0xFF,0xF9,0x0A,0xFF,0xFF,0xFF,0xFF,0xDF,0xFF,0xF9,0x01,
    0xBF,0xFF,0xFF,0xFE,0x3F,0xFF,0xF9,0x00,0x06,0xBE,0xFD,0x92,0x0F,0xFF,0xF9,0x00,0x00,0x00,0x00,0x00,0x0F,0xFF,0xF9,0x00,
    0x00,0x00,0x00,0x00,0x0F,0xFF,0xF9,0x00,0x00,0x00,0x00,0x00,0x0F,0xFF,0xF9,0x00,0x00,0x00,0x00,0x00,0x0F,0xFF,0xF9,0x00,
    0x00,0x00,0x00,0x00,0x0F,0xFF,0xF9,0x00,0x00,0x00,0x00,0x00,0x0F,0xFF,0xF9,0x00,0x00,0x00,0x00,0x00,0x0F,0xFF,0xF9,0x1F,
    0xFF,0xF9,0x06,0xCF,0xA0,0x1F,0xFF,0xF9,0x7F,0xFF,0xB0,0x1F,0xFF,0xFA,0xFF,0xFF,0xB0,0x1F,0xFF,0xFF,0xFF,0xFF,0xB0,0x1F,
    0xFF,0xFF,0xD4,0x01,0x30,0x1F,0xFF,0xFF,0x30,0x00,0x00,0x1F,0xFF,0xFC,0x00,0x00,0x00,0x1F,0xFF,0xFA,0x00,0x00,0x00,0x1F,
    0xFF,0xF9,0x00,0x00,0x00,0x1F,0xFF,0xF9,0x00,0x00,0x00,0x1F,0xFF,0xF9,0x00,0x00,0x00,0x1F,0xFF,0xF9,0x00,0x00,0x00,0x1F,
    0xFF,0xF9,0x00,0x00,0x00,0x1F,0xFF,0xF9,0x00,0x00,0x00,0x1F,0xFF,0xF9,0x00,0x00,0x00,0x00,0x03,0x8C,0xEF,0xED,0xA4,0x00,
    0x00,0x8F,0xFF,0xFF,0xFF,0xF9,0x00,0x07,0xFF,0xFF,0xFF,0xFF,0xF9,0x00,0x0D,0xFF,0xFD,0x53,0x45,0xA8,0x00,0x0F,0xFF,0xF9,
    0x00,0x00,0x00,0x00,0x0D,0xFF,0xFF,0xA4,0x00,0x00,0x00,0x08,0xFF,0xFF,0xFF,0xE8,0x10,0x00,0x01,0xAF,0xFF,0xFF,0xFF,0xE4,
    0x00,0x00,0x04,0xBF,0xFF,0xFF,0xFE,0x10,0x00,0x00,0x01,0x6D,0xFF,0xFF,0x60,0x09,0x10,0x00,0x01,0xFF,0xFF,0x70,0x0F,0xE8,
    0x43,0x49,0xFF,0xFF,0x40,0x0F,0xFF,0xFF,0xFF,0xFF,0xFC,0x00,0x0F,0xFF,0xFF,0xFF,0xFF,0xC2,0x00,0x05,0x9C,0xEF,0xEC,0xA5,
    0x00,0x00,0x00,0x00,0x15,0xA9,0x00,0x00,0x00,0x0A,0xFF,0xFA,0x00,0x00,0x00,0x0F,0xFF,0xFA,0x00,0x00,0x00,0x0F,0xFF,0xFA,
    0x00,0x00,0x00,0x0F,0xFF,0xFA,0x00,0x00,0x6F,0xFF,0xFF,0xFF,0xFF,0xF0,0x6F,0xFF,0xFF,0xFF,0xFF,0xF0,0x6F,0xFF,0xFF,0xFF,
    0xFF,0xF0,0x26,0x6F,0xFF,0xFC,0x66,0x60,0x00,0x0F,0xFF,0xFA,0x00,0x00,0x00,0x0F,0xFF,0xFA,0x00,0x00,0x00,0x0F,0xFF,0xFA,
    0x00,0x00,0x00,0x0F,0xFF,0xFA,0x00,0x00,0x00,0x0F,0xFF,0xFA,0x00,0x00,0x00,0x0F,0xFF,0xFA,0x00,0x00,0x00,0x0E,0xFF,0xFD,
    0x00,0x00,0x00,0x0C,0xFF,0xFF,0xC9,0xC0,0x00,0x08,0xFF,0xFF,0xFF,0xF0,0x00,0x01,0xDF,0xFF,0xFF,0xF0,0x00,0x00,0x18,0xDF,
    0xFD,0x90,0x4F,0xFF,0xF5,0x00,0x00,0x6F,0xFF,0xF3,0x4F,0xFF,0xF5,0x00,0x00,0x6F,0xFF,0xF3,0x4F,0xFF,0xF5,0x00,0x00,0x6F,
    0xFF,0xF3,0x4F,0xFF,0xF5,0x00,0x00,0x6F,0xFF,0xF3,0x4F,0xFF,0xF5,0x00,0x00,0x6F,0xFF,0xF3,0x4F,0xFF,0xF5,0x00,0x00,0x6F,
    0xFF,0xF3,0x4F,0xFF,0xF5,0x00,0x00,0x6F,0xFF,0xF3,0x4F,0xFF,0xF5,0x00,0x00,0x6F,0xFF,0xF3,0x4F,0xFF,0xF5,0x00,0x00,0x7F,
    0xFF,0xF3,0x4F,0xFF,0xF7,0x00,0x00,0x9F,0xFF,0xF3,0x2F,0xFF,0xFD,0x10,0x03,0xFF,0xFF,0xF3,0x0E,0xFF,0xFF,0xD9,0xAF,0xFF,
    0xFF,0xF3,0x08,0xFF,0xFF,0xFF,0xFF,0xCF,0xFF,0xF3,0x01,0xCF,0xFF,0xFF,0xF8,0x6F,0xFF,0xF3,0x00,0x18,0xDF,0xEB,0x50,0x6F,
    0xFF,0xF3,0xBF,0xFF,0xF2,0x00,0x00,0x0B,0xFF,0xFF,0x10,0x6F,0xFF,0xF7,0x00,0x00,0x1F,0xFF,0xFA,0x00,0x1F,0xFF,0xFB,0x00,
    0x00,0x5F,0xFF,0xF5,0x00,0x0B,0xFF,0xFE,0x00,0x00,0x9F,0xFF,0xE0,0x00,0x05,0xFF,0xFF,0x40,0x00,0xDF,0xFF,0x80,0x00,0x01,
    0xEF,0xFF,0x80,0x03,0xFF,0xFF,0x30,0x00,0x00,0xAF,0xFF,0xD0,0x07,0xFF,0xFC,0x00,0x00,0x00,0x4F,0xFF,0xF2,0x0B,0xFF,0xF7,
    0x00,0x00,0x00,0x0E,0xFF,0xF6,0x1F,0xFF,0xF1,0x00,0x00,0x00,0x09,0xFF,0xFA,0x5F,0xFF,0xB0,0x00,0x00,0x00,0x03,0xFF,0xFE,
    0x9F,0xFF,0x50,0x00,0x00,0x00,0x00,0xDF,0xFF,0xCF,0xFE,0x00,0x00,0x00,0x00,0x00,0x8F,0xFF,0xFF,0xF9,0x00,0x00,0x00,0x00,
    0x00,0x2F,0xFF,0xFF,0xF3,0x00,0x00,0x00,0x00,0x00,0x0C,0xFF,0xFF,0xD0,0x00,0x00,0x00,0x9F,0xFF,0xF1,0x00,0x00,0xEF,0xFF,
    0xA0,0x00,0x0B,0xFF,0xF8,0x5F,0xFF,0xF4,0x00,0x03,0xFF,0xFF,0xE0,0x00,0x0E,0xFF,0xF4,0x1F,0xFF,0xF7,0x00,0x07,0xFF,0xFF,
    0xF3,0x00,0x2F,0xFF,0xE0,0x0C,0xFF,0xFA,0x00,0x0B,0xFF,0xFF,0xF6,0x00,0x5F,0xFF,0xA0,0x07,0xFF,0xFE,0x00,0x1F,0xFE,0xEF,
    0xFA,0x00,0x8F,0xFF,0x60,0x03,0xFF,0xFF,0x20,0x4F,0xFC,0xCF,0xFD,0x00,0xBF,0xFF,0x10,0x00,0xEF,0xFF,0x50,0x8F,0xF8,0xAF,
    0xFF,0x20,0xEF,0xFC,0x00,0x00,0xAF,0xFF,0x80,0xCF,0xF4,0x6F,0xFF,0x52,0xFF,0xF8,0x00,0x00,0x6F,0xFF,0xB1,0xFF,0xF1,0x2F,
    0xFF,0x95,0xFF,0xF3,0x00,0x00,0x1F,0xFF,0xE5,0xFF,0xB0,0x0D,0xFF,0xC8,0xFF,0xE0,0x00,0x00,0x0C,0xFF,0xFA,0xFF,0x70,0x0A,
    0xFF,0xFA,0xFF,0xA0,0x00,0x00,0x08,0xFF,0xFE,0xFF,0x30,0x06,0xFF,0xFE,0xFF,0x50,0x00,0x00,0x04,0xFF,0xFF,0xFE,0x00,0x02,
    0xFF,0xFF,0xFF,0x10,0x00,0x00,0x00,0xEF,0xFF,0xFA,0x00,0x00,0xDF,0xFF,0xFC,0x00,0x00,0x00,0x00,0xAF,0xFF,0xF6,0x00,0x00,
    0xAF,0xFF,0xF7,0x00,0x00,0x4F,0xFF,0xFE,0x10,0x00,0x0D,0xFF,0xFE,0x20,0x0A,0xFF,0xFF,0x80,0x00,0x6F,0xFF,0xF6,0x00,0x01,
    0xEF,0xFF,0xE1,0x00,0xDF,0xFF,0xB0,0x00,0x00,0x6F,0xFF,0xF8,0x07,0xFF,0xFE,0x20,0x00,0x00,0x0B,0xFF,0xFF,0x2E,0xFF,0xF6,
    0x00,0x00,0x00,0x02,0xEF,0xFF,0xCF,0xFF,0xA0,0x00,0x00,0x00,0x00,0x7F,0xFF,0xFF,0xFE,0x10,0x00,0x00,0x00,0x00,0x0E,0xFF,
    0xFF,0xFA,0x00,0x00,0x00,0x00,0x00,0x7F,0xFF,0xFF,0xFF,0x40,0x00,0x00,0x00,0x03,0xFF,0xFF,0xEF,0xFF,0xD1,0x00,0x00,0x00,
    0x0C,0xFF,0xFC,0x5F,0xFF,0xF8,0x00,0x00,0x00,0x8F,0xFF,0xF5,0x0C,0xFF,0xFF,0x30,0x00,0x03,0xFF,0xFF,0xC0,0x04,0xFF,0xFF,
    0xC0,0x00,0x0C,0xFF,0xFF,0x40,0x00,0xBF,0xFF,0xF7,0x00,0x8F,0xFF,0xFB,0x00,0x00,0x3F,0xFF,0xFE,0x20,0x0D,0xFF,0xFF,0x30,
    0x00,0x00,0x8F,0xFF,0xF1,0x07,0xFF,0xFF,0x80,0x00,0x00,0xCF,0xFF,0xA0,0x01,0xFF,0xFF,0xD0,0x00,0x02,0xFF,0xFF,0x40,0x00,
    0xAF,0xFF,0xF2,0x00,0x07,0xFF,0xFE,0x00,0x00,0x3F,0xFF,0xF7,0x00,0x0B,0xFF,0xF8,0x00,0x00,0x0C,0xFF,0xFB,0x00,0x1F,0xFF,
    0xF2,0x00,0x00,0x06,0xFF,0xFF,0x10,0x5F,0xFF,0xC0,0x00,0x00,0x01,0xEF,0xFF,0x60,0xAF,0xFF,0x60,0x00,0x00,0x00,0x9F,0xFF,
    0xA0,0xEF,0xFF,0x10,0x00,0x00,0x00,0x3F,0xFF,0xE4,0xFF,0xFA,0x00,0x00,0x00,0x00,0x0C,0xFF,0xFB,0xFF,0xF4,0x00,0x00,0x00,
    0x00,0x06,0xFF,0xFF,0xFF,0xD0,0x00,0x00,0x00,0x00,0x00,0xEF,0xFF,0xFF,0x80,0x00,0x00,0x00,0x00,0x00,0x8F,0xFF,0xFF,0x20,
    0x00,0x00,0x00,0x00,0x00,0x2F,0xFF,0xFC,0x00,0x00,0x00,0x00,0x00,0x00,0x3F,0xFF,0xF6,0x00,0x00,0x00,0x00,0x00,0x00,0xAF,
    0xFF,0xE1,0x00,0x00,0x00,0x00,0x00,0x03,0xFF,0xFF,0x80,0x00,0x00,0x00,0x04,0xB8,0xAF,0xFF,0xFE,0x10,0x00,0x00,0x00,0x04,
    0xFF,0xFF,0xFF,0xF5,0x00,0x00,0x00,0x00,0x04,0xFF,0xFF,0xFF,0x60,0x00,0x00,0x00,0x00,0x04,0xFF,0xFE,0xA3,0x00,0x00,0x00,
    0x00,0x00,0x0D,0xFF,0xFF,0xFF,0xFF,0xFF,0xFC,0x0D,0xFF,0xFF,0xFF,0xFF,0xFF,0xFC,0x0D,0xFF,0xFF,0xFF,0xFF,0xFF,0xF9,0x05,
    0x66,0x66,0x69,0xFF,0xFF,0xC0,0x00,0x00,0x00,0x1D,0xFF,0xFE,0x20,0x00,0x00,0x00,0xBF,0xFF,0xF5,0x00,0x00,0x00,0x08,0xFF,
    0xFF,0x80,0x00,0x00,0x00,0x5F,0xFF,0xFB,0x00,0x00,0x00,0x02,0xEF,0xFF,0xE1,0x00,0x00,0x00,0x1C,0xFF,0xFF,0x40,0x00,0x00,
    0x00,0xAF,0xFF,0xF7,0x00,0x00,0x00,0x06,0xFF,0xFF,0xE6,0x66,0x66,0x65,0x3F,0xFF,0xFF,0xFF,0xFF,0xFF,0xFC,0xAF,0xFF,0xFF,
    0xFF,0xFF,0xFF,0xFC,0xAF,0xFF,0xFF,0xFF,0xFF,0xFF,0xFC,0x00,0x00,0x17,0xBE,0xD0,0x00,0x01,0xDF,0xFF,0xD0,0x00,0x09,0xFF,
    0xFF,0xB0,0x00,0x0E,0xFF,0xE3,0x00,0x00,0x2F,0xFF,0xA0,0x00,0x00,0x3F,0xFF,0x80,0x00,0x00,0x3F,0xFF,0x80,0x00,0x00,0x3F,
    0xFF,0x80,0x00,0x00,0x3F,0xFF,0x80,0x00,0x00,0x4F,0xFF,0x70,0x00,0x00,0x7F,0xFF,0x50,0x00,0x04,0xEF,0xFE,0x10,0x00,0x7F,
    0xFF,0xF5,0x00,0x00,0x7F,0xFF,0xA0,0x00,0x00,0x5D,0xFF,0xFA,0x00,0x00,0x00,0xBF,0xFF,0x20,0x00,0x00,0x5F,0xFF,0x60,0x00,
    0x00,0x3F,0xFF,0x80,0x00,0x00,0x3F,0xFF,0x80,0x00,0x00,0x3F,0xFF,0x80,0x00,0x00,0x3F,0xFF,0x80,0x00,0x00,0x3F,0xFF,0x90,
    0x00,0x00,0x1F,0xFF,0xE2,0x00,0x00,0x0B,0xFF,0xFE,0xA0,0x00,0x02,0xEF,0xFF,0xD0,0x00,0x00,0x18,0xCE,0xD0,0xEF,0xFB,0xEF,
    0xFB,0xEF,0xFB,0xEF,0xFB,0xEF,0xFB,0xEF,0xFB,0xEF,0xFB,0xEF,0xFB,0xEF,0xFB,0xEF,0xFB,0xEF,0xFB,0xEF,0xFB,0xEF,0xFB,0xEF,
    0xFB,0xEF,0xFB,0xEF,0xFB,0xEF,0xFB,0xEF,0xFB,0xEF,0xFB,0xEF,0xFB,0xEF,0xFB,0xEF,0xFB,0xEF,0xFB,0xEF,0xFB,0xEF,0xFB,0xEF,
    0xFB,0xEF,0xFB,0xEF,0xFB,0xEF,0xFB,0xEF,0xFB,0xBE,0xC7,0x10,0x00,0x00,0xCF,0xFF,0xD2,0x00,0x00,0x9E,0xFF,0xFB,0x00,0x00,
    0x02,0xEF,0xFF,0x10,0x00,0x00,0x8F,0xFF,0x30,0x00,0x00,0x6F,0xFF,0x40,0x00,0x00,0x6F,0xFF,0x40,0x00,0x00,0x6F,0xFF,0x40,
    0x00,0x00,0x6F,0xFF,0x40,0x00,0x00,0x5F,0xFF,0x50,0x00,0x00,0x3F,0xFF,0x80,0x00,0x00,0x0D,0xFF,0xE4,0x00,0x00,0x04,0xFF,
    0xFF,0x80,0x00,0x00,0x8F,0xFF,0x80,0x00,0x08,0xFF,0xFE,0x60,0x00,0x1F,0xFF,0xC1,0x00,0x00,0x5F,0xFF,0x60,0x00,0x00,0x6F,
    0xFF,0x50,0x00,0x00,0x6F,0xFF,0x40,0x00,0x00,0x6F,0xFF,0x40,0x00,0x00,0x6F,0xFF,0x40,0x00,0x00,0x8F,0xFF,0x40,0x00,0x01,
    0xDF,0xFF,0x20,0x00,0x9E,0xFF,0xFC,0x00,0x00,0xCF,0xFF,0xE3,0x00,0x00,0xBE,0xC8,0x20,0x00,0x00,0x00,0x19,0xDF,0xD9,0x30,
    0x00,0x0B,0xFF,0x50,0x01,0xDF,0xFF,0xFF,0xFB,0x40,0x4F,0xFF,0x20,0x08,0xFF,0xFF,0xFF,0xFF,0xFF,0xFF,0xFC,0x00,0x0E,0xFF,
    0x71,0x39,0xFF,0xFF,0xFF,0xE3,0x00,0x1F,0xFE,0x00,0x00,0x17,0xCF,0xEA,0x30,0x00,
};
static const ui_glyph_t ui_font_lb_glyphs[95] = {
    {0, 0, 0, 0, 0, 8}, /*   */
    {0, 6, 21, 2, 12, 10}, /* ! */
    {63, 10, 7, 2, 12, 15}, /* " */
    {98, 18, 20, 0, 12, 18}, /* # */
    {278, 15, 27, 1, 9, 17}, /* $ */
    {494, 24, 21, 1, 12, 26}, /* % */
    {746, 24, 21, 1, 12, 25}, /* & */
    {998, 5, 6, 2, 12, 9}, /* ' */
    {1016, 9, 26, 2, 12, 11}, /* ( */
    {1146, 9, 26, 0, 12, 11}, /* ) */
    {1276, 12, 11, 1, 12, 14}, /* * */
    {1342, 15, 15, 3, 17, 21}, /* + */
    {1462, 7, 7, 0, 30, 8}, /* , */
    {1490, 9, 3, 2, 23, 12}, /* - */
    {1505, 6, 5, 1, 28, 8}, /* . */
    {1520, 15, 25, -1, 12, 13}, /* / */
    {1720, 16, 21, 1, 12, 17}, /* 0 */
    {1888, 10, 21, 3, 12, 17}, /* 1 */
    {1993, 15, 21, 1, 12, 17}, /* 2 */
    {2161, 15, 21, 1, 12, 17}, /* 3 */
    {2329, 17, 21, 0, 12, 17}, /* 4 */
    {2518, 14, 21, 2, 12, 17}, /* 5 */
    {2665, 16, 21, 1, 12, 17}, /* 6 */
    {2833, 16, 21, 1, 12, 17}, /* 7 */
    {3001, 16, 21, 1, 12, 17}, /* 8 */
    {3169, 15, 21, 1, 12, 17}, /* 9 */
    {3337, 6, 15, 1, 18, 8}, /* : */
    {3382, 7, 19, 0, 18, 8}, /* ; */
    {3458, 15, 14, 3, 18, 21}, /* < */
    {3570, 15, 9, 3, 20, 21}, /* = */
    {3642, 15, 14, 3, 18, 21}, /* > */
    {3754, 13, 21, 0, 12, 13}, /* ? */
    {3901, 25, 24, 2, 12, 29}, /* @ */
    {4213, 21, 21, 0, 12, 21}, /* A */
    {4444, 17, 21, 2, 12, 19}, /* B */
    {4633, 17, 21, 1, 12, 19}, /* C */
    {4822, 20, 21, 2, 12, 22}, /* D */
    {5032, 13, 21, 2, 12, 16}, /* E */
    {5179, 13, 21, 2, 12, 16}, /* F */
    {5326, 19, 21, 1, 12, 21}, /* G */
    {5536, 19, 21, 2, 12, 23}, /* H */
    {5746, 6, 21, 2, 12, 10}, /* I */
    {5809, 12, 21, 0, 12, 13}, /* J */
    {5935, 18, 21, 2, 12, 19}, /* K */
    {6124, 13, 21, 2, 12, 15}, /* L */
    {6271, 25, 21, 2, 12, 29}, /* M */
    {6544, 20, 21, 2, 12, 24}, /* N */
    {6754, 21, 21, 1, 12, 23}, /* O */
    {6985, 16, 21, 2, 12, 18}, /* P */
    {7153, 23, 24, 1, 12, 23}, /* Q */
    {7441, 18, 21, 2, 12, 20}, /* R */
    {7630, 15, 21, 1, 12, 17}, /* S */
    {7798, 18, 21, 0, 12, 18}, /* T */
    {7987, 18, 21, 2, 12, 22}, /* U */
    {8176, 20, 21, 0, 12, 20}, /* V */
    {8386, 30, 21, 0, 12, 30}, /* W */
    {8701, 20, 21, 0, 12, 20}, /* X */
    {8911, 19, 21, 0, 12, 18}, /* Y */
    {9121, 18, 21, 0, 12, 18}, /* Z */
    {9310, 8, 26, 3, 12, 11}, /* [ */
    {9414, 15, 25, 0, 12, 13}, /* backslash */
    {9614, 7, 26, 1, 12, 11}, /* ] */
    {9718, 16, 12, 3, 12, 21}, /* ^ */
    {9814, 13, 2, 0, 36, 12}, /* _ */
    {9828, 9, 5, 0, 10, 9}, /* ` */
    {9853, 15, 15, 0, 18, 16}, /* a */
    {9973, 17, 23, 1, 10, 19}, /* b */
    {10180, 13, 15, 1, 18, 14}, /* c */
    {10285, 16, 23, 1, 10, 19}, /* d */
    {10469, 15, 15, 1, 18, 16}, /* e */
    {10589, 12, 23, 0, 10, 12}, /* f */
    {10727, 16, 22, 1, 18, 19}, /* g */
    {10903, 16, 23, 1, 10, 18}, /* h */
    {11087, 6, 23, 1, 10, 9}, /* i */
    {11156, 9, 30, -2, 10, 9}, /* j */
    {11306, 16, 23, 1, 10, 17}, /* k */
    {11490, 6, 23, 1, 10, 9}, /* l */
    {11559, 25, 15, 1, 18, 27}, /* m */
    {11754, 16, 15, 1, 18, 18}, /* n */
    {11874, 17, 15, 1, 18, 18}, /* o */
    {12009, 17, 22, 1, 18, 19}, /* p */
    {12207, 16, 22, 1, 18, 19}, /* q */
    {12383, 11, 15, 1, 18, 12}, /* r */
    {12473, 13, 15, 0, 18, 13}, /* s */
    {12578, 12, 20, 0, 13, 12}, /* t */
    {12698, 16, 15, 1, 18, 18}, /* u */
    {12818, 17, 15, 0, 18, 16}, /* v */
    {12953, 24, 15, 0, 18, 24}, /* w */
    {13133, 17, 15, 0, 18, 17}, /* x */
    {13268, 18, 22, -1, 18, 16}, /* y */
    {13466, 14, 15, 0, 18, 14}, /* z */
    {13571, 9, 26, 1, 12, 11}, /* { */
    {13701, 4, 30, 3, 10, 10}, /* | */
    {13761, 9, 26, 1, 12, 11}, /* } */
    {13891, 17, 5, 2, 22, 21}, /* ~ */
};
const ui_font_t ui_font_lb = {41, 33, 12, ui_font_lb_glyphs, ui_font_lb_bits};

/* segoeuib.ttf 40 px: 24689 bytes of 4-bit coverage */
static const uint8_t ui_font_xl_bits[] = {
    0x0B,0xFF,0xFF,0xFB,0x00,0x0A,0xFF,0xFF,0xFB,0x00,0x09,0xFF,0xFF,0xFA,0x00,0x09,0xFF,0xFF,0xF9,0x00,0x08,0xFF,0xFF,0xF9,
    0x00,0x08,0xFF,0xFF,0xF8,0x00,0x07,0xFF,0xFF,0xF8,0x00,0x07,0xFF,0xFF,0xF7,0x00,0x06,0xFF,0xFF,0xF7,0x00,0x06,0xFF,0xFF,
    0xF6,0x00,0x05,0xFF,0xFF,0xF5,0x00,0x05,0xFF,0xFF,0xF5,0x00,0x04,0xFF,0xFF,0xF4,0x00,0x04,0xFF,0xFF,0xF4,0x00,0x03,0xFF,
    0xFF,0xF3,0x00,0x02,0xFF,0xFF,0xF3,0x00,0x02,0xFF,0xFF,0xF2,0x00,0x01,0xFF,0xFF,0xF1,0x00,0x01,0xFF,0xFF,0xF1,0x00,0x00,
    0xFF,0xFF,0xF0,0x00,0x00,0x00,0x00,0x00,0x00,0x00,0x00,0x00,0x00,0x00,0x00,0x00,0x00,0x00,0x00,0x00,0x7D,0xED,0x80,0x00,
    0x09,0xFF,0xFF,0xF9,0x00,0x0E,0xFF,0xFF,0xFF,0x10,0x0E,0xFF,0xFF,0xFF,0x10,0x08,0xFF,0xFF,0xF9,0x00,0x00,0x6D,0xED,0x81,
    0x00,0x4F,0xFF,0xF4,0x00,0x8F,0xFF,0xF0,0x4F,0xFF,0xF4,0x00,0x8F,0xFF,0xF0,0x4F,0xFF,0xF4,0x00,0x8F,0xFF,0xF0,0x4F,0xFF,
    0xF4,0x00,0x8F,0xFF,0xF0,0x4F,0xFF,0xF4,0x00,0x8F,0xFF,0xF0,0x4F,0xFF,0xF4,0x00,0x8F,0xFF,0xF0,0x4F,0xFF,0xF4,0x00,0x8F,
    0xFF,0xF0,0x4F,0xFF,0xF4,0x00,0x8F,0xFF,0xF0,0x4F,0xFF,0xF4,0x00,0x8F,0xFF,0xF0,0x00,0x00,0x00,0x00,0x01,0x11,0x10,0x00,
    0x00,0x00,0x00,0xCF,0xFF,0x30,0x00,0x4F,0xFF,0xA0,0x00,0x00,0x00,0x00,0x00,0xFF,0xFF,0x00,0x00,0x7F,0xFF,0x70,0x00,0x00,
    0x00,0x00,0x03,0xFF,0xFC,0x00,0x00,0xAF,0xFF,0x40,0x00,0x00,0x00,0x00,0x06,0xFF,0xF9,0x00,0x00,0xEF,0xFF,0x10,0x00,0x00,
    0x00,0x00,0x09,0xFF,0xF6,0x00,0x02,0xFF,0xFD,0x00,0x00,0x00,0x00,0x00,0x0C,0xFF,0xF3,0x00,0x05,0xFF,0xFA,0x00,0x00,0x00,
    0x00,0x00,0x1F,0xFF,0xE0,0x00,0x08,0xFF,0xF7,0x00,0x00,0x00,0x3F,0xFF,0xFF,0xFF,0xFF,0xFF,0xFF,0xFF,0xFF,0xFF,0xD0,0x00,
    0x6F,0xFF,0xFF,0xFF,0xFF,0xFF,0xFF,0xFF,0xFF,0xFF,0xA0,0x00,0x9F,0xFF,0xFF,0xFF,0xFF,0xFF,0xFF,0xFF,0xFF,0xFF,0x60,0x00,
    0x68,0x88,0xEF,0xFF,0x88,0x88,0xBF,0xFF,0xC8,0x88,0x20,0x00,0x00,0x01,0xFF,0xFE,0x00,0x00,0x8F,0xFF,0x60,0x00,0x00,0x00,
    0x00,0x03,0xFF,0xFB,0x00,0x00,0xBF,0xFF,0x30,0x00,0x00,0x00,0x00,0x06,0xFF,0xF8,0x00,0x00,0xEF,0xFF,0x00,0x00,0x00,0x00,
    0x00,0x09,0xFF,0xF5,0x00,0x02,0xFF,0xFC,0x00,0x00,0x00,0x00,0x00,0x0C,0xFF,0xF2,0x00,0x05,0xFF,0xF9,0x00,0x00,0x00,0x0A,
    0xFF,0xFF,0xFF,0xFF,0xFF,0xFF,0xFF,0xFF,0xFF,0xF7,0x00,0x0D,0xFF,0xFF,0xFF,0xFF,0xFF,0xFF,0xFF,0xFF,0xFF,0xF3,0x00,0x1F,
    0xFF,0xFF,0xFF,0xFF,0xFF,0xFF,0xFF,0xFF,0xFF,0xE0,0x00,0x28,0x88,0xDF,0xFF,0xA8,0x88,0xAF,0xFF,0xD8,0x88,0x60,0x00,0x00,
    0x00,0xDF,0xFF,0x20,0x00,0x6F,0xFF,0x90,0x00,0x00,0x00,0x00,0x01,0xFF,0xFD,0x00,0x00,0xAF,0xFF,0x50,0x00,0x00,0x00,0x00,
    0x04,0xFF,0xFA,0x00,0x00,0xDF,0xFF,0x10,0x00,0x00,0x00,0x00,0x07,0xFF,0xF7,0x00,0x01,0xFF,0xFD,0x00,0x00,0x00,0x00,0x00,
    0x0B,0xFF,0xF3,0x00,0x04,0xFF,0xF9,0x00,0x00,0x00,0x00,0x00,0x0E,0xFF,0xF0,0x00,0x08,0xFF,0xF6,0x00,0x00,0x00,0x00,0x00,
    0x00,0x00,0x00,0xAF,0xF3,0x00,0x00,0x00,0x00,0x00,0x00,0x00,0x00,0xAF,0xF3,0x00,0x00,0x00,0x00,0x00,0x00,0x00,0x00,0xAF,
    0xF3,0x00,0x00,0x00,0x00,0x00,0x00,0x00,0x00,0xAF,0xF3,0x00,0x00,0x00,0x00,0x00,0x00,0x05,0xAD,0xFF,0xFF,0xFD,0xA7,0x20,
    0x00,0x00,0x04,0xDF,0xFF,0xFF,0xFF,0xFF,0xFF,0xF4,0x00,0x00,0x6F,0xFF,0xFF,0xFF,0xFF,0xFF,0xFF,0xF5,0x00,0x04,0xFF,0xFF,
    0xFF,0xFF,0xFF,0xFF,0xFF,0xF5,0x00,0x0C,0xFF,0xFF,0xFC,0xDF,0xFA,0xBE,0xFF,0xF5,0x00,0x4F,0xFF,0xFF,0x60,0xAF,0xF3,0x00,
    0x39,0xF5,0x00,0x7F,0xFF,0xFC,0x00,0xAF,0xF3,0x00,0x00,0x22,0x00,0x9F,0xFF,0xFA,0x00,0xAF,0xF3,0x00,0x00,0x00,0x00,0x8F,
    0xFF,0xFD,0x00,0xAF,0xF3,0x00,0x00,0x00,0x00,0x6F,0xFF,0xFF,0x80,0xAF,0xF3,0x00,0x00,0x00,0x00,0x2F,0xFF,0xFF,0xFB,0xCF,
    0xF3,0x00,0x00,0x00,0x00,0x0A,0xFF,0xFF,0xFF,0xFF,0xF3,0x00,0x00,0x00,0x00,0x01,0xDF,0xFF,0xFF,0xFF,0xFE,0x82,0x00,0x00,
    0x00,0x00,0x2C,0xFF,0xFF,0xFF,0xFF,0xFF,0x91,0x00,0x00,0x00,0x00,0x7E,0xFF,0xFF,0xFF,0xFF,0xFE,0x40,0x00,0x00,0x00,0x01,
    0x8E,0xFF,0xFF,0xFF,0xFF,0xF5,0x00,0x00,0x00,0x00,0x00,0xBF,0xFF,0xFF,0xFF,0xFE,0x20,0x00,0x00,0x00,0x00,0xAF,0xFA,0xFF,
    0xFF,0xFF,0x90,0x00,0x00,0x00,0x00,0xAF,0xF3,0x3E,0xFF,0xFF,0xE0,0x00,0x00,0x00,0x00,0xAF,0xF3,0x05,0xFF,0xFF,0xF1,0x13,
    0x00,0x00,0x00,0xAF,0xF3,0x01,0xFF,0xFF,0xF2,0x1F,0x81,0x00,0x00,0xAF,0xF3,0x04,0xFF,0xFF,0xF1,0x1F,0xFE,0x94,0x00,0xAF,
    0xF3,0x2C,0xFF,0xFF,0xC0,0x1F,0xFF,0xFF,0xEB,0xDF,0xFD,0xFF,0xFF,0xFF,0x70,0x1F,0xFF,0xFF,0xFF,0xFF,0xFF,0xFF,0xFF,0xFD,
    0x10,0x1F,0xFF,0xFF,0xFF,0xFF,0xFF,0xFF,0xFF,0xD2,0x00,0x06,0xDF,0xFF,0xFF,0xFF,0xFF,0xFF,0xF9,0x10,0x00,0x00,0x03,0x8B,
    0xDE,0xFF,0xFD,0xA6,0x10,0x00,0x00,0x00,0x00,0x00,0x00,0xAF,0xF3,0x00,0x00,0x00,0x00,0x00,0x00,0x00,0x00,0xAF,0xF3,0x00,
    0x00,0x00,0x00,0x00,0x00,0x00,0x00,0xAF,0xF3,0x00,0x00,0x00,0x00,0x00,0x00,0x00,0x00,0xAF,0xF3,0x00,0x00,0x00,0x00,0x00,
    0x00,0x39,0xDE,0xEC,0x82,0x00,0x00,0x00,0x00,0x00,0x4F,0xFF,0xF8,0x00,0x00,0x00,0x09,0xFF,0xFF,0xFF,0xFE,0x50,0x00,0x00,
    0x00,0x00,0xDF,0xFF,0xD1,0x00,0x00,0x00,0x9F,0xFF,0xFF,0xFF,0xFF,0xF3,0x00,0x00,0x00,0x08,0xFF,0xFF,0x40,0x00,0x00,0x04,
    0xFF,0xFF,0xB7,0x9F,0xFF,0xFB,0x00,0x00,0x00,0x3F,0xFF,0xFA,0x00,0x00,0x00,0x0A,0xFF,0xFA,0x00,0x05,0xFF,0xFF,0x20,0x00,
    0x00,0xCF,0xFF,0xE1,0x00,0x00,0x00,0x0E,0xFF,0xF3,0x00,0x00,0xDF,0xFF,0x50,0x00,0x06,0xFF,0xFF,0x60,0x00,0x00,0x00,0x2F,
    0xFF,0xF0,0x00,0x00,0xAF,0xFF,0x60,0x00,0x1E,0xFF,0xFB,0x00,0x00,0x00,0x00,0x3F,0xFF,0xE0,0x00,0x00,0x9F,0xFF,0x70,0x00,
    0xAF,0xFF,0xF2,0x00,0x00,0x00,0x00,0x3F,0xFF,0xF0,0x00,0x00,0xAF,0xFF,0x60,0x04,0xFF,0xFF,0x70,0x00,0x00,0x00,0x00,0x1F,
    0xFF,0xF3,0x00,0x00,0xDF,0xFF,0x30,0x1D,0xFF,0xFD,0x00,0x00,0x00,0x00,0x00,0x0D,0xFF,0xF9,0x00,0x05,0xFF,0xFE,0x00,0x8F,
    0xFF,0xF4,0x00,0x00,0x00,0x00,0x00,0x07,0xFF,0xFF,0xB7,0x9F,0xFF,0xF8,0x03,0xFF,0xFF,0x90,0x00,0x00,0x00,0x00,0x00,0x00,
    0xCF,0xFF,0xFF,0xFF,0xFF,0xC1,0x0C,0xFF,0xFE,0x10,0x00,0x00,0x00,0x00,0x00,0x00,0x1C,0xFF,0xFF,0xFF,0xFC,0x10,0x6F,0xFF,
    0xF5,0x00,0x00,0x00,0x00,0x00,0x00,0x00,0x00,0x6B,0xEF,0xEB,0x50,0x02,0xEF,0xFF,0xB0,0x01,0x7C,0xEF,0xEA,0x50,0x00,0x00,
    0x00,0x00,0x00,0x00,0x00,0x0A,0xFF,0xFE,0x20,0x4E,0xFF,0xFF,0xFF,0xFA,0x10,0x00,0x00,0x00,0x00,0x00,0x00,0x5F,0xFF,0xF7,
    0x03,0xEF,0xFF,0xFF,0xFF,0xFF,0xA0,0x00,0x00,0x00,0x00,0x00,0x01,0xDF,0xFF,0xC0,0x0C,0xFF,0xFE,0x87,0xDF,0xFF,0xF3,0x00,
    0x00,0x00,0x00,0x00,0x09,0xFF,0xFF,0x30,0x4F,0xFF,0xE2,0x00,0x1D,0xFF,0xF9,0x00,0x00,0x00,0x00,0x00,0x3F,0xFF,0xF9,0x00,
    0x8F,0xFF,0x90,0x00,0x07,0xFF,0xFC,0x00,0x00,0x00,0x00,0x00,0xCF,0xFF,0xD1,0x00,0xBF,0xFF,0x60,0x00,0x04,0xFF,0xFD,0x00,
    0x00,0x00,0x00,0x07,0xFF,0xFF,0x50,0x00,0xCF,0xFF,0x50,0x00,0x03,0xFF,0xFE,0x00,0x00,0x00,0x00,0x2E,0xFF,0xFA,0x00,0x00,
    0xBF,0xFF,0x60,0x00,0x03,0xFF,0xFD,0x00,0x00,0x00,0x00,0xBF,0xFF,0xE2,0x00,0x00,0xAF,0xFF,0x90,0x00,0x06,0xFF,0xFA,0x00,
    0x00,0x00,0x05,0xFF,0xFF,0x70,0x00,0x00,0x6F,0xFF,0xE2,0x00,0x1C,0xFF,0xF6,0x00,0x00,0x00,0x1E,0xFF,0xFC,0x00,0x00,0x00,
    0x1E,0xFF,0xFE,0x87,0xCF,0xFF,0xE1,0x00,0x00,0x00,0x9F,0xFF,0xF3,0x00,0x00,0x00,0x06,0xFF,0xFF,0xFF,0xFF,0xFF,0x40,0x00,
    0x00,0x03,0xFF,0xFF,0x80,0x00,0x00,0x00,0x00,0x7F,0xFF,0xFF,0xFF,0xE5,0x00,0x00,0x00,0x0C,0xFF,0xFD,0x10,0x00,0x00,0x00,
    0x00,0x03,0x9D,0xFE,0xC8,0x20,0x00,0x00,0x00,0x00,0x01,0x6A,0xDE,0xFE,0xC8,0x30,0x00,0x00,0x00,0x00,0x00,0x00,0x00,0x00,
    0x00,0x00,0x00,0x7E,0xFF,0xFF,0xFF,0xFF,0xFB,0x20,0x00,0x00,0x00,0x00,0x00,0x00,0x00,0x00,0x00,0x0A,0xFF,0xFF,0xFF,0xFF,
    0xFF,0xFF,0xD2,0x00,0x00,0x00,0x00,0x00,0x00,0x00,0x00,0x00,0x6F,0xFF,0xFF,0xFF,0xFF,0xFF,0xFF,0xFB,0x00,0x00,0x00,0x00,
    0x00,0x00,0x00,0x00,0x00,0xDF,0xFF,0xFF,0xB4,0x36,0xEF,0xFF,0xFF,0x20,0x00,0x00,0x00,0x00,0x00,0x00,0x00,0x01,0xFF,0xFF,
    0xFB,0x00,0x00,0x5F,0xFF,0xFF,0x50,0x00,0x00,0x00,0x00,0x00,0x00,0x00,0x02,0xFF,0xFF,0xF6,0x00,0x00,0x1F,0xFF,0xFF,0x60,
    0x00,0x00,0x00,0x00,0x00,0x00,0x00,0x01,0xFF,0xFF,0xF8,0x00,0x00,0x3F,0xFF,0xFF,0x40,0x00,0x3F,0xFF,0xFF,0x10,0x00,0x00,
    0x00,0xBF,0xFF,0xFE,0x10,0x00,0xBF,0xFF,0xFE,0x00,0x00,0x0F,0xFF,0xFF,0x40,0x00,0x00,0x00,0x4F,0xFF,0xFF,0xC2,0x3C,0xFF,
    0xFF,0xF6,0x00,0x00,0x0E,0xFF,0xFF,0x50,0x00,0x00,0x00,0x09,0xFF,0xFF,0xFE,0xFF,0xFF,0xFF,0x80,0x00,0x00,0x0F,0xFF,0xFF,
    0x50,0x00,0x00,0x00,0x00,0xAF,0xFF,0xFF,0xFF,0xFF,0xE5,0x00,0x00,0x00,0x1F,0xFF,0xFF,0x40,0x00,0x00,0x00,0x00,0x5E,0xFF,
    0xFF,0xFF,0xFD,0x10,0x00,0x00,0x00,0x3F,0xFF,0xFF,0x10,0x00,0x00,0x00,0x5D,0xFF,0xFF,0xFF,0xFF,0xFF,0xE5,0x00,0x00,0x00,
    0x7F,0xFF,0xFD,0x00,0x00,0x00,0x09,0xFF,0xFF,0xFF,0xEF,0xFF,0xFF,0xFF,0x90,0x00,0x00,0xBF,0xFF,0xF9,0x00,0x00,0x00,0xAF,
    0xFF,0xFF,0xF9,0x13,0xBF,0xFF,0xFF,0xFA,0x00,0x02,0xFF,0xFF,0xF4,0x00,0x00,0x06,0xFF,0xFF,0xFF,0x60,0x00,0x05,0xEF,0xFF,
    0xFF,0x90,0x09,0xFF,0xFF,0xD0,0x00,0x00,0x0E,0xFF,0xFF,0xF8,0x00,0x00,0x00,0x2D,0xFF,0xFF,0xF6,0x4F,0xFF,0xFF,0x60,0x00,
    0x00,0x4F,0xFF,0xFF,0xE1,0x00,0x00,0x00,0x01,0xDF,0xFF,0xFE,0xDF,0xFF,0xFC,0x00,0x00,0x00,0x7F,0xFF,0xFF,0xC0,0x00,0x00,
    0x00,0x00,0x2E,0xFF,0xFF,0xFF,0xFF,0xF3,0x00,0x00,0x00,0x8F,0xFF,0xFF,0xB0,0x00,0x00,0x00,0x00,0x05,0xFF,0xFF,0xFF,0xFF,
    0x60,0x00,0x00,0x00,0x6F,0xFF,0xFF,0xE0,0x00,0x00,0x00,0x00,0x00,0xBF,0xFF,0xFF,0xF8,0x00,0x00,0x00,0x00,0x4F,0xFF,0xFF,
    0xF7,0x00,0x00,0x00,0x00,0x19,0xFF,0xFF,0xFF,0xF3,0x00,0x00,0x00,0x00,0x0E,0xFF,0xFF,0xFF,0x81,0x00,0x00,0x38,0xEF,0xFF,
    0xFF,0xFF,0xFE,0x60,0x00,0x02,0x20,0x08,0xFF,0xFF,0xFF,0xFE,0xBA,0xCE,0xFF,0xFF,0xFF,0xFF,0xFF,0xFF,0xFE,0xBC,0xEF,0x50,
    0x00,0xCF,0xFF,0xFF,0xFF,0xFF,0xFF,0xFF,0xFF,0xFF,0xED,0xFF,0xFF,0xFF,0xFF,0xFF,0x50,0x00,0x1C,0xFF,0xFF,0xFF,0xFF,0xFF,
    0xFF,0xFF,0xFB,0x21,0xCF,0xFF,0xFF,0xFF,0xFF,0x50,0x00,0x00,0x7E,0xFF,0xFF,0xFF,0xFF,0xFF,0xFB,0x40,0x00,0x08,0xFF,0xFF,
    0xFF,0xFF,0x50,0x00,0x00,0x00,0x59,0xCE,0xFF,0xEC,0xA6,0x10,0x00,0x00,0x00,0x28,0xDF,0xED,0xB6,0x10,0x9F,0xFF,0xF2,0x9F,
    0xFF,0xF2,0x9F,0xFF,0xF2,0x9F,0xFF,0xF2,0x9F,0xFF,0xF2,0x9F,0xFF,0xF2,0x9F,0xFF,0xF2,0x9F,0xFF,0xF2,0x9F,0xFF,0xF2,0x00,
    0x00,0x01,0xEF,0xFF,0xE2,0x00,0x00,0x0B,0xFF,0xFF,0x50,0x00,0x00,0x7F,0xFF,0xFA,0x00,0x00,0x02,0xFF,0xFF,0xE2,0x00,0x00,
    0x0B,0xFF,0xFF,0x80,0x00,0x00,0x4F,0xFF,0xFE,0x10,0x00,0x00,0xBF,0xFF,0xF9,0x00,0x00,0x02,0xFF,0xFF,0xF3,0x00,0x00,0x07,
    0xFF,0xFF,0xD0,0x00,0x00,0x0C,0xFF,0xFF,0x80,0x00,0x00,0x1F,0xFF,0xFF,0x40,0x00,0x00,0x5F,0xFF,0xFF,0x10,0x00,0x00,0x8F,
    0xFF,0xFD,0x00,0x00,0x00,0xAF,0xFF,0xFB,0x00,0x00,0x00,0xCF,0xFF,0xF9,0x00,0x00,0x00,0xDF,0xFF,0xF8,0x00,0x00,0x00,0xDF,
    0xFF,0xF8,0x00,0x00,0x00,0xDF,0xFF,0xF8,0x00,0x00,0x00,0xDF,0xFF,0xF8,0x00,0x00,0x00,0xCF,0xFF,0xF9,0x00,0x00,0x00,0xAF,
    0xFF,0xFB,0x00,0x00,0x00,0x9F,0xFF,0xFD,0x00,0x00,0x00,0x6F,0xFF,0xFF,0x10,0x00,0x00,0x3F,0xFF,0xFF,0x40,0x00,0x00,0x0E,
    0xFF,0xFF,0x80,0x00,0x00,0x09,0xFF,0xFF,0xC0,0x00,0x00,0x04,0xFF,0xFF,0xF3,0x00,0x00,0x00,0xDF,0xFF,0xF9,0x00,0x00,0x00,
    0x6F,0xFF,0xFE,0x10,0x00,0x00,0x0D,0xFF,0xFF,0x80,0x00,0x00,0x04,0xFF,0xFF,0xE2,0x00,0x00,0x00,0x9F,0xFF,0xFA,0x00,0x00,
    0x00,0x1C,0xFF,0xFF,0x50,0x00,0x00,0x02,0xEF,0xFF,0xE2,0x4F,0xFF,0xFB,0x00,0x00,0x00,0x09,0xFF,0xFF,0x80,0x00,0x00,0x01,
    0xDF,0xFF,0xF4,0x00,0x00,0x00,0x5F,0xFF,0xFD,0x10,0x00,0x00,0x0C,0xFF,0xFF,0x70,0x00,0x00,0x04,0xFF,0xFF,0xE1,0x00,0x00,
    0x00,0xCF,0xFF,0xF8,0x00,0x00,0x00,0x7F,0xFF,0xFE,0x00,0x00,0x00,0x1F,0xFF,0xFF,0x40,0x00,0x00,0x0B,0xFF,0xFF,0x90,0x00,
    0x00,0x07,0xFF,0xFF,0xE0,0x00,0x00,0x04,0xFF,0xFF,0xF2,0x00,0x00,0x01,0xFF,0xFF,0xF5,0x00,0x00,0x00,0xEF,0xFF,0xF7,0x00,
    0x00,0x00,0xCF,0xFF,0xF9,0x00,0x00,0x00,0xBF,0xFF,0xFA,0x00,0x00,0x00,0xAF,0xFF,0xFA,0x00,0x00,0x00,0xAF,0xFF,0xFB,0x00,
    0x00,0x00,0xBF,0xFF,0xFA,0x00,0x00,0x00,0xCF,0xFF,0xF9,0x00,0x00,0x00,0xEF,0xFF,0xF7,0x00,0x00,0x01,0xFF,0xFF,0xF5,0x00,
    0x00,0x03,0xFF,0xFF,0xF3,0x00,0x00,0x07,0xFF,0xFF,0xE0,0x00,0x00,0x0B,0xFF,0xFF,0xB0,0x00,0x00,0x1F,0xFF,0xFF,0x60,0x00,
    0x00,0x5F,0xFF,0xFE,0x10,0x00,0x00,0xCF,0xFF,0xF9,0x00,0x00,0x03,0xFF,0xFF,0xF2,0x00,0x00,0x0B,0xFF,0xFF,0x90,0x00,0x00,
    0x4F,0xFF,0xFE,0x10,0x00,0x00,0xDF,0xFF,0xF5,0x00,0x00,0x08,0xFF,0xFF,0x90,0x00,0x00,0x4F,0xFF,0xFB,0x00,0x00,0x00,0x00,
    0x00,0x01,0xFF,0xFF,0x50,0x00,0x00,0x00,0x00,0x00,0xEF,0xFF,0x30,0x00,0x00,0x00,0x00,0x00,0xCF,0xFF,0x10,0x00,0x00,0x00,
    0x00,0x00,0xAF,0xFE,0x00,0x00,0x00,0x06,0xA4,0x00,0x8F,0xFC,0x00,0x39,0x90,0x0B,0xFF,0xD7,0x7F,0xFA,0x6C,0xFF,0xE0,0x1F,
    0xFF,0xFF,0xFF,0xFF,0xFF,0xFF,0xF5,0x6F,0xFF,0xFF,0xFF,0xFF,0xFF,0xFF,0xFA,0x25,0x7A,0xCE,0xFF,0xFF,0xFD,0xA8,0x63,0x00,
    0x00,0x0B,0xFF,0xFF,0xD1,0x00,0x00,0x00,0x00,0x9F,0xFF,0xFF,0xFC,0x10,0x00,0x00,0x07,0xFF,0xFD,0xAF,0xFF,0xA0,0x00,0x00,
    0x5F,0xFF,0xF5,0x2F,0xFF,0xF9,0x00,0x00,0xCF,0xFF,0xC0,0x08,0xFF,0xFE,0x20,0x00,0x09,0xFF,0x40,0x01,0xEF,0xB2,0x00,0x00,
    0x00,0x5A,0x00,0x00,0x77,0x00,0x00,0x00,0x00,0x00,0x00,0xCF,0xFF,0x20,0x00,0x00,0x00,0x00,0x00,0x00,0x00,0xCF,0xFF,0x20,
    0x00,0x00,0x00,0x00,0x00,0x00,0x00,0xCF,0xFF,0x20,0x00,0x00,0x00,0x00,0x00,0x00,0x00,0xCF,0xFF,0x20,0x00,0x00,0x00,0x00,
    0x00,0x00,0x00,0xCF,0xFF,0x20,0x00,0x00,0x00,0x00,0x00,0x00,0x00,0xCF,0xFF,0x20,0x00,0x00,0x00,0x00,0x00,0x00,0x00,0xCF,
    0xFF,0x20,0x00,0x00,0x00,0x00,0x00,0x00,0x00,0xCF,0xFF,0x20,0x00,0x00,0x00,0x5F,0xFF,0xFF,0xFF,0xFF,0xFF,0xFF,0xFF,0xFF,
    0xFA,0x5F,0xFF,0xFF,0xFF,0xFF,0xFF,0xFF,0xFF,0xFF,0xFA,0x5F,0xFF,0xFF,0xFF,0xFF,0xFF,0xFF,0xFF,0xFF,0xFA,0x5F,0xFF,0xFF,
    0xFF,0xFF,0xFF,0xFF,0xFF,0xFF,0xFA,0x00,0x00,0x00,0x00,0xCF,0xFF,0x20,0x00,0x00,0x00,0x00,0x00,0x00,0x00,0xCF,0xFF,0x20,
    0x00,0x00,0x00,0x00,0x00,0x00,0x00,0xCF,0xFF,0x20,0x00,0x00,0x00,0x00,0x00,0x00,0x00,0xCF,0xFF,0x20,0x00,0x00,0x00,0x00,
    0x00,0x00,0x00,0xCF,0xFF,0x20,0x00,0x00,0x00,0x00,0x00,0x00,0x00,0xCF,0xFF,0x20,0x00,0x00,0x00,0x00,0x00,0x00,0x00,0xCF,
    0xFF,0x20,0x00,0x00,0x00,0x00,0x5F,0xFF,0xFF,0x40,0x00,0x8F,0xFF,0xFF,0x10,0x00,0xBF,0xFF,0xFB,0x00,0x00,0xEF,0xFF,0xF6,
    0x00,0x02,0xFF,0xFF,0xF2,0x00,0x05,0xFF,0xFF,0xD0,0x00,0x08,0xFF,0xFF,0x90,0x00,0x0B,0xFF,0xFF,0x40,0x00,0x0E,0xFF,0xFE,
    0x00,0x00,0x2F,0xFF,0xFB,0x00,0x00,0x3F,0xFF,0xFF,0xFF,0xFF,0xF7,0x3F,0xFF,0xFF,0xFF,0xFF,0xF7,0x3F,0xFF,0xFF,0xFF,0xFF,
    0xF7,0x3F,0xFF,0xFF,0xFF,0xFF,0xF7,0x01,0x8D,0xED,0x70,0x00,0x0B,0xFF,0xFF,0xF9,0x00,0x2F,0xFF,0xFF,0xFF,0x00,0x2F,0xFF,
    0xFF,0xFF,0x00,0x0B,0xFF,0xFF,0xF9,0x00,0x01,0x8D,0xED,0x70,0x00,0x00,0x00,0x00,0x00,0x00,0x00,0x09,0xFF,0xFF,0xE1,0x00,
    0x00,0x00,0x00,0x00,0x00,0x1E,0xFF,0xFF,0x90,0x00,0x00,0x00,0x00,0x00,0x00,0x6F,0xFF,0xFF,0x30,0x00,0x00,0x00,0x00,0x00,
    0x00,0xCF,0xFF,0xFB,0x00,0x00,0x00,0x00,0x00,0x00,0x03,0xFF,0xFF,0xF5,0x00,0x00,0x00,0x00,0x00,0x00,0x09,0xFF,0xFF,0xE0,
    0x00,0x00,0x00,0x00,0x00,0x00,0x1F,0xFF,0xFF,0x80,0x00,0x00,0x00,0x00,0x00,0x00,0x7F,0xFF,0xFF,0x20,0x00,0x00,0x00,0x00,
    0x00,0x00,0xDF,0xFF,0xFA,0x00,0x00,0x00,0x00,0x00,0x00,0x04,0xFF,0xFF,0xF4,0x00,0x00,0x00,0x00,0x00,0x00,0x0A,0xFF,0xFF,
    0xD0,0x00,0x00,0x00,0x00,0x00,0x00,0x2F,0xFF,0xFF,0x70,0x00,0x00,0x00,0x00,0x00,0x00,0x8F,0xFF,0xFE,0x10,0x00,0x00,0x00,
    0x00,0x00,0x00,0xEF,0xFF,0xF9,0x00,0x00,0x00,0x00,0x00,0x00,0x05,0xFF,0xFF,0xF3,0x00,0x00,0x00,0x00,0x00,0x00,0x0B,0xFF,
    0xFF,0xC0,0x00,0x00,0x00,0x00,0x00,0x00,0x2F,0xFF,0xFF,0x60,0x00,0x00,0x00,0x00,0x00,0x00,0x9F,0xFF,0xFE,0x00,0x00,0x00,
    0x00,0x00,0x00,0x01,0xEF,0xFF,0xF8,0x00,0x00,0x00,0x00,0x00,0x00,0x06,0xFF,0xFF,0xF2,0x00,0x00,0x00,0x00,0x00,0x00,0x0C,
    0xFF,0xFF,0xB0,0x00,0x00,0x00,0x00,0x00,0x00,0x3F,0xFF,0xFF,0x50,0x00,0x00,0x00,0x00,0x00,0x00,0x9F,0xFF,0xFD,0x00,0x00,
    0x00,0x00,0x00,0x00,0x01,0xFF,0xFF,0xF7,0x00,0x00,0x00,0x00,0x00,0x00,0x07,0xFF,0xFF,0xF1,0x00,0x00,0x00,0x00,0x00,0x00,
    0x0D,0xFF,0xFF,0xA0,0x00,0x00,0x00,0x00,0x00,0x00,0x4F,0xFF,0xFF,0x40,0x00,0x00,0x00,0x00,0x00,0x00,0xAF,0xFF,0xFC,0x00,
    0x00,0x00,0x00,0x00,0x00,0x02,0xFF,0xFF,0xF6,0x00,0x00,0x00,0x00,0x00,0x00,0x08,0xFF,0xFF,0xE1,0x00,0x00,0x00,0x00,0x00,
    0x00,0x0E,0xFF,0xFF,0x90,0x00,0x00,0x00,0x00,0x00,0x00,0x5F,0xFF,0xFF,0x30,0x00,0x00,0x00,0x00,0x00,0x00,0xBF,0xFF,0xFB,
    0x00,0x00,0x00,0x00,0x00,0x00,0x00,0x00,0x00,0x00,0x27,0xBD,0xEE,0xDA,0x51,0x00,0x00,0x00,0x00,0x00,0x18,0xFF,0xFF,0xFF,
    0xFF,0xFD,0x40,0x00,0x00,0x00,0x01,0xCF,0xFF,0xFF,0xFF,0xFF,0xFF,0xF5,0x00,0x00,0x00,0x0B,0xFF,0xFF,0xFF,0xFF,0xFF,0xFF,
    0xFF,0x30,0x00,0x00,0x6F,0xFF,0xFF,0xFE,0xBD,0xFF,0xFF,0xFF,0xC0,0x00,0x01,0xEF,0xFF,0xFF,0xA1,0x00,0x8F,0xFF,0xFF,0xF4,
    0x00,0x06,0xFF,0xFF,0xFE,0x10,0x00,0x0C,0xFF,0xFF,0xFA,0x00,0x0B,0xFF,0xFF,0xF7,0x00,0x00,0x06,0xFF,0xFF,0xFE,0x00,0x1F,
    0xFF,0xFF,0xF3,0x00,0x00,0x02,0xFF,0xFF,0xFF,0x20,0x3F,0xFF,0xFF,0xF0,0x00,0x00,0x00,0xEF,0xFF,0xFF,0x50,0x6F,0xFF,0xFF,
    0xD0,0x00,0x00,0x00,0xCF,0xFF,0xFF,0x70,0x8F,0xFF,0xFF,0xB0,0x00,0x00,0x00,0xBF,0xFF,0xFF,0x80,0x8F,0xFF,0xFF,0xA0,0x00,
    0x00,0x00,0xAF,0xFF,0xFF,0x90,0x9F,0xFF,0xFF,0xA0,0x00,0x00,0x00,0xAF,0xFF,0xFF,0xA0,0xAF,0xFF,0xFF,0x90,0x00,0x00,0x00,
    0xAF,0xFF,0xFF,0x90,0x9F,0xFF,0xFF,0xA0,0x00,0x00,0x00,0xAF,0xFF,0xFF,0x90,0x8F,0xFF,0xFF,0xB0,0x00,0x00,0x00,0xBF,0xFF,
    0xFF,0x80,0x7F,0xFF,0xFF,0xC0,0x00,0x00,0x00,0xCF,0xFF,0xFF,0x60,0x5F,0xFF,0xFF,0xE0,0x00,0x00,0x00,0xEF,0xFF,0xFF,0x30,
    0x3F,0xFF,0xFF,0xF2,0x00,0x00,0x02,0xFF,0xFF,0xFF,0x10,0x0E,0xFF,0xFF,0xF6,0x00,0x00,0x07,0xFF,0xFF,0xFC,0x00,0x0A,0xFF,
    0xFF,0xFD,0x00,0x00,0x0D,0xFF,0xFF,0xF6,0x00,0x05,0xFF,0xFF,0xFF,0xA1,0x00,0x9F,0xFF,0xFF,0xE1,0x00,0x00,0xCF,0xFF,0xFF,
    0xFE,0xCE,0xFF,0xFF,0xFF,0x70,0x00,0x00,0x3F,0xFF,0xFF,0xFF,0xFF,0xFF,0xFF,0xFC,0x00,0x00,0x00,0x05,0xFF,0xFF,0xFF,0xFF,
    0xFF,0xFF,0xD1,0x00,0x00,0x00,0x00,0x4D,0xFF,0xFF,0xFF,0xFF,0xF9,0x10,0x00,0x00,0x00,0x00,0x00,0x5A,0xDE,0xFD,0xC8,0x20,
    0x00,0x00,0x00,0x00,0x00,0x00,0x05,0xEF,0xFF,0x40,0x00,0x00,0x04,0xBF,0xFF,0xFF,0x40,0x00,0x05,0xBF,0xFF,0xFF,0xFF,0x40,
    0x49,0xEF,0xFF,0xFF,0xFF,0xFF,0x40,0xDF,0xFF,0xFF,0xFF,0xFF,0xFF,0x40,0xDF,0xFF,0xFF,0xFF,0xFF,0xFF,0x40,0xDF,0xFF,0xFE,
    0xFF,0xFF,0xFF,0x40,0xDF,0xFF,0xA2,0xEF,0xFF,0xFF,0x40,0xCB,0x72,0x00,0xEF,0xFF,0xFF,0x40,0x00,0x00,0x00,0xEF,0xFF,0xFF,
    0x40,0x00,0x00,0x00,0xEF,0xFF,0xFF,0x40,0x00,0x00,0x00,0xEF,0xFF,0xFF,0x40,0x00,0x00,0x00,0xEF,0xFF,0xFF,0x40,0x00,0x00,
    0x00,0xEF,0xFF,0xFF,0x40,0x00,0x00,0x00,0xEF,0xFF,0xFF,0x40,0x00,0x00,0x00,0xEF,0xFF,0xFF,0x40,0x00,0x00,0x00,0xEF,0xFF,
    0xFF,0x40,0x00,0x00,0x00,0xEF,0xFF,0xFF,0x40,0x00,0x00,0x00,0xEF,0xFF,0xFF,0x40,0x00,0x00,0x00,0xEF,0xFF,0xFF,0x40,0x00,
    0x00,0x00,0xEF,0xFF,0xFF,0x40,0x00,0x00,0x00,0xEF,0xFF,0xFF,0x40,0x00,0x00,0x00,0xEF,0xFF,0xFF,0x40,0x00,0x00,0x00,0xEF,
    0xFF,0xFF,0x40,0x00,0x00,0x00,0xEF,0xFF,0xFF,0x40,0x00,0x00,0x00,0xEF,0xFF,0xFF,0x40,0x00,0x00,0x00,0xEF,0xFF,0xFF,0x40,
    0x00,0x00,0x00,0xEF,0xFF,0xFF,0x40,0x00,0x00,0x04,0x8B,0xDE,0xFE,0xC9,0x40,0x00,0x00,0x00,0x07,0xDF,0xFF,0xFF,0xFF,0xFF,
    0xFC,0x30,0x00,0x00,0xDF,0xFF,0xFF,0xFF,0xFF,0xFF,0xFF,0xF4,0x00,0x00,0xFF,0xFF,0xFF,0xFF,0xFF,0xFF,0xFF,0xFE,0x20,0x00,
    0xFF,0xFF,0xFF,0xEE,0xFF,0xFF,0xFF,0xFF,0x90,0x00,0xFF,0xFA,0x51,0x00,0x28,0xFF,0xFF,0xFF,0xE0,0x00,0xFB,0x30,0x00,0x00,
    0x00,0x7F,0xFF,0xFF,0xF3,0x00,0x90,0x00,0x00,0x00,0x00,0x2F,0xFF,0xFF,0xF4,0x00,0x00,0x00,0x00,0x00,0x00,0x0F,0xFF,0xFF,
    0xF4,0x00,0x00,0x00,0x00,0x00,0x00,0x2F,0xFF,0xFF,0xF2,0x00,0x00,0x00,0x00,0x00,0x00,0x8F,0xFF,0xFF,0xE0,0x00,0x00,0x00,
    0x00,0x00,0x03,0xEF,0xFF,0xFF,0x80,0x00,0x00,0x00,0x00,0x00,0x2D,0xFF,0xFF,0xFE,0x20,0x00,0x00,0x00,0x00,0x03,0xEF,0xFF,
    0xFF,0xF6,0x00,0x00,0x00,0x00,0x00,0x7F,0xFF,0xFF,0xFF,0x90,0x00,0x00,0x00,0x00,0x1B,0xFF,0xFF,0xFF,0xF9,0x00,0x00,0x00,
    0x00,0x03,0xDF,0xFF,0xFF,0xFE,0x60,0x00,0x00,0x00,0x00,0x5F,0xFF,0xFF,0xFF,0xC2,0x00,0x00,0x00,0x00,0x05,0xFF,0xFF,0xFF,
    0xF9,0x00,0x00,0x00,0x00,0x00,0x2E,0xFF,0xFF,0xFE,0x40,0x00,0x00,0x00,0x00,0x00,0xCF,0xFF,0xFF,0xC2,0x00,0x00,0x00,0x00,
    0x00,0x05,0xFF,0xFF,0xFE,0x10,0x00,0x00,0x00,0x00,0x00,0x0C,0xFF,0xFF,0xF8,0x22,0x22,0x22,0x22,0x22,0x20,0x1F,0xFF,0xFF,
    0xFF,0xFF,0xFF,0xFF,0xFF,0xFF,0xF4,0x4F,0xFF,0xFF,0xFF,0xFF,0xFF,0xFF,0xFF,0xFF,0xF4,0x5F,0xFF,0xFF,0xFF,0xFF,0xFF,0xFF,
    0xFF,0xFF,0xF4,0x6F,0xFF,0xFF,0xFF,0xFF,0xFF,0xFF,0xFF,0xFF,0xF4,0x6F,0xFF,0xFF,0xFF,0xFF,0xFF,0xFF,0xFF,0xFF,0xF4,0x00,
    0x04,0x9B,0xEE,0xFE,0xCA,0x61,0x00,0x00,0x00,0x05,0xEF,0xFF,0xFF,0xFF,0xFF,0xFE,0x60,0x00,0x00,0x0A,0xFF,0xFF,0xFF,0xFF,
    0xFF,0xFF,0xF9,0x00,0x00,0x0A,0xFF,0xFF,0xFF,0xFF,0xFF,0xFF,0xFF,0x60,0x00,0x0A,0xFF,0xFD,0xBB,0xDF,0xFF,0xFF,0xFF,0xD0,
    0x00,0x0A,0xF8,0x20,0x00,0x03,0xDF,0xFF,0xFF,0xF3,0x00,0x07,0x30,0x00,0x00,0x00,0x4F,0xFF,0xFF,0xF4,0x00,0x00,0x00,0x00,
    0x00,0x00,0x0F,0xFF,0xFF,0xF3,0x00,0x00,0x00,0x00,0x00,0x00,0x2F,0xFF,0xFF,0xF1,0x00,0x00,0x00,0x00,0x00,0x00,0x9F,0xFF,
    0xFF,0xA0,0x00,0x00,0x00,0x00,0x12,0x5B,0xFF,0xFF,0xFE,0x20,0x00,0x00,0x0D,0xFF,0xFF,0xFF,0xFF,0xFF,0xD3,0x00,0x00,0x00,
    0x0D,0xFF,0xFF,0xFF,0xFF,0xD7,0x10,0x00,0x00,0x00,0x0D,0xFF,0xFF,0xFF,0xFE,0xA6,0x10,0x00,0x00,0x00,0x0D,0xFF,0xFF,0xFF,
    0xFF,0xFF,0xE7,0x00,0x00,0x00,0x09,0xBB,0xCD,0xFF,0xFF,0xFF,0xFF,0x80,0x00,0x00,0x00,0x00,0x00,0x16,0xDF,0xFF,0xFF,0xF5,
    0x00,0x00,0x00,0x00,0x00,0x00,0x1D,0xFF,0xFF,0xFC,0x00,0x00,0x00,0x00,0x00,0x00,0x05,0xFF,0xFF,0xFF,0x10,0x00,0x00,0x00,
    0x00,0x00,0x03,0xFF,0xFF,0xFF,0x20,0x00,0x00,0x00,0x00,0x00,0x05,0xFF,0xFF,0xFF,0x10,0x83,0x00,0x00,0x00,0x00,0x0B,0xFF,
    0xFF,0xFE,0x00,0xBF,0xA4,0x00,0x00,0x03,0xBF,0xFF,0xFF,0xF9,0x00,0xBF,0xFF,0xFD,0xBC,0xDF,0xFF,0xFF,0xFF,0xF3,0x00,0xBF,
    0xFF,0xFF,0xFF,0xFF,0xFF,0xFF,0xFF,0x70,0x00,0xBF,0xFF,0xFF,0xFF,0xFF,0xFF,0xFF,0xF8,0x00,0x00,0x8F,0xFF,0xFF,0xFF,0xFF,
    0xFF,0xFC,0x30,0x00,0x00,0x01,0x6A,0xCE,0xFF,0xED,0xB8,0x30,0x00,0x00,0x00,0x00,0x00,0x00,0x00,0x00,0x00,0x6F,0xFF,0xFF,
    0x90,0x00,0x00,0x00,0x00,0x00,0x00,0x00,0xDF,0xFF,0xFF,0x90,0x00,0x00,0x00,0x00,0x00,0x00,0x06,0xFF,0xFF,0xFF,0x90,0x00,
    0x00,0x00,0x00,0x00,0x00,0x1E,0xFF,0xFF,0xFF,0x90,0x00,0x00,0x00,0x00,0x00,0x00,0x9F,0xFF,0xFF,0xFF,0x90,0x00,0x00,0x00,
    0x00,0x00,0x04,0xFF,0xFF,0xFF,0xFF,0x90,0x00,0x00,0x00,0x00,0x00,0x1D,0xFF,0xFF,0xFF,0xFF,0x90,0x00,0x00,0x00,0x00,0x00,
    0x9F,0xFF,0xFF,0xFF,0xFF,0x90,0x00,0x00,0x00,0x00,0x04,0xFF,0xFF,0x9F,0xFF,0xFF,0x90,0x00,0x00,0x00,0x00,0x1D,0xFF,0xFE,
    0x1F,0xFF,0xFF,0x90,0x00,0x00,0x00,0x00,0xBF,0xFF,0xF5,0x0F,0xFF,0xFF,0x90,0x00,0x00,0x00,0x08,0xFF,0xFF,0xA0,0x0F,0xFF,
    0xFF,0x90,0x00,0x00,0x00,0x4F,0xFF,0xFE,0x10,0x0F,0xFF,0xFF,0x90,0x00,0x00,0x02,0xEF,0xFF,0xF5,0x00,0x0F,0xFF,0xFF,0x90,
    0x00,0x00,0x1D,0xFF,0xFF,0x80,0x00,0x0F,0xFF,0xFF,0x90,0x00,0x00,0xBF,0xFF,0xFC,0x00,0x00,0x0F,0xFF,0xFF,0x90,0x00,0x09,
    0xFF,0xFF,0xE2,0x00,0x00,0x0F,0xFF,0xFF,0x90,0x00,0x3F,0xFF,0xFF,0xC9,0x99,0x99,0x9F,0xFF,0xFF,0xD9,0x99,0x4F,0xFF,0xFF,
    0xFF,0xFF,0xFF,0xFF,0xFF,0xFF,0xFF,0xFE,0x4F,0xFF,0xFF,0xFF,0xFF,0xFF,0xFF,0xFF,0xFF,0xFF,0xFE,0x4F,0xFF,0xFF,0xFF,0xFF,
    0xFF,0xFF,0xFF,0xFF,0xFF,0xFE,0x4F,0xFF,0xFF,0xFF,0xFF,0xFF,0xFF,0xFF,0xFF,0xFF,0xFE,0x00,0x00,0x00,0x00,0x00,0x00,0x0F,
    0xFF,0xFF,0x90,0x00,0x00,0x00,0x00,0x00,0x00,0x00,0x0F,0xFF,0xFF,0x90,0x00,0x00,0x00,0x00,0x00,0x00,0x00,0x0F,0xFF,0xFF,
    0x90,0x00,0x00,0x00,0x00,0x00,0x00,0x00,0x0F,0xFF,0xFF,0x90,0x00,0x00,0x00,0x00,0x00,0x00,0x00,0x0F,0xFF,0xFF,0x90,0x00,
    0x00,0x00,0x00,0x00,0x00,0x00,0x0F,0xFF,0xFF,0x90,0x00,0x00,0xCF,0xFF,0xFF,0xFF,0xFF,0xFF,0xFF,0xF1,0x00,0x00,0xDF,0xFF,
    0xFF,0xFF,0xFF,0xFF,0xFF,0xF1,0x00,0x00,0xEF,0xFF,0xFF,0xFF,0xFF,0xFF,0xFF,0xF1,0x00,0x00,0xFF,0xFF,0xFF,0xFF,0xFF,0xFF,
    0xFF,0xF1,0x00,0x01,0xFF,0xFF,0xFF,0xFF,0xFF,0xFF,0xFF,0xF1,0x00,0x02,0xFF,0xFF,0xE1,0x11,0x11,0x11,0x11,0x10,0x00,0x03,
    0xFF,0xFF,0xD0,0x00,0x00,0x00,0x00,0x00,0x00,0x04,0xFF,0xFF,0xC0,0x00,0x00,0x00,0x00,0x00,0x00,0x05,0xFF,0xFF,0xB0,0x00,
    0x00,0x00,0x00,0x00,0x00,0x06,0xFF,0xFF,0x90,0x00,0x00,0x00,0x00,0x00,0x00,0x07,0xFF,0xFF,0xEE,0xFF,0xEC,0x83,0x00,0x00,
    0x00,0x08,0xFF,0xFF,0xFF,0xFF,0xFF,0xFF,0xB2,0x00,0x00,0x09,0xFF,0xFF,0xFF,0xFF,0xFF,0xFF,0xFE,0x30,0x00,0x0A,0xFF,0xFF,
    0xFF,0xFF,0xFF,0xFF,0xFF,0xD1,0x00,0x0B,0xFD,0xCC,0xCD,0xFF,0xFF,0xFF,0xFF,0xF8,0x00,0x01,0x00,0x00,0x00,0x04,0xBF,0xFF,
    0xFF,0xFE,0x00,0x00,0x00,0x00,0x00,0x00,0x0B,0xFF,0xFF,0xFF,0x30,0x00,0x00,0x00,0x00,0x00,0x02,0xFF,0xFF,0xFF,0x40,0x00,
    0x00,0x00,0x00,0x00,0x00,0xEF,0xFF,0xFF,0x50,0x00,0x00,0x00,0x00,0x00,0x00,0xFF,0xFF,0xFF,0x40,0x00,0x00,0x00,0x00,0x00,
    0x03,0xFF,0xFF,0xFF,0x20,0x00,0x00,0x00,0x00,0x00,0x0B,0xFF,0xFF,0xFD,0x00,0x3B,0x62,0x00,0x00,0x03,0xBF,0xFF,0xFF,0xF7,
    0x00,0x3F,0xFF,0xEC,0xBC,0xEF,0xFF,0xFF,0xFF,0xD1,0x00,0x3F,0xFF,0xFF,0xFF,0xFF,0xFF,0xFF,0xFE,0x30,0x00,0x3F,0xFF,0xFF,
    0xFF,0xFF,0xFF,0xFF,0xE4,0x00,0x00,0x3F,0xFF,0xFF,0xFF,0xFF,0xFF,0xFA,0x20,0x00,0x00,0x02,0x6A,0xCE,0xEF,0xED,0xB7,0x20,
    0x00,0x00,0x00,0x00,0x00,0x00,0x00,0x05,0x9C,0xEF,0xFE,0xC9,0x40,0x00,0x00,0x00,0x00,0x05,0xEF,0xFF,0xFF,0xFF,0xFF,0xA0,
    0x00,0x00,0x00,0x01,0xBF,0xFF,0xFF,0xFF,0xFF,0xFF,0xA0,0x00,0x00,0x00,0x1C,0xFF,0xFF,0xFF,0xFF,0xFF,0xFF,0xA0,0x00,0x00,
    0x00,0xCF,0xFF,0xFF,0xFF,0xDB,0xBC,0xFF,0xA0,0x00,0x00,0x07,0xFF,0xFF,0xFF,0xA3,0x00,0x00,0x15,0x80,0x00,0x00,0x2E,0xFF,
    0xFF,0xF7,0x00,0x00,0x00,0x00,0x00,0x00,0x00,0x8F,0xFF,0xFF,0x90,0x00,0x00,0x00,0x00,0x00,0x00,0x00,0xDF,0xFF,0xFE,0x10,
    0x00,0x00,0x00,0x00,0x00,0x00,0x04,0xFF,0xFF,0xF9,0x00,0x00,0x00,0x00,0x00,0x00,0x00,0x07,0xFF,0xFF,0xF5,0x03,0x9D,0xEE,
    0xD9,0x30,0x00,0x00,0x0A,0xFF,0xFF,0xF3,0x8F,0xFF,0xFF,0xFF,0xF9,0x00,0x00,0x0D,0xFF,0xFF,0xFA,0xFF,0xFF,0xFF,0xFF,0xFF,
    0xA0,0x00,0x0E,0xFF,0xFF,0xFF,0xFF,0xFF,0xFF,0xFF,0xFF,0xF6,0x00,0x0F,0xFF,0xFF,0xFF,0xFD,0x99,0xDF,0xFF,0xFF,0xFD,0x00,
    0x0F,0xFF,0xFF,0xFF,0x80,0x00,0x07,0xFF,0xFF,0xFF,0x40,0x0F,0xFF,0xFF,0xFC,0x00,0x00,0x00,0xCF,0xFF,0xFF,0x80,0x0E,0xFF,
    0xFF,0xF6,0x00,0x00,0x00,0x7F,0xFF,0xFF,0x90,0x0C,0xFF,0xFF,0xF4,0x00,0x00,0x00,0x6F,0xFF,0xFF,0xA0,0x09,0xFF,0xFF,0xF5,
    0x00,0x00,0x00,0x7F,0xFF,0xFF,0x90,0x06,0xFF,0xFF,0xF9,0x00,0x00,0x00,0x9F,0xFF,0xFF,0x70,0x01,0xFF,0xFF,0xFF,0x20,0x00,
    0x01,0xEF,0xFF,0xFF,0x30,0x00,0xAF,0xFF,0xFF,0xC2,0x00,0x2C,0xFF,0xFF,0xFC,0x00,0x00,0x2F,0xFF,0xFF,0xFF,0xCC,0xFF,0xFF,
    0xFF,0xF4,0x00,0x00,0x07,0xFF,0xFF,0xFF,0xFF,0xFF,0xFF,0xFF,0x80,0x00,0x00,0x00,0x9F,0xFF,0xFF,0xFF,0xFF,0xFF,0xF9,0x00,
    0x00,0x00,0x00,0x06,0xEF,0xFF,0xFF,0xFF,0xFE,0x60,0x00,0x00,0x00,0x00,0x00,0x16,0xBD,0xEE,0xDA,0x61,0x00,0x00,0x00,0x2F,
    0xFF,0xFF,0xFF,0xFF,0xFF,0xFF,0xFF,0xFF,0xFF,0x60,0x2F,0xFF,0xFF,0xFF,0xFF,0xFF,0xFF,0xFF,0xFF,0xFF,0x60,0x2F,0xFF,0xFF,
    0xFF,0xFF,0xFF,0xFF,0xFF,0xFF,0xFF,0x60,0x2F,0xFF,0xFF,0xFF,0xFF,0xFF,0xFF,0xFF,0xFF,0xFF,0x50,0x2F,0xFF,0xFF,0xFF,0xFF,
    0xFF,0xFF,0xFF,0xFF,0xFD,0x00,0x01,0x11,0x11,0x11,0x11,0x11,0x16,0xFF,0xFF,0xF5,0x00,0x00,0x00,0x00,0x00,0x00,0x00,0x1E,
    0xFF,0xFF,0xC0,0x00,0x00,0x00,0x00,0x00,0x00,0x00,0x8F,0xFF,0xFF,0x40,0x00,0x00,0x00,0x00,0x00,0x00,0x02,0xFF,0xFF,0xFB,
    0x00,0x00,0x00,0x00,0x00,0x00,0x00,0x0A,0xFF,0xFF,0xF3,0x00,0x00,0x00,0x00,0x00,0x00,0x00,0x3F,0xFF,0xFF,0xB0,0x00,0x00,
    0x00,0x00,0x00,0x00,0x00,0xBF,0xFF,0xFF,0x40,0x00,0x00,0x00,0x00,0x00,0x00,0x03,0xFF,0xFF,0xFC,0x00,0x00,0x00,0x00,0x00,
    0x00,0x00,0x0A,0xFF,0xFF,0xF5,0x00,0x00,0x00,0x00,0x00,0x00,0x00,0x2F,0xFF,0xFF,0xD0,0x00,0x00,0x00,0x00,0x00,0x00,0x00,
    0x9F,0xFF,0xFF,0x70,0x00,0x00,0x00,0x00,0x00,0x00,0x01,0xEF,0xFF,0xFF,0x20,0x00,0x00,0x00,0x00,0x00,0x00,0x06,0xFF,0xFF,
    0xFB,0x00,0x00,0x00,0x00,0x00,0x00,0x00,0x0C,0xFF,0xFF,0xF6,0x00,0x00,0x00,0x00,0x00,0x00,0x00,0x2F,0xFF,0xFF,0xF1,0x00,
    0x00,0x00,0x00,0x00,0x00,0x00,0x7F,0xFF,0xFF,0xC0,0x00,0x00,0x00,0x00,0x00,0x00,0x00,0xCF,0xFF,0xFF,0x80,0x00,0x00,0x00,
    0x00,0x00,0x00,0x01,0xFF,0xFF,0xFF,0x40,0x00,0x00,0x00,0x00,0x00,0x00,0x05,0xFF,0xFF,0xFF,0x10,0x00,0x00,0x00,0x00,0x00,
    0x00,0x09,0xFF,0xFF,0xFC,0x00,0x00,0x00,0x00,0x00,0x00,0x00,0x0C,0xFF,0xFF,0xF9,0x00,0x00,0x00,0x00,0x00,0x00,0x00,0x0F,
    0xFF,0xFF,0xF6,0x00,0x00,0x00,0x00,0x00,0x00,0x00,0x3F,0xFF,0xFF,0xF4,0x00,0x00,0x00,0x00,0x00,0x00,0x00,0x00,0x49,0xCE,
    0xFE,0xD9,0x50,0x00,0x00,0x00,0x00,0x00,0x3C,0xFF,0xFF,0xFF,0xFF,0xFD,0x50,0x00,0x00,0x00,0x05,0xFF,0xFF,0xFF,0xFF,0xFF,
    0xFF,0xF8,0x00,0x00,0x00,0x3F,0xFF,0xFF,0xFF,0xFF,0xFF,0xFF,0xFF,0x60,0x00,0x00,0xCF,0xFF,0xFF,0xFA,0x79,0xEF,0xFF,0xFF,
    0xE1,0x00,0x02,0xFF,0xFF,0xFF,0x40,0x00,0x2D,0xFF,0xFF,0xF5,0x00,0x05,0xFF,0xFF,0xF8,0x00,0x00,0x05,0xFF,0xFF,0xF8,0x00,
    0x06,0xFF,0xFF,0xF5,0x00,0x00,0x01,0xFF,0xFF,0xF9,0x00,0x04,0xFF,0xFF,0xF5,0x00,0x00,0x02,0xFF,0xFF,0xF6,0x00,0x01,0xEF,
    0xFF,0xFB,0x00,0x00,0x08,0xFF,0xFF,0xF1,0x00,0x00,0x7F,0xFF,0xFF,0x91,0x00,0x7F,0xFF,0xFF,0x70,0x00,0x00,0x09,0xFF,0xFF,
    0xFF,0xDF,0xFF,0xFF,0xF8,0x00,0x00,0x00,0x00,0x7E,0xFF,0xFF,0xFF,0xFF,0xFD,0x50,0x00,0x00,0x00,0x00,0x07,0xFF,0xFF,0xFF,
    0xFF,0xF8,0x10,0x00,0x00,0x00,0x04,0xDF,0xFF,0xFF,0xFF,0xFF,0xFF,0xE6,0x00,0x00,0x00,0x6F,0xFF,0xFF,0xFF,0xEF,0xFF,0xFF,
    0xFF,0x80,0x00,0x04,0xFF,0xFF,0xFE,0x61,0x01,0x6E,0xFF,0xFF,0xF5,0x00,0x0C,0xFF,0xFF,0xF3,0x00,0x00,0x02,0xEF,0xFF,0xFD,
    0x00,0x3F,0xFF,0xFF,0xA0,0x00,0x00,0x00,0x9F,0xFF,0xFF,0x30,0x6F,0xFF,0xFF,0x70,0x00,0x00,0x00,0x6F,0xFF,0xFF,0x60,0x6F,
    0xFF,0xFF,0x70,0x00,0x00,0x00,0x7F,0xFF,0xFF,0x60,0x5F,0xFF,0xFF,0xC0,0x00,0x00,0x00,0xCF,0xFF,0xFF,0x50,0x1F,0xFF,0xFF,
    0xF8,0x00,0x00,0x09,0xFF,0xFF,0xFF,0x10,0x09,0xFF,0xFF,0xFF,0xD8,0x78,0xDF,0xFF,0xFF,0xF9,0x00,0x01,0xDF,0xFF,0xFF,0xFF,
    0xFF,0xFF,0xFF,0xFF,0xE1,0x00,0x00,0x2D,0xFF,0xFF,0xFF,0xFF,0xFF,0xFF,0xFD,0x20,0x00,0x00,0x01,0x9F,0xFF,0xFF,0xFF,0xFF,
    0xFF,0x91,0x00,0x00,0x00,0x00,0x01,0x6A,0xDE,0xFE,0xDA,0x61,0x00,0x00,0x00,0x00,0x00,0x00,0x59,0xDE,0xFD,0xC7,0x20,0x00,
    0x00,0x00,0x00,0x00,0x5D,0xFF,0xFF,0xFF,0xFF,0xF8,0x00,0x00,0x00,0x00,0x08,0xFF,0xFF,0xFF,0xFF,0xFF,0xFF,0xB1,0x00,0x00,
    0x00,0x7F,0xFF,0xFF,0xFF,0xFF,0xFF,0xFF,0xFA,0x00,0x00,0x03,0xFF,0xFF,0xFF,0xFC,0xBE,0xFF,0xFF,0xFF,0x50,0x00,0x0A,0xFF,
    0xFF,0xFD,0x30,0x00,0x9F,0xFF,0xFF,0xD0,0x00,0x1F,0xFF,0xFF,0xF4,0x00,0x00,0x0C,0xFF,0xFF,0xF4,0x00,0x4F,0xFF,0xFF,0xB0,
    0x00,0x00,0x05,0xFF,0xFF,0xF9,0x00,0x6F,0xFF,0xFF,0x90,0x00,0x00,0x01,0xFF,0xFF,0xFC,0x00,0x7F,0xFF,0xFF,0x90,0x00,0x00,
    0x00,0xFF,0xFF,0xFF,0x00,0x6F,0xFF,0xFF,0xC0,0x00,0x00,0x03,0xFF,0xFF,0xFF,0x20,0x3F,0xFF,0xFF,0xF5,0x00,0x00,0x0B,0xFF,
    0xFF,0xFF,0x20,0x0E,0xFF,0xFF,0xFF,0x71,0x03,0xBF,0xFF,0xFF,0xFF,0x30,0x07,0xFF,0xFF,0xFF,0xFF,0xFF,0xFF,0xFF,0xFF,0xFF,
    0x30,0x01,0xCF,0xFF,0xFF,0xFF,0xFF,0xFF,0xFF,0xFF,0xFF,0x20,0x00,0x2D,0xFF,0xFF,0xFF,0xFF,0xF8,0xCF,0xFF,0xFF,0x10,0x00,
    0x01,0x8F,0xFF,0xFF,0xFE,0x60,0xDF,0xFF,0xFE,0x00,0x00,0x00,0x01,0x58,0x97,0x51,0x01,0xFF,0xFF,0xFB,0x00,0x00,0x00,0x00,
    0x00,0x00,0x00,0x04,0xFF,0xFF,0xF8,0x00,0x00,0x00,0x00,0x00,0x00,0x00,0x0A,0xFF,0xFF,0xF4,0x00,0x00,0x00,0x00,0x00,0x00,
    0x00,0x3F,0xFF,0xFF,0xD0,0x00,0x00,0x00,0x00,0x00,0x00,0x02,0xDF,0xFF,0xFF,0x70,0x00,0x00,0xC7,0x20,0x00,0x01,0x6E,0xFF,
    0xFF,0xFD,0x10,0x00,0x00,0xDF,0xFE,0xCB,0xCF,0xFF,0xFF,0xFF,0xF5,0x00,0x00,0x00,0xDF,0xFF,0xFF,0xFF,0xFF,0xFF,0xFF,0x70,
    0x00,0x00,0x00,0xDF,0xFF,0xFF,0xFF,0xFF,0xFF,0xF7,0x00,0x00,0x00,0x00,0xDF,0xFF,0xFF,0xFF,0xFF,0xFB,0x30,0x00,0x00,0x00,
    0x00,0x16,0xAC,0xEF,0xFE,0xC8,0x30,0x00,0x00,0x00,0x00,0x01,0x8D,0xED,0x70,0x00,0x0B,0xFF,0xFF,0xF9,0x00,0x2F,0xFF,0xFF,
    0xFF,0x00,0x2F,0xFF,0xFF,0xFF,0x00,0x0B,0xFF,0xFF,0xF9,0x00,0x01,0x8D,0xED,0x70,0x00,0x00,0x00,0x00,0x00,0x00,0x00,0x00,
    0x00,0x00,0x00,0x00,0x00,0x00,0x00,0x00,0x00,0x00,0x00,0x00,0x00,0x00,0x00,0x00,0x00,0x00,0x00,0x00,0x00,0x00,0x00,0x00,
    0x00,0x00,0x00,0x00,0x00,0x00,0x00,0x00,0x00,0x01,0x8D,0xED,0x70,0x00,0x0B,0xFF,0xFF,0xF9,0x00,0x2F,0xFF,0xFF,0xFF,0x00,
    0x2F,0xFF,0xFF,0xFF,0x00,0x0B,0xFF,0xFF,0xF9,0x00,0x01,0x8D,0xED,0x70,0x00,0x00,0x07,0xDE,0xD7,0x00,0x00,0x9F,0xFF,0xFF,
    0xA0,0x00,0xFF,0xFF,0xFF,0xF1,0x00,0xFF,0xFF,0xFF,0xF1,0x00,0x9F,0xFF,0xFF,0xA0,0x00,0x07,0xDF,0xD8,0x10,0x00,0x00,0x00,
    0x00,0x00,0x00,0x00,0x00,0x00,0x00,0x00,0x00,0x00,0x00,0x00,0x00,0x00,0x00,0x00,0x00,0x00,0x00,0x00,0x00,0x00,0x00,0x00,
    0x00,0x00,0x00,0x00,0x00,0x00,0x00,0x00,0x00,0x00,0x00,0x00,0x00,0x00,0x00,0x00,0x00,0x00,0x00,0x5F,0xFF,0xFF,0x40,0x00,
    0x8F,0xFF,0xFF,0x10,0x00,0xBF,0xFF,0xFB,0x00,0x00,0xEF,0xFF,0xF6,0x00,0x02,0xFF,0xFF,0xF2,0x00,0x05,0xFF,0xFF,0xD0,0x00,
    0x08,0xFF,0xFF,0x90,0x00,0x0B,0xFF,0xFF,0x40,0x00,0x0E,0xFF,0xFE,0x00,0x00,0x2F,0xFF,0xFB,0x00,0x00,0x00,0x00,0x00,0x00,
    0x00,0x00,0x00,0x00,0x29,0x40,0x00,0x00,0x00,0x00,0x00,0x00,0x00,0x29,0xFF,0x40,0x00,0x00,0x00,0x00,0x00,0x00,0x2A,0xFF,
    0xFF,0x40,0x00,0x00,0x00,0x00,0x00,0x2A,0xFF,0xFF,0xFF,0x40,0x00,0x00,0x00,0x00,0x3A,0xFF,0xFF,0xFF,0xFE,0x30,0x00,0x00,
    0x00,0x3A,0xFF,0xFF,0xFF,0xFD,0x71,0x00,0x00,0x00,0x3A,0xFF,0xFF,0xFF,0xFC,0x50,0x00,0x00,0x00,0x3B,0xFF,0xFF,0xFF,0xFA,
    0x30,0x00,0x00,0x00,0x3B,0xFF,0xFF,0xFF,0xE8,0x20,0x00,0x00,0x00,0x00,0xEF,0xFF,0xFF,0xD6,0x10,0x00,0x00,0x00,0x00,0x00,
    0xEF,0xFF,0xFA,0x10,0x00,0x00,0x00,0x00,0x00,0x00,0xEF,0xFF,0xFF,0xE9,0x40,0x00,0x00,0x00,0x00,0x00,0x3A,0xFF,0xFF,0xFF,
    0xFD,0x71,0x00,0x00,0x00,0x00,0x00,0x18,0xEF,0xFF,0xFF,0xFF,0xA5,0x00,0x00,0x00,0x00,0x00,0x06,0xCF,0xFF,0xFF,0xFF,0xE8,
    0x20,0x00,0x00,0x00,0x00,0x04,0xBF,0xFF,0xFF,0xFF,0xFB,0x20,0x00,0x00,0x00,0x00,0x02,0x9E,0xFF,0xFF,0xFF,0x40,0x00,0x00,
    0x00,0x00,0x00,0x01,0x7D,0xFF,0xFF,0x40,0x00,0x00,0x00,0x00,0x00,0x00,0x00,0x5C,0xFF,0x40,0x00,0x00,0x00,0x00,0x00,0x00,
    0x00,0x00,0x3A,0x40,0x5F,0xFF,0xFF,0xFF,0xFF,0xFF,0xFF,0xFF,0xFF,0xFA,0x5F,0xFF,0xFF,0xFF,0xFF,0xFF,0xFF,0xFF,0xFF,0xFA,
    0x5F,0xFF,0xFF,0xFF,0xFF,0xFF,0xFF,0xFF,0xFF,0xFA,0x5F,0xFF,0xFF,0xFF,0xFF,0xFF,0xFF,0xFF,0xFF,0xFA,0x00,0x00,0x00,0x00,
    0x00,0x00,0x00,0x00,0x00,0x00,0x00,0x00,0x00,0x00,0x00,0x00,0x00,0x00,0x00,0x00,0x00,0x00,0x00,0x00,0x00,0x00,0x00,0x00,
    0x00,0x00,0x00,0x00,0x00,0x00,0x00,0x00,0x00,0x00,0x00,0x00,0x00,0x00,0x00,0x00,0x00,0x00,0x00,0x00,0x00,0x00,0x5F,0xFF,
    0xFF,0xFF,0xFF,0xFF,0xFF,0xFF,0xFF,0xFA,0x5F,0xFF,0xFF,0xFF,0xFF,0xFF,0xFF,0xFF,0xFF,0xFA,0x5F,0xFF,0xFF,0xFF,0xFF,0xFF,
    0xFF,0xFF,0xFF,0xFA,0x5F,0xFF,0xFF,0xFF,0xFF,0xFF,0xFF,0xFF,0xFF,0xFA,0xB4,0x00,0x00,0x00,0x00,0x00,0x00,0x00,0x00,0x00,
    0xEF,0xC4,0x00,0x00,0x00,0x00,0x00,0x00,0x00,0x00,0xEF,0xFF,0xC5,0x00,0x00,0x00,0x00,0x00,0x00,0x00,0xEF,0xFF,0xFF,0xC5,
    0x00,0x00,0x00,0x00,0x00,0x00,0xDF,0xFF,0xFF,0xFF,0xC5,0x00,0x00,0x00,0x00,0x00,0x05,0xCF,0xFF,0xFF,0xFF,0xD5,0x00,0x00,
    0x00,0x00,0x00,0x04,0xAF,0xFF,0xFF,0xFF,0xD5,0x00,0x00,0x00,0x00,0x00,0x02,0x9E,0xFF,0xFF,0xFF,0xD6,0x00,0x00,0x00,0x00,
    0x00,0x01,0x7D,0xFF,0xFF,0xFF,0xD6,0x00,0x00,0x00,0x00,0x00,0x00,0x5C,0xFF,0xFF,0xFF,0x40,0x00,0x00,0x00,0x00,0x00,0x00,
    0x6F,0xFF,0xFF,0x40,0x00,0x00,0x00,0x00,0x01,0x7C,0xFF,0xFF,0xFF,0x40,0x00,0x00,0x00,0x04,0xAF,0xFF,0xFF,0xFF,0xC5,0x00,
    0x00,0x00,0x28,0xDF,0xFF,0xFF,0xFF,0xA3,0x00,0x00,0x01,0x6B,0xFF,0xFF,0xFF,0xFE,0x82,0x00,0x00,0x00,0x9E,0xFF,0xFF,0xFF,
    0xFD,0x61,0x00,0x00,0x00,0x00,0xEF,0xFF,0xFF,0xFB,0x40,0x00,0x00,0x00,0x00,0x00,0xEF,0xFF,0xF9,0x30,0x00,0x00,0x00,0x00,
    0x00,0x00,0xEF,0xE7,0x10,0x00,0x00,0x00,0x00,0x00,0x00,0x00,0xB5,0x00,0x00,0x00,0x00,0x00,0x00,0x00,0x00,0x00,0x00,0x38,
    0xBD,0xEF,0xEC,0x93,0x00,0x00,0x4C,0xFF,0xFF,0xFF,0xFF,0xFF,0xB2,0x00,0xCF,0xFF,0xFF,0xFF,0xFF,0xFF,0xFE,0x20,0xCF,0xFF,
    0xFF,0xFF,0xFF,0xFF,0xFF,0xC0,0xCF,0xFF,0xFF,0xFF,0xFF,0xFF,0xFF,0xF4,0xCF,0xFC,0x74,0x25,0xCF,0xFF,0xFF,0xF8,0xCD,0x50,
    0x00,0x00,0x1D,0xFF,0xFF,0xFA,0x81,0x00,0x00,0x00,0x08,0xFF,0xFF,0xFB,0x00,0x00,0x00,0x00,0x08,0xFF,0xFF,0xFA,0x00,0x00,
    0x00,0x00,0x0B,0xFF,0xFF,0xF7,0x00,0x00,0x00,0x00,0x4F,0xFF,0xFF,0xF2,0x00,0x00,0x00,0x02,0xEF,0xFF,0xFF,0x90,0x00,0x00,
    0x00,0x2D,0xFF,0xFF,0xFC,0x10,0x00,0x00,0x02,0xEF,0xFF,0xFF,0xC1,0x00,0x00,0x00,0x1D,0xFF,0xFF,0xFC,0x10,0x00,0x00,0x00,
    0x9F,0xFF,0xFF,0xB1,0x00,0x00,0x00,0x00,0xEF,0xFF,0xFC,0x10,0x00,0x00,0x00,0x02,0xFF,0xFF,0xF3,0x00,0x00,0x00,0x00,0x04,
    0xFF,0xFF,0xE0,0x00,0x00,0x00,0x00,0x03,0xFF,0xFF,0xD0,0x00,0x00,0x00,0x00,0x00,0xEF,0xFF,0xF1,0x00,0x00,0x00,0x00,0x00,
    0x00,0x00,0x00,0x00,0x00,0x00,0x00,0x00,0x00,0x00,0x00,0x00,0x00,0x00,0x00,0x00,0x3B,0xEE,0xA3,0x00,0x00,0x00,0x00,0x03,
    0xFF,0xFF,0xFE,0x20,0x00,0x00,0x00,0x09,0xFF,0xFF,0xFF,0x70,0x00,0x00,0x00,0x08,0xFF,0xFF,0xFF,0x70,0x00,0x00,0x00,0x03,
    0xEF,0xFF,0xFE,0x20,0x00,0x00,0x00,0x00,0x3B,0xEE,0xB3,0x00,0x00,0x00,0x00,0x00,0x00,0x00,0x00,0x00,0x48,0xBD,0xEF,0xED,
    0xCA,0x73,0x00,0x00,0x00,0x00,0x00,0x00,0x00,0x00,0x00,0x01,0x8E,0xFF,0xFF,0xFF,0xFF,0xFF,0xFF,0xD7,0x10,0x00,0x00,0x00,
    0x00,0x00,0x00,0x00,0x6E,0xFF,0xFF,0xFF,0xFF,0xFF,0xFF,0xFF,0xFF,0xE6,0x00,0x00,0x00,0x00,0x00,0x00,0x1B,0xFF,0xFF,0xFF,
    0xEB,0x98,0x89,0xAE,0xFF,0xFF,0xFF,0xA1,0x00,0x00,0x00,0x00,0x02,0xDF,0xFF,0xFF,0xC5,0x00,0x00,0x00,0x00,0x39,0xFF,0xFF,
    0xFC,0x10,0x00,0x00,0x00,0x1D,0xFF,0xFF,0xE5,0x00,0x00,0x00,0x00,0x00,0x00,0x2D,0xFF,0xFF,0xC0,0x00,0x00,0x00,0xBF,0xFF,
    0xFD,0x20,0x00,0x00,0x00,0x00,0x00,0x00,0x01,0xCF,0xFF,0xF8,0x00,0x00,0x07,0xFF,0xFF,0xD1,0x00,0x00,0x00,0x00,0x00,0x00,
    0x00,0x00,0x1D,0xFF,0xFF,0x20,0x00,0x2E,0xFF,0xFF,0x30,0x00,0x03,0x9D,0xFE,0x91,0x5A,0xAA,0x90,0x05,0xFF,0xFF,0x90,0x00,
    0x9F,0xFF,0xF6,0x00,0x00,0x8F,0xFF,0xFF,0xFD,0x9F,0xFF,0xD0,0x00,0xCF,0xFF,0xE0,0x01,0xFF,0xFF,0xD0,0x00,0x08,0xFF,0xFF,
    0xFF,0xFF,0xEF,0xFF,0xB0,0x00,0x6F,0xFF,0xF3,0x06,0xFF,0xFF,0x60,0x00,0x5F,0xFF,0xFE,0x97,0xBF,0xFF,0xFF,0x90,0x00,0x2F,
    0xFF,0xF6,0x0B,0xFF,0xFE,0x00,0x00,0xEF,0xFF,0xE3,0x00,0x0A,0xFF,0xFF,0x80,0x00,0x0F,0xFF,0xF8,0x0E,0xFF,0xFB,0x00,0x06,
    0xFF,0xFF,0x60,0x00,0x03,0xFF,0xFF,0x70,0x00,0x0E,0xFF,0xF9,0x2F,0xFF,0xF7,0x00,0x0A,0xFF,0xFE,0x00,0x00,0x01,0xFF,0xFF,
    0x50,0x00,0x0D,0xFF,0xF9,0x4F,0xFF,0xF4,0x00,0x0E,0xFF,0xFA,0x00,0x00,0x00,0xFF,0xFF,0x40,0x00,0x0D,0xFF,0xF8,0x5F,0xFF,
    0xF3,0x00,0x1F,0xFF,0xF7,0x00,0x00,0x01,0xFF,0xFF,0x30,0x00,0x0F,0xFF,0xF6,0x5F,0xFF,0xF2,0x00,0x2F,0xFF,0xF6,0x00,0x00,
    0x04,0xFF,0xFF,0x20,0x00,0x2F,0xFF,0xF3,0x5F,0xFF,0xF3,0x00,0x2F,0xFF,0xF6,0x00,0x00,0x07,0xFF,0xFF,0x10,0x00,0x6F,0xFF,
    0xE0,0x4F,0xFF,0xF4,0x00,0x1F,0xFF,0xF8,0x00,0x00,0x0C,0xFF,0xFF,0x10,0x00,0xBF,0xFF,0x90,0x2F,0xFF,0xF6,0x00,0x0D,0xFF,
    0xFD,0x00,0x00,0x6F,0xFF,0xFF,0x30,0x04,0xFF,0xFF,0x30,0x0E,0xFF,0xF9,0x00,0x09,0xFF,0xFF,0xA1,0x16,0xFE,0xFF,0xFF,0xA1,
    0x4E,0xFF,0xF8,0x00,0x0B,0xFF,0xFD,0x00,0x03,0xFF,0xFF,0xFF,0xFF,0xF6,0xEF,0xFF,0xFF,0xFF,0xFF,0xB0,0x00,0x06,0xFF,0xFF,
    0x40,0x00,0x7F,0xFF,0xFF,0xFF,0xC0,0x8F,0xFF,0xFF,0xFF,0xFB,0x10,0x00,0x01,0xFF,0xFF,0xC0,0x00,0x06,0xEF,0xFF,0xFB,0x10,
    0x0A,0xFF,0xFF,0xFD,0x60,0x00,0x00,0x00,0x9F,0xFF,0xF7,0x00,0x00,0x04,0x65,0x20,0x00,0x00,0x26,0x76,0x30,0x00,0x00,0x00,
    0x00,0x1E,0xFF,0xFF,0x40,0x00,0x00,0x00,0x00,0x00,0x00,0x00,0x00,0x00,0x00,0x00,0x00,0x00,0x05,0xFF,0xFF,0xF6,0x00,0x00,
    0x00,0x00,0x00,0x00,0x00,0x00,0x00,0x00,0x00,0x00,0x00,0x00,0x7F,0xFF,0xFF,0xB3,0x00,0x00,0x00,0x00,0x00,0x02,0x86,0x00,
    0x00,0x00,0x00,0x00,0x00,0x07,0xFF,0xFF,0xFF,0xC8,0x42,0x10,0x12,0x47,0xCF,0xF7,0x00,0x00,0x00,0x00,0x00,0x00,0x00,0x4E,
    0xFF,0xFF,0xFF,0xFF,0xFF,0xFF,0xFF,0xFF,0xF7,0x00,0x00,0x00,0x00,0x00,0x00,0x00,0x01,0x8F,0xFF,0xFF,0xFF,0xFF,0xFF,0xFF,
    0xFF,0xF7,0x00,0x00,0x00,0x00,0x00,0x00,0x00,0x00,0x01,0x7B,0xFF,0xFF,0xFF,0xFF,0xFF,0xEA,0x51,0x00,0x00,0x00,0x00,0x00,
    0x00,0x00,0x00,0x00,0x00,0x03,0x56,0x77,0x66,0x42,0x00,0x00,0x00,0x00,0x00,0x00,0x00,0x00,0x00,0x00,0x00,0xCF,0xFF,0xFF,
    0xFF,0x10,0x00,0x00,0x00,0x00,0x00,0x00,0x00,0x00,0x02,0xFF,0xFF,0xFF,0xFF,0x60,0x00,0x00,0x00,0x00,0x00,0x00,0x00,0x00,
    0x07,0xFF,0xFF,0xFF,0xFF,0xB0,0x00,0x00,0x00,0x00,0x00,0x00,0x00,0x00,0x0D,0xFF,0xFF,0xFF,0xFF,0xF1,0x00,0x00,0x00,0x00,
    0x00,0x00,0x00,0x00,0x3F,0xFF,0xFF,0xFF,0xFF,0xF6,0x00,0x00,0x00,0x00,0x00,0x00,0x00,0x00,0x8F,0xFF,0xFD,0xEF,0xFF,0xFB,
    0x00,0x00,0x00,0x00,0x00,0x00,0x00,0x00,0xDF,0xFF,0xFA,0xBF,0xFF,0xFF,0x20,0x00,0x00,0x00,0x00,0x00,0x00,0x04,0xFF,0xFF,
    0xF7,0x8F,0xFF,0xFF,0x70,0x00,0x00,0x00,0x00,0x00,0x00,0x09,0xFF,0xFF,0xF2,0x4F,0xFF,0xFF,0xC0,0x00,0x00,0x00,0x00,0x00,
    0x00,0x0E,0xFF,0xFF,0xD0,0x0E,0xFF,0xFF,0xF2,0x00,0x00,0x00,0x00,0x00,0x00,0x5F,0xFF,0xFF,0x80,0x0A,0xFF,0xFF,0xF7,0x00,
    0x00,0x00,0x00,0x00,0x00,0xAF,0xFF,0xFF,0x40,0x06,0xFF,0xFF,0xFC,0x00,0x00,0x00,0x00,0x00,0x01,0xEF,0xFF,0xFE,0x00,0x01,
    0xFF,0xFF,0xFF,0x20,0x00,0x00,0x00,0x00,0x05,0xFF,0xFF,0xFA,0x00,0x00,0xCF,0xFF,0xFF,0x80,0x00,0x00,0x00,0x00,0x0B,0xFF,
    0xFF,0xF6,0x00,0x00,0x8F,0xFF,0xFF,0xD0,0x00,0x00,0x00,0x00,0x1F,0xFF,0xFF,0xF1,0x00,0x00,0x3F,0xFF,0xFF,0xF3,0x00,0x00,
    0x00,0x00,0x6F,0xFF,0xFF,0xC0,0x00,0x00,0x0E,0xFF,0xFF,0xF8,0x00,0x00,0x00,0x00,0xBF,0xFF,0xFF,0x80,0x00,0x00,0x09,0xFF,
    0xFF,0xFD,0x00,0x00,0x00,0x02,0xFF,0xFF,0xFF,0xFF,0xFF,0xFF,0xFF,0xFF,0xFF,0xFF,0x30,0x00,0x00,0x07,0xFF,0xFF,0xFF,0xFF,
    0xFF,0xFF,0xFF,0xFF,0xFF,0xFF,0x90,0x00,0x00,0x0C,0xFF,0xFF,0xFF,0xFF,0xFF,0xFF,0xFF,0xFF,0xFF,0xFF,0xE0,0x00,0x00,0x2F,
    0xFF,0xFF,0xFF,0xFF,0xFF,0xFF,0xFF,0xFF,0xFF,0xFF,0xF4,0x00,0x00,0x8F,0xFF,0xFF,0xFD,0xDD,0xDD,0xDD,0xDD,0xDF,0xFF,0xFF,
    0xF9,0x00,0x00,0xDF,0xFF,0xFF,0xC0,0x00,0x00,0x00,0x00,0x0C,0xFF,0xFF,0xFE,0x00,0x03,0xFF,0xFF,0xFF,0x70,0x00,0x00,0x00,
    0x00,0x08,0xFF,0xFF,0xFF,0x40,0x09,0xFF,0xFF,0xFF,0x20,0x00,0x00,0x00,0x00,0x03,0xFF,0xFF,0xFF,0x90,0x0E,0xFF,0xFF,0xFC,
    0x00,0x00,0x00,0x00,0x00,0x00,0xDF,0xFF,0xFF,0xE0,0x4F,0xFF,0xFF,0xF8,0x00,0x00,0x00,0x00,0x00,0x00,0x8F,0xFF,0xFF,0xF5,
    0x9F,0xFF,0xFF,0xF3,0x00,0x00,0x00,0x00,0x00,0x00,0x3F,0xFF,0xFF,0xFA,0xCF,0xFF,0xFF,0xFF,0xFF,0xFE,0xDB,0x83,0x00,0x00,
    0x00,0xCF,0xFF,0xFF,0xFF,0xFF,0xFF,0xFF,0xFF,0xC4,0x00,0x00,0xCF,0xFF,0xFF,0xFF,0xFF,0xFF,0xFF,0xFF,0xFF,0x60,0x00,0xCF,
    0xFF,0xFF,0xFF,0xFF,0xFF,0xFF,0xFF,0xFF,0xF3,0x00,0xCF,0xFF,0xFF,0xDA,0xAA,0xCF,0xFF,0xFF,0xFF,0xFA,0x00,0xCF,0xFF,0xFF,
    0x80,0x00,0x01,0xAF,0xFF,0xFF,0xFE,0x00,0xCF,0xFF,0xFF,0x80,0x00,0x00,0x0D,0xFF,0xFF,0xFF,0x10,0xCF,0xFF,0xFF,0x80,0x00,
    0x00,0x09,0xFF,0xFF,0xFF,0x10,0xCF,0xFF,0xFF,0x80,0x00,0x00,0x08,0xFF,0xFF,0xFE,0x00,0xCF,0xFF,0xFF,0x80,0x00,0x00,0x0B,
    0xFF,0xFF,0xF9,0x00,0xCF,0xFF,0xFF,0x80,0x00,0x00,0x4F,0xFF,0xFF,0xE2,0x00,0xCF,0xFF,0xFF,0x80,0x00,0x27,0xFF,0xFF,0xFE,
    0x40,0x00,0xCF,0xFF,0xFF,0xFF,0xFF,0xFF,0xFF,0xFF,0xC3,0x00,0x00,0xCF,0xFF,0xFF,0xFF,0xFF,0xFF,0xFF,0xE7,0x00,0x00,0x00,
    0xCF,0xFF,0xFF,0xFF,0xFF,0xFF,0xFF,0xFF,0xD7,0x00,0x00,0xCF,0xFF,0xFF,0xFF,0xFF,0xFF,0xFF,0xFF,0xFF,0xC2,0x00,0xCF,0xFF,
    0xFF,0xDA,0xAA,0xBD,0xFF,0xFF,0xFF,0xFD,0x10,0xCF,0xFF,0xFF,0x80,0x00,0x00,0x4C,0xFF,0xFF,0xFF,0x80,0xCF,0xFF,0xFF,0x80,
    0x00,0x00,0x01,0xDF,0xFF,0xFF,0xE0,0xCF,0xFF,0xFF,0x80,0x00,0x00,0x00,0x8F,0xFF,0xFF,0xF2,0xCF,0xFF,0xFF,0x80,0x00,0x00,
    0x00,0x6F,0xFF,0xFF,0xF3,0xCF,0xFF,0xFF,0x80,0x00,0x00,0x00,0x8F,0xFF,0xFF,0xF2,0xCF,0xFF,0xFF,0x80,0x00,0x00,0x01,0xEF,
    0xFF,0xFF,0xF0,0xCF,0xFF,0xFF,0x80,0x00,0x00,0x3C,0xFF,0xFF,0xFF,0xB0,0xCF,0xFF,0xFF,0xDA,0xAA,0xAD,0xFF,0xFF,0xFF,0xFF,
    0x40,0xCF,0xFF,0xFF,0xFF,0xFF,0xFF,0xFF,0xFF,0xFF,0xF9,0x00,0xCF,0xFF,0xFF,0xFF,0xFF,0xFF,0xFF,0xFF,0xFF,0xA0,0x00,0xCF,
    0xFF,0xFF,0xFF,0xFF,0xFF,0xFF,0xFF,0xD5,0x00,0x00,0xCF,0xFF,0xFF,0xFF,0xFF,0xFF,0xEC,0x95,0x00,0x00,0x00,0x00,0x00,0x00,
    0x00,0x01,0x59,0xCD,0xEF,0xEE,0xCA,0x73,0x00,0x00,0x00,0x00,0x01,0x8E,0xFF,0xFF,0xFF,0xFF,0xFF,0xFF,0x40,0x00,0x00,0x00,
    0x6E,0xFF,0xFF,0xFF,0xFF,0xFF,0xFF,0xFF,0x40,0x00,0x00,0x09,0xFF,0xFF,0xFF,0xFF,0xFF,0xFF,0xFF,0xFF,0x40,0x00,0x00,0xAF,
    0xFF,0xFF,0xFF,0xFF,0xFF,0xFF,0xFF,0xFF,0x40,0x00,0x08,0xFF,0xFF,0xFF,0xFF,0xFB,0x87,0x78,0xAE,0xFF,0x40,0x00,0x4F,0xFF,
    0xFF,0xFF,0xE7,0x10,0x00,0x00,0x00,0x3A,0x40,0x00,0xCF,0xFF,0xFF,0xFD,0x20,0x00,0x00,0x00,0x00,0x00,0x00,0x04,0xFF,0xFF,
    0xFF,0xE2,0x00,0x00,0x00,0x00,0x00,0x00,0x00,0x0A,0xFF,0xFF,0xFF,0x50,0x00,0x00,0x00,0x00,0x00,0x00,0x00,0x0E,0xFF,0xFF,
    0xFD,0x00,0x00,0x00,0x00,0x00,0x00,0x00,0x00,0x3F,0xFF,0xFF,0xF8,0x00,0x00,0x00,0x00,0x00,0x00,0x00,0x00,0x6F,0xFF,0xFF,
    0xF4,0x00,0x00,0x00,0x00,0x00,0x00,0x00,0x00,0x7F,0xFF,0xFF,0xF3,0x00,0x00,0x00,0x00,0x00,0x00,0x00,0x00,0x8F,0xFF,0xFF,
    0xF2,0x00,0x00,0x00,0x00,0x00,0x00,0x00,0x00,0x8F,0xFF,0xFF,0xF2,0x00,0x00,0x00,0x00,0x00,0x00,0x00,0x00,0x7F,0xFF,0xFF,
    0xF4,0x00,0x00,0x00,0x00,0x00,0x00,0x00,0x00,0x5F,0xFF,0xFF,0xF7,0x00,0x00,0x00,0x00,0x00,0x00,0x00,0x00,0x3F,0xFF,0xFF,
    0xFB,0x00,0x00,0x00,0x00,0x00,0x00,0x00,0x00,0x0E,0xFF,0xFF,0xFF,0x30,0x00,0x00,0x00,0x00,0x00,0x00,0x00,0x0A,0xFF,0xFF,
    0xFF,0xD1,0x00,0x00,0x00,0x00,0x00,0x00,0x00,0x04,0xFF,0xFF,0xFF,0xFB,0x10,0x00,0x00,0x00,0x00,0x00,0x00,0x00,0xCF,0xFF,
    0xFF,0xFF,0xD5,0x00,0x00,0x00,0x00,0x4A,0x40,0x00,0x3F,0xFF,0xFF,0xFF,0xFF,0xEA,0x87,0x89,0xBE,0xFF,0x40,0x00,0x06,0xFF,
    0xFF,0xFF,0xFF,0xFF,0xFF,0xFF,0xFF,0xFF,0x40,0x00,0x00,0x7F,0xFF,0xFF,0xFF,0xFF,0xFF,0xFF,0xFF,0xFF,0x40,0x00,0x00,0x05,
    0xEF,0xFF,0xFF,0xFF,0xFF,0xFF,0xFF,0xFF,0x40,0x00,0x00,0x00,0x18,0xEF,0xFF,0xFF,0xFF,0xFF,0xFF,0xFD,0x30,0x00,0x00,0x00,
    0x00,0x15,0x9C,0xDE,0xFE,0xEC,0xA7,0x30,0x00,0xCF,0xFF,0xFF,0xFF,0xFF,0xFE,0xDC,0x95,0x20,0x00,0x00,0x00,0x00,0xCF,0xFF,
    0xFF,0xFF,0xFF,0xFF,0xFF,0xFF,0xFB,0x50,0x00,0x00,0x00,0xCF,0xFF,0xFF,0xFF,0xFF,0xFF,0xFF,0xFF,0xFF,0xFC,0x20,0x00,0x00,
    0xCF,0xFF,0xFF,0xFF,0xFF,0xFF,0xFF,0xFF,0xFF,0xFF,0xE4,0x00,0x00,0xCF,0xFF,0xFF,0xFF,0xFF,0xFF,0xFF,0xFF,0xFF,0xFF,0xFE,
    0x20,0x00,0xCF,0xFF,0xFF,0x92,0x22,0x35,0x8D,0xFF,0xFF,0xFF,0xFF,0xD0,0x00,0xCF,0xFF,0xFF,0x80,0x00,0x00,0x00,0x5E,0xFF,
    0xFF,0xFF,0xF6,0x00,0xCF,0xFF,0xFF,0x80,0x00,0x00,0x00,0x02,0xDF,0xFF,0xFF,0xFD,0x00,0xCF,0xFF,0xFF,0x80,0x00,0x00,0x00,
    0x00,0x3F,0xFF,0xFF,0xFF,0x40,0xCF,0xFF,0xFF,0x80,0x00,0x00,0x00,0x00,0x09,0xFF,0xFF,0xFF,0x70,0xCF,0xFF,0xFF,0x80,0x00,
    0x00,0x00,0x00,0x03,0xFF,0xFF,0xFF,0xB0,0xCF,0xFF,0xFF,0x80,0x00,0x00,0x00,0x00,0x00,0xEF,0xFF,0xFF,0xD0,0xCF,0xFF,0xFF,
    0x80,0x00,0x00,0x00,0x00,0x00,0xBF,0xFF,0xFF,0xE0,0xCF,0xFF,0xFF,0x80,0x00,0x00,0x00,0x00,0x00,0xAF,0xFF,0xFF,0xF0,0xCF,
    0xFF,0xFF,0x80,0x00,0x00,0x00,0x00,0x00,0x9F,0xFF,0xFF,0xF0,0xCF,0xFF,0xFF,0x80,0x00,0x00,0x00,0x00,0x00,0xAF,0xFF,0xFF,
    0xF0,0xCF,0xFF,0xFF,0x80,0x00,0x00,0x00,0x00,0x00,0xCF,0xFF,0xFF,0xD0,0xCF,0xFF,0xFF,0x80,0x00,0x00,0x00,0x00,0x01,0xFF,
    0xFF,0xFF,0xB0,0xCF,0xFF,0xFF,0x80,0x00,0x00,0x00,0x00,0x05,0xFF,0xFF,0xFF,0x80,0xCF,0xFF,0xFF,0x80,0x00,0x00,0x00,0x00,
    0x0B,0xFF,0xFF,0xFF,0x40,0xCF,0xFF,0xFF,0x80,0x00,0x00,0x00,0x00,0x6F,0xFF,0xFF,0xFD,0x00,0xCF,0xFF,0xFF,0x80,0x00,0x00,
    0x00,0x04,0xEF,0xFF,0xFF,0xF7,0x00,0xCF,0xFF,0xFF,0x80,0x00,0x00,0x00,0x7F,0xFF,0xFF,0xFF,0xD0,0x00,0xCF,0xFF,0xFF,0x92,
    0x22,0x34,0x8D,0xFF,0xFF,0xFF,0xFF,0x30,0x00,0xCF,0xFF,0xFF,0xFF,0xFF,0xFF,0xFF,0xFF,0xFF,0xFF,0xF6,0x00,0x00,0xCF,0xFF,
    0xFF,0xFF,0xFF,0xFF,0xFF,0xFF,0xFF,0xFE,0x50,0x00,0x00,0xCF,0xFF,0xFF,0xFF,0xFF,0xFF,0xFF,0xFF,0xFF,0xD3,0x00,0x00,0x00,
    0xCF,0xFF,0xFF,0xFF,0xFF,0xFF,0xFF,0xFF,0xD5,0x00,0x00,0x00,0x00,0xCF,0xFF,0xFF,0xFF,0xFF,0xFD,0xCA,0x73,0x00,0x00,0x00,
    0x00,0x00,0xCF,0xFF,0xFF,0xFF,0xFF,0xFF,0xFF,0xFF,0x50,0xCF,0xFF,0xFF,0xFF,0xFF,0xFF,0xFF,0xFF,0x50,0xCF,0xFF,0xFF,0xFF,
    0xFF,0xFF,0xFF,0xFF,0x50,0xCF,0xFF,0xFF,0xFF,0xFF,0xFF,0xFF,0xFF,0x50,0xCF,0xFF,0xFF,0xFF,0xFF,0xFF,0xFF,0xFF,0x50,0xCF,
    0xFF,0xFF,0x92,0x22,0x22,0x22,0x22,0x10,0xCF,0xFF,0xFF,0x80,0x00,0x00,0x00,0x00,0x00,0xCF,0xFF,0xFF,0x80,0x00,0x00,0x00,
    0x00,0x00,0xCF,0xFF,0xFF,0x80,0x00,0x00,0x00,0x00,0x00,0xCF,0xFF,0xFF,0x80,0x00,0x00,0x00,0x00,0x00,0xCF,0xFF,0xFF,0x80,
    0x00,0x00,0x00,0x00,0x00,0xCF,0xFF,0xFF,0x80,0x00,0x00,0x00,0x00,0x00,0xCF,0xFF,0xFF,0xFF,0xFF,0xFF,0xFF,0xFA,0x00,0xCF,
    0xFF,0xFF,0xFF,0xFF,0xFF,0xFF,0xFA,0x00,0xCF,0xFF,0xFF,0xFF,0xFF,0xFF,0xFF,0xFA,0x00,0xCF,0xFF,0xFF,0xFF,0xFF,0xFF,0xFF,
    0xFA,0x00,0xCF,0xFF,0xFF,0xFF,0xFF,0xFF,0xFF,0xFA,0x00,0xCF,0xFF,0xFF,0x92,0x22,0x22,0x22,0x21,0x00,0xCF,0xFF,0xFF,0x80,
    0x00,0x00,0x00,0x00,0x00,0xCF,0xFF,0xFF,0x80,0x00,0x00,0x00,0x00,0x00,0xCF,0xFF,0xFF,0x80,0x00,0x00,0x00,0x00,0x00,0xCF,
    0xFF,0xFF,0x80,0x00,0x00,0x00,0x00,0x00,0xCF,0xFF,0xFF,0x80,0x00,0x00,0x00,0x00,0x00,0xCF,0xFF,0xFF,0x92,0x22,0x22,0x22,
    0x22,0x20,0xCF,0xFF,0xFF,0xFF,0xFF,0xFF,0xFF,0xFF,0xF0,0xCF,0xFF,0xFF,0xFF,0xFF,0xFF,0xFF,0xFF,0xF0,0xCF,0xFF,0xFF,0xFF,
    0xFF,0xFF,0xFF,0xFF,0xF0,0xCF,0xFF,0xFF,0xFF,0xFF,0xFF,0xFF,0xFF,0xF0,0xCF,0xFF,0xFF,0xFF,0xFF,0xFF,0xFF,0xFF,0xF0,0xCF,
    0xFF,0xFF,0xFF,0xFF,0xFF,0xFF,0xFF,0x60,0xCF,0xFF,0xFF,0xFF,0xFF,0xFF,0xFF,0xFF,0x60,0xCF,0xFF,0xFF,0xFF,0xFF,0xFF,0xFF,
    0xFF,0x60,0xCF,0xFF,0xFF,0xFF,0xFF,0xFF,0xFF,0xFF,0x60,0xCF,0xFF,0xFF,0xFF,0xFF,0xFF,0xFF,0xFF,0x60,0xCF,0xFF,0xFF,0x92,
    0x22,0x22,0x22,0x22,0x10,0xCF,0xFF,0xFF,0x80,0x00,0x00,0x00,0x00,0x00,0xCF,0xFF,0xFF,0x80,0x00,0x00,0x00,0x00,0x00,0xCF,
    0xFF,0xFF,0x80,0x00,0x00,0x00,0x00,0x00,0xCF,0xFF,0xFF,0x80,0x00,0x00,0x00,0x00,0x00,0xCF,0xFF,0xFF,0x80,0x00,0x00,0x00,
    0x00,0x00,0xCF,0xFF,0xFF,0x80,0x00,0x00,0x00,0x00,0x00,0xCF,0xFF,0xFF,0xFF,0xFF,0xFF,0xFF,0xF9,0x00,0xCF,0xFF,0xFF,0xFF,
    0xFF,0xFF,0xFF,0xF9,0x00,0xCF,0xFF,0xFF,0xFF,0xFF,0xFF,0xFF,0xF9,0x00,0xCF,0xFF,0xFF,0xFF,0xFF,0xFF,0xFF,0xF9,0x00,0xCF,
    0xFF,0xFF,0xFF,0xFF,0xFF,0xFF,0xF9,0x00,0xCF,0xFF,0xFF,0x92,0x22,0x22,0x22,0x21,0x00,0xCF,0xFF,0xFF,0x80,0x00,0x00,0x00,
    0x00,0x00,0xCF,0xFF,0xFF,0x80,0x00,0x00,0x00,0x00,0x00,0xCF,0xFF,0xFF,0x80,0x00,0x00,0x00,0x00,0x00,0xCF,0xFF,0xFF,0x80,
    0x00,0x00,0x00,0x00,0x00,0xCF,0xFF,0xFF,0x80,0x00,0x00,0x00,0x00,0x00,0xCF,0xFF,0xFF,0x80,0x00,0x00,0x00,0x00,0x00,0xCF,
    0xFF,0xFF,0x80,0x00,0x00,0x00,0x00,0x00,0xCF,0xFF,0xFF,0x80,0x00,0x00,0x00,0x00,0x00,0xCF,0xFF,0xFF,0x80,0x00,0x00,0x00,
    0x00,0x00,0xCF,0xFF,0xFF,0x80,0x00,0x00,0x00,0x00,0x00,0xCF,0xFF,0xFF,0x80,0x00,0x00,0x00,0x00,0x00,0x00,0x00,0x00,0x00,
    0x00,0x37,0xAD,0xEF,0xFE,0xDC,0xA7,0x30,0x00,0x00,0x00,0x00,0x01,0x7D,0xFF,0xFF,0xFF,0xFF,0xFF,0xFF,0xFC,0x00,0x00,0x00,
    0x00,0x4D,0xFF,0xFF,0xFF,0xFF,0xFF,0xFF,0xFF,0xFD,0x00,0x00,0x00,0x08,0xFF,0xFF,0xFF,0xFF,0xFF,0xFF,0xFF,0xFF,0xFD,0x00,
    0x00,0x00,0x9F,0xFF,0xFF,0xFF,0xFF,0xFF,0xFF,0xFF,0xFF,0xFD,0x00,0x00,0x07,0xFF,0xFF,0xFF,0xFF,0xD9,0x65,0x55,0x79,0xCF,
    0xFD,0x00,0x00,0x3F,0xFF,0xFF,0xFF,0xE6,0x00,0x00,0x00,0x00,0x01,0x6B,0x00,0x00,0xCF,0xFF,0xFF,0xFD,0x20,0x00,0x00,0x00,
    0x00,0x00,0x00,0x00,0x04,0xFF,0xFF,0xFF,0xE2,0x00,0x00,0x00,0x00,0x00,0x00,0x00,0x00,0x0A,0xFF,0xFF,0xFF,0x50,0x00,0x00,
    0x00,0x00,0x00,0x00,0x00,0x00,0x0E,0xFF,0xFF,0xFD,0x00,0x00,0x00,0x00,0x00,0x00,0x00,0x00,0x00,0x3F,0xFF,0xFF,0xF8,0x00,
    0x00,0x00,0x00,0x00,0x00,0x00,0x00,0x00,0x6F,0xFF,0xFF,0xF4,0x00,0x00,0x00,0x00,0x00,0x00,0x00,0x00,0x00,0x7F,0xFF,0xFF,
    0xF3,0x00,0x00,0x0B,0xFF,0xFF,0xFF,0xFF,0xFF,0xF3,0x8F,0xFF,0xFF,0xF2,0x00,0x00,0x0B,0xFF,0xFF,0xFF,0xFF,0xFF,0xF3,0x8F,
    0xFF,0xFF,0xF2,0x00,0x00,0x0B,0xFF,0xFF,0xFF,0xFF,0xFF,0xF3,0x6F,0xFF,0xFF,0xF3,0x00,0x00,0x0B,0xFF,0xFF,0xFF,0xFF,0xFF,
    0xF3,0x5F,0xFF,0xFF,0xF6,0x00,0x00,0x0B,0xFF,0xFF,0xFF,0xFF,0xFF,0xF3,0x3F,0xFF,0xFF,0xFA,0x00,0x00,0x00,0x11,0x11,0x2F,
    0xFF,0xFF,0xF3,0x0E,0xFF,0xFF,0xFF,0x20,0x00,0x00,0x00,0x00,0x2F,0xFF,0xFF,0xF3,0x0A,0xFF,0xFF,0xFF,0xA0,0x00,0x00,0x00,
    0x00,0x2F,0xFF,0xFF,0xF3,0x03,0xFF,0xFF,0xFF,0xF8,0x00,0x00,0x00,0x00,0x2F,0xFF,0xFF,0xF3,0x00,0xBF,0xFF,0xFF,0xFF,0xA2,
    0x00,0x00,0x00,0x2F,0xFF,0xFF,0xF3,0x00,0x2E,0xFF,0xFF,0xFF,0xFF,0xB7,0x55,0x68,0xCF,0xFF,0xFF,0xF3,0x00,0x05,0xFF,0xFF,
    0xFF,0xFF,0xFF,0xFF,0xFF,0xFF,0xFF,0xFF,0xF3,0x00,0x00,0x6F,0xFF,0xFF,0xFF,0xFF,0xFF,0xFF,0xFF,0xFF,0xFF,0xF3,0x00,0x00,
    0x03,0xDF,0xFF,0xFF,0xFF,0xFF,0xFF,0xFF,0xFF,0xFF,0xE2,0x00,0x00,0x00,0x06,0xDF,0xFF,0xFF,0xFF,0xFF,0xFF,0xFF,0xD7,0x10,
    0x00,0x00,0x00,0x00,0x03,0x7A,0xCD,0xFF,0xED,0xC9,0x62,0x00,0x00,0xCF,0xFF,0xFF,0x80,0x00,0x00,0x00,0x00,0x00,0xDF,0xFF,
    0xFF,0x70,0xCF,0xFF,0xFF,0x80,0x00,0x00,0x00,0x00,0x00,0xDF,0xFF,0xFF,0x70,0xCF,0xFF,0xFF,0x80,0x00,0x00,0x00,0x00,0x00,
    0xDF,0xFF,0xFF,0x70,0xCF,0xFF,0xFF,0x80,0x00,0x00,0x00,0x00,0x00,0xDF,0xFF,0xFF,0x70,0xCF,0xFF,0xFF,0x80,0x00,0x00,0x00,
    0x00,0x00,0xDF,0xFF,0xFF,0x70,0xCF,0xFF,0xFF,0x80,0x00,0x00,0x00,0x00,0x00,0xDF,0xFF,0xFF,0x70,0xCF,0xFF,0xFF,0x80,0x00,
    0x00,0x00,0x00,0x00,0xDF,0xFF,0xFF,0x70,0xCF,0xFF,0xFF,0x80,0x00,0x00,0x00,0x00,0x00,0xDF,0xFF,0xFF,0x70,0xCF,0xFF,0xFF,
    0x80,0x00,0x00,0x00,0x00,0x00,0xDF,0xFF,0xFF,0x70,0xCF,0xFF,0xFF,0x80,0x00,0x00,0x00,0x00,0x00,0xDF,0xFF,0xFF,0x70,0xCF,
    0xFF,0xFF,0x80,0x00,0x00,0x00,0x00,0x00,0xDF,0xFF,0xFF,0x70,0xCF,0xFF,0xFF,0x80,0x00,0x00,0x00,0x00,0x00,0xDF,0xFF,0xFF,
    0x70,0xCF,0xFF,0xFF,0xFF,0xFF,0xFF,0xFF,0xFF,0xFF,0xFF,0xFF,0xFF,0x70,0xCF,0xFF,0xFF,0xFF,0xFF,0xFF,0xFF,0xFF,0xFF,0xFF,
    0xFF,0xFF,0x70,0xCF,0xFF,0xFF,0xFF,0xFF,0xFF,0xFF,0xFF,0xFF,0xFF,0xFF,0xFF,0x70,0xCF,0xFF,0xFF,0xFF,0xFF,0xFF,0xFF,0xFF,
    0xFF,0xFF,0xFF,0xFF,0x70,0xCF,0xFF,0xFF,0xFF,0xFF,0xFF,0xFF,0xFF,0xFF,0xFF,0xFF,0xFF,0x70,0xCF,0xFF,0xFF,0xB7,0x77,0x77,
    0x77,0x77,0x77,0xEF,0xFF,0xFF,0x70,0xCF,0xFF,0xFF,0x80,0x00,0x00,0x00,0x00,0x00,0xDF,0xFF,0xFF,0x70,0xCF,0xFF,0xFF,0x80,
    0x00,0x00,0x00,0x00,0x00,0xDF,0xFF,0xFF,0x70,0xCF,0xFF,0xFF,0x80,0x00,0x00,0x00,0x00,0x00,0xDF,0xFF,0xFF,0x70,0xCF,0xFF,
    0xFF,0x80,0x00,0x00,0x00,0x00,0x00,0xDF,0xFF,0xFF,0x70,0xCF,0xFF,0xFF,0x80,0x00,0x00,0x00,0x00,0x00,0xDF,0xFF,0xFF,0x70,
    0xCF,0xFF,0xFF,0x80,0x00,0x00,0x00,0x00,0x00,0xDF,0xFF,0xFF,0x70,0xCF,0xFF,0xFF,0x80,0x00,0x00,0x00,0x00,0x00,0xDF,0xFF,
    0xFF,0x70,0xCF,0xFF,0xFF,0x80,0x00,0x00,0x00,0x00,0x00,0xDF,0xFF,0xFF,0x70,0xCF,0xFF,0xFF,0x80,0x00,0x00,0x00,0x00,0x00,
    0xDF,0xFF,0xFF,0x70,0xCF,0xFF,0xFF,0x80,0x00,0x00,0x00,0x00,0x00,0xDF,0xFF,0xFF,0x70,0xCF,0xFF,0xFF,0x80,0x00,0x00,0x00,
    0x00,0x00,0xDF,0xFF,0xFF,0x70,0xCF,0xFF,0xFF,0x80,0xCF,0xFF,0xFF,0x80,0xCF,0xFF,0xFF,0x80,0xCF,0xFF,0xFF,0x80,0xCF,0xFF,
    0xFF,0x80,0xCF,0xFF,0xFF,0x80,0xCF,0xFF,0xFF,0x80,0xCF,0xFF,0xFF,0x80,0xCF,0xFF,0xFF,0x80,0xCF,0xFF,0xFF,0x80,0xCF,0xFF,
    0xFF,0x80,0xCF,0xFF,0xFF,0x80,0xCF,0xFF,0xFF,0x80,0xCF,0xFF,0xFF,0x80,0xCF,0xFF,0xFF,0x80,0xCF,0xFF,0xFF,0x80,0xCF,0xFF,
    0xFF,0x80,0xCF,0xFF,0xFF,0x80,0xCF,0xFF,0xFF,0x80,0xCF,0xFF,0xFF,0x80,0xCF,0xFF,0xFF,0x80,0xCF,0xFF,0xFF,0x80,0xCF,0xFF,
    0xFF,0x80,0xCF,0xFF,0xFF,0x80,0xCF,0xFF,0xFF,0x80,0xCF,0xFF,0xFF,0x80,0xCF,0xFF,0xFF,0x80,0xCF,0xFF,0xFF,0x80,0xCF,0xFF,
    0xFF,0x80,0x00,0x00,0x00,0x00,0x6F,0xFF,0xFF,0xD0,0x00,0x00,0x00,0x00,0x6F,0xFF,0xFF,0xD0,0x00,0x00,0x00,0x00,0x6F,0xFF,
    0xFF,0xD0,0x00,0x00,0x00,0x00,0x6F,0xFF,0xFF,0xD0,0x00,0x00,0x00,0x00,0x6F,0xFF,0xFF,0xD0,0x00,0x00,0x00,0x00,0x6F,0xFF,
    0xFF,0xD0,0x00,0x00,0x00,0x00,0x6F,0xFF,0xFF,0xD0,0x00,0x00,0x00,0x00,0x6F,0xFF,0xFF,0xD0,0x00,0x00,0x00,0x00,0x6F,0xFF,
    0xFF,0xD0,0x00,0x00,0x00,0x00,0x6F,0xFF,0xFF,0xD0,0x00,0x00,0x00,0x00,0x6F,0xFF,0xFF,0xD0,0x00,0x00,0x00,0x00,0x6F,0xFF,
    0xFF,0xD0,0x00,0x00,0x00,0x00,0x6F,0xFF,0xFF,0xD0,0x00,0x00,0x00,0x00,0x6F,0xFF,0xFF,0xD0,0x00,0x00,0x00,0x00,0x6F,0xFF,
    0xFF,0xD0,0x00,0x00,0x00,0x00,0x6F,0xFF,0xFF,0xD0,0x00,0x00,0x00,0x00,0x6F,0xFF,0xFF,0xD0,0x00,0x00,0x00,0x00,0x6F,0xFF,
    0xFF,0xD0,0x00,0x00,0x00,0x00,0x7F,0xFF,0xFF,0xC0,0x00,0x00,0x00,0x00,0x9F,0xFF,0xFF,0xB0,0x00,0x00,0x00,0x00,0xDF,0xFF,
    0xFF,0x90,0x00,0x00,0x00,0x04,0xFF,0xFF,0xFF,0x60,0x55,0x00,0x00,0x2D,0xFF,0xFF,0xFF,0x20,0x5F,0xC8,0x7A,0xEF,0xFF,0xFF,
    0xFB,0x00,0x5F,0xFF,0xFF,0xFF,0xFF,0xFF,0xF4,0x00,0x5F,0xFF,0xFF,0xFF,0xFF,0xFF,0x90,0x00,0x5F,0xFF,0xFF,0xFF,0xFF,0xFA,
    0x00,0x00,0x5F,0xFF,0xFF,0xFF,0xFE,0x70,0x00,0x00,0x17,0xBD,0xFE,0xDA,0x61,0x00,0x00,0x00,0xCF,0xFF,0xFF,0x80,0x00,0x00,
    0x00,0x3F,0xFF,0xFF,0xFF,0x40,0xCF,0xFF,0xFF,0x80,0x00,0x00,0x00,0xCF,0xFF,0xFF,0xF9,0x00,0xCF,0xFF,0xFF,0x80,0x00,0x00,
    0x07,0xFF,0xFF,0xFF,0xD1,0x00,0xCF,0xFF,0xFF,0x80,0x00,0x00,0x2F,0xFF,0xFF,0xFF,0x30,0x00,0xCF,0xFF,0xFF,0x80,0x00,0x00,
    0xBF,0xFF,0xFF,0xF7,0x00,0x00,0xCF,0xFF,0xFF,0x80,0x00,0x06,0xFF,0xFF,0xFF,0xB0,0x00,0x00,0xCF,0xFF,0xFF,0x80,0x00,0x1E,
    0xFF,0xFF,0xFE,0x20,0x00,0x00,0xCF,0xFF,0xFF,0x80,0x00,0xAF,0xFF,0xFF,0xF5,0x00,0x00,0x00,0xCF,0xFF,0xFF,0x80,0x05,0xFF,
    0xFF,0xFF,0xA0,0x00,0x00,0x00,0xCF,0xFF,0xFF,0x80,0x1D,0xFF,0xFF,0xFD,0x10,0x00,0x00,0x00,0xCF,0xFF,0xFF,0x80,0x9F,0xFF,
    0xFF,0xF4,0x00,0x00,0x00,0x00,0xCF,0xFF,0xFF,0x84,0xFF,0xFF,0xFF,0x80,0x00,0x00,0x00,0x00,0xCF,0xFF,0xFF,0x8C,0xFF,0xFF,
    0xFC,0x00,0x00,0x00,0x00,0x00,0xCF,0xFF,0xFF,0xCF,0xFF,0xFF,0xF2,0x00,0x00,0x00,0x00,0x00,0xCF,0xFF,0xFF,0xFF,0xFF,0xFF,
    0xF5,0x00,0x00,0x00,0x00,0x00,0xCF,0xFF,0xFF,0x9F,0xFF,0xFF,0xFE,0x20,0x00,0x00,0x00,0x00,0xCF,0xFF,0xFF,0x88,0xFF,0xFF,
    0xFF,0xB0,0x00,0x00,0x00,0x00,0xCF,0xFF,0xFF,0x81,0xDF,0xFF,0xFF,0xF7,0x00,0x00,0x00,0x00,0xCF,0xFF,0xFF,0x80,0x4F,0xFF,
    0xFF,0xFF,0x30,0x00,0x00,0x00,0xCF,0xFF,0xFF,0x80,0x09,0xFF,0xFF,0xFF,0xC0,0x00,0x00,0x00,0xCF,0xFF,0xFF,0x80,0x01,0xEF,
    0xFF,0xFF,0xF8,0x00,0x00,0x00,0xCF,0xFF,0xFF,0x80,0x00,0x5F,0xFF,0xFF,0xFF,0x40,0x00,0x00,0xCF,0xFF,0xFF,0x80,0x00,0x0A,
    0xFF,0xFF,0xFF,0xD1,0x00,0x00,0xCF,0xFF,0xFF,0x80,0x00,0x02,0xEF,0xFF,0xFF,0xFA,0x00,0x00,0xCF,0xFF,0xFF,0x80,0x00,0x00,
    0x6F,0xFF,0xFF,0xFF,0x50,0x00,0xCF,0xFF,0xFF,0x80,0x00,0x00,0x0B,0xFF,0xFF,0xFF,0xE2,0x00,0xCF,0xFF,0xFF,0x80,0x00,0x00,
    0x02,0xEF,0xFF,0xFF,0xFB,0x00,0xCF,0xFF,0xFF,0x80,0x00,0x00,0x00,0x7F,0xFF,0xFF,0xFF,0x60,0xCF,0xFF,0xFF,0x80,0x00,0x00,
    0x00,0x0C,0xFF,0xFF,0xFF,0xF2,0xCF,0xFF,0xFF,0x80,0x00,0x00,0x00,0x00,0x00,0xCF,0xFF,0xFF,0x80,0x00,0x00,0x00,0x00,0x00,
    0xCF,0xFF,0xFF,0x80,0x00,0x00,0x00,0x00,0x00,0xCF,0xFF,0xFF,0x80,0x00,0x00,0x00,0x00,0x00,0xCF,0xFF,0xFF,0x80,0x00,0x00,
    0x00,0x00,0x00,0xCF,0xFF,0xFF,0x80,0x00,0x00,0x00,0x00,0x00,0xCF,0xFF,0xFF,0x80,0x00,0x00,0x00,0x00,0x00,0xCF,0xFF,0xFF,
    0x80,0x00,0x00,0x00,0x00,0x00,0xCF,0xFF,0xFF,0x80,0x00,0x00,0x00,0x00,0x00,0xCF,0xFF,0xFF,0x80,0x00,0x00,0x00,0x00,0x00,
    0xCF,0xFF,0xFF,0x80,0x00,0x00,0x00,0x00,0x00,0xCF,0xFF,0xFF,0x80,0x00,0x00,0x00,0x00,0x00,0xCF,0xFF,0xFF,0x80,0x00,0x00,
    0x00,0x00,0x00,0xCF,0xFF,0xFF,0x80,0x00,0x00,0x00,0x00,0x00,0xCF,0xFF,0xFF,0x80,0x00,0x00,0x00,0x00,0x00,0xCF,0xFF,0xFF,
    0x80,0x00,0x00,0x00,0x00,0x00,0xCF,0xFF,0xFF,0x80,0x00,0x00,0x00,0x00,0x00,0xCF,0xFF,0xFF,0x80,0x00,0x00,0x00,0x00,0x00,
    0xCF,0xFF,0xFF,0x80,0x00,0x00,0x00,0x00,0x00,0xCF,0xFF,0xFF,0x80,0x00,0x00,0x00,0x00,0x00,0xCF,0xFF,0xFF,0x80,0x00,0x00,
    0x00,0x00,0x00,0xCF,0xFF,0xFF,0x80,0x00,0x00,0x00,0x00,0x00,0xCF,0xFF,0xFF,0x80,0x00,0x00,0x00,0x00,0x00,0xCF,0xFF,0xFF,
    0x92,0x22,0x22,0x22,0x22,0x20,0xCF,0xFF,0xFF,0xFF,0xFF,0xFF,0xFF,0xFF,0xD0,0xCF,0xFF,0xFF,0xFF,0xFF,0xFF,0xFF,0xFF,0xD0,
    0xCF,0xFF,0xFF,0xFF,0xFF,0xFF,0xFF,0xFF,0xD0,0xCF,0xFF,0xFF,0xFF,0xFF,0xFF,0xFF,0xFF,0xD0,0xCF,0xFF,0xFF,0xFF,0xFF,0xFF,
    0xFF,0xFF,0xD0,0xCF,0xFF,0xFF,0xFF,0xF9,0x00,0x00,0x00,0x00,0x00,0x00,0x1F,0xFF,0xFF,0xFF,0xFF,0x20,0xCF,0xFF,0xFF,0xFF,
    0xFE,0x00,0x00,0x00,0x00,0x00,0x00,0x6F,0xFF,0xFF,0xFF,0xFF,0x20,0xCF,0xFF,0xFF,0xFF,0xFF,0x40,0x00,0x00,0x00,0x00,0x00,
    0xBF,0xFF,0xFF,0xFF,0xFF,0x20,0xCF,0xFF,0xFF,0xFF,0xFF,0x90,0x00,0x00,0x00,0x00,0x01,0xFF,0xFF,0xFF,0xFF,0xFF,0x20,0xCF,
    0xFF,0xFF,0xFF,0xFF,0xE0,0x00,0x00,0x00,0x00,0x06,0xFF,0xFF,0xFF,0xFF,0xFF,0x20,0xCF,0xFF,0xFD,0xFF,0xFF,0xF4,0x00,0x00,
    0x00,0x00,0x0B,0xFF,0xFE,0xEF,0xFF,0xFF,0x20,0xCF,0xFF,0xFB,0xFF,0xFF,0xF9,0x00,0x00,0x00,0x00,0x1F,0xFF,0xFB,0xEF,0xFF,
    0xFF,0x20,0xCF,0xFF,0xFB,0xCF,0xFF,0xFE,0x00,0x00,0x00,0x00,0x6F,0xFF,0xF8,0xFF,0xFF,0xFF,0x20,0xCF,0xFF,0xFC,0x9F,0xFF,
    0xFF,0x40,0x00,0x00,0x00,0xBF,0xFF,0xF5,0xFF,0xFF,0xFF,0x20,0xCF,0xFF,0xFC,0x5F,0xFF,0xFF,0x90,0x00,0x00,0x01,0xFF,0xFF,
    0xF2,0xFF,0xFF,0xFF,0x20,0xCF,0xFF,0xFD,0x0E,0xFF,0xFF,0xE0,0x00,0x00,0x06,0xFF,0xFF,0xA1,0xFF,0xFF,0xFF,0x20,0xCF,0xFF,
    0xFD,0x09,0xFF,0xFF,0xF4,0x00,0x00,0x0B,0xFF,0xFF,0x52,0xFF,0xFF,0xFF,0x20,0xCF,0xFF,0xFD,0x04,0xFF,0xFF,0xF9,0x00,0x00,
    0x1F,0xFF,0xFF,0x12,0xFF,0xFF,0xFF,0x20,0xCF,0xFF,0xFD,0x00,0xEF,0xFF,0xFE,0x00,0x00,0x6F,0xFF,0xFA,0x02,0xFF,0xFF,0xFF,
    0x20,0xCF,0xFF,0xFD,0x00,0x9F,0xFF,0xFF,0x40,0x00,0xBF,0xFF,0xF5,0x02,0xFF,0xFF,0xFF,0x20,0xCF,0xFF,0xFD,0x00,0x4F,0xFF,
    0xFF,0x90,0x01,0xFF,0xFF,0xF1,0x02,0xFF,0xFF,0xFF,0x20,0xCF,0xFF,0xFD,0x00,0x0E,0xFF,0xFF,0xE0,0x06,0xFF,0xFF,0xA0,0x02,
    0xFF,0xFF,0xFF,0x20,0xCF,0xFF,0xFD,0x00,0x09,0xFF,0xFF,0xF4,0x0B,0xFF,0xFF,0x50,0x02,0xFF,0xFF,0xFF,0x20,0xCF,0xFF,0xFD,
    0x00,0x03,0xFF,0xFF,0xF8,0x1F,0xFF,0xFF,0x10,0x02,0xFF,0xFF,0xFF,0x20,0xCF,0xFF,0xFD,0x00,0x00,0xDF,0xFF,0xFC,0x4F,0xFF,
    0xFA,0x00,0x02,0xFF,0xFF,0xFF,0x20,0xCF,0xFF,0xFD,0x00,0x00,0x8F,0xFF,0xFF,0x8F,0xFF,0xF5,0x00,0x02,0xFF,0xFF,0xFF,0x20,
    0xCF,0xFF,0xFD,0x00,0x00,0x3F,0xFF,0xFF,0xEF,0xFF,0xF1,0x00,0x02,0xFF,0xFF,0xFF,0x20,0xCF,0xFF,0xFD,0x00,0x00,0x0D,0xFF,
    0xFF,0xFF,0xFF,0xA0,0x00,0x02,0xFF,0xFF,0xFF,0x20,0xCF,0xFF,0xFD,0x00,0x00,0x08,0xFF,0xFF,0xFF,0xFF,0x50,0x00,0x02,0xFF,
    0xFF,0xFF,0x20,0xCF,0xFF,0xFD,0x00,0x00,0x02,0xFF,0xFF,0xFF,0xFF,0x10,0x00,0x02,0xFF,0xFF,0xFF,0x20,0xCF,0xFF,0xFD,0x00,
    0x00,0x00,0xCF,0xFF,0xFF,0xFA,0x00,0x00,0x02,0xFF,0xFF,0xFF,0x20,0xCF,0xFF,0xFD,0x00,0x00,0x00,0x7F,0xFF,0xFF,0xF5,0x00,
    0x00,0x02,0xFF,0xFF,0xFF,0x20,0xCF,0xFF,0xFD,0x00,0x00,0x00,0x2F,0xFF,0xFF,0xF1,0x00,0x00,0x02,0xFF,0xFF,0xFF,0x20,0xCF,
    0xFF,0xFD,0x00,0x00,0x00,0x0C,0xFF,0xFF,0xA0,0x00,0x00,0x02,0xFF,0xFF,0xFF,0x20,0xCF,0xFF,0xFF,0xF5,0x00,0x00,0x00,0x00,
    0x00,0x08,0xFF,0xFF,0xF6,0xCF,0xFF,0xFF,0xFD,0x10,0x00,0x00,0x00,0x00,0x08,0xFF,0xFF,0xF6,0xCF,0xFF,0xFF,0xFF,0x90,0x00,
    0x00,0x00,0x00,0x08,0xFF,0xFF,0xF6,0xCF,0xFF,0xFF,0xFF,0xF3,0x00,0x00,0x00,0x00,0x08,0xFF,0xFF,0xF6,0xCF,0xFF,0xFF,0xFF,
    0xFC,0x00,0x00,0x00,0x00,0x08,0xFF,0xFF,0xF6,0xCF,0xFF,0xFF,0xFF,0xFF,0x70,0x00,0x00,0x00,0x08,0xFF,0xFF,0xF6,0xCF,0xFF,
    0xFF,0xFF,0xFF,0xE2,0x00,0x00,0x00,0x08,0xFF,0xFF,0xF6,0xCF,0xFF,0xFF,0xFF,0xFF,0xFB,0x00,0x00,0x00,0x08,0xFF,0xFF,0xF6,
    0xCF,0xFF,0xFF,0xDF,0xFF,0xFF,0x50,0x00,0x00,0x08,0xFF,0xFF,0xF6,0xCF,0xFF,0xFF,0x6F,0xFF,0xFF,0xE1,0x00,0x00,0x08,0xFF,
    0xFF,0xF6,0xCF,0xFF,0xFF,0x2A,0xFF,0xFF,0xF9,0x00,0x00,0x08,0xFF,0xFF,0xF6,0xCF,0xFF,0xFF,0x22,0xEF,0xFF,0xFF,0x40,0x00,
    0x08,0xFF,0xFF,0xF6,0xCF,0xFF,0xFF,0x20,0x6F,0xFF,0xFF,0xD0,0x00,0x08,0xFF,0xFF,0xF6,0xCF,0xFF,0xFF,0x20,0x0C,0xFF,0xFF,
    0xF7,0x00,0x08,0xFF,0xFF,0xF6,0xCF,0xFF,0xFF,0x20,0x03,0xFF,0xFF,0xFF,0x20,0x08,0xFF,0xFF,0xF6,0xCF,0xFF,0xFF,0x20,0x00,
    0x8F,0xFF,0xFF,0xB0,0x08,0xFF,0xFF,0xF6,0xCF,0xFF,0xFF,0x20,0x00,0x0D,0xFF,0xFF,0xF6,0x08,0xFF,0xFF,0xF6,0xCF,0xFF,0xFF,
    0x20,0x00,0x04,0xFF,0xFF,0xFE,0x18,0xFF,0xFF,0xF6,0xCF,0xFF,0xFF,0x20,0x00,0x00,0x9F,0xFF,0xFF,0x98,0xFF,0xFF,0xF6,0xCF,
    0xFF,0xFF,0x20,0x00,0x00,0x1E,0xFF,0xFF,0xFA,0xFF,0xFF,0xF6,0xCF,0xFF,0xFF,0x20,0x00,0x00,0x05,0xFF,0xFF,0xFF,0xFF,0xFF,
    0xF6,0xCF,0xFF,0xFF,0x20,0x00,0x00,0x00,0xBF,0xFF,0xFF,0xFF,0xFF,0xF6,0xCF,0xFF,0xFF,0x20,0x00,0x00,0x00,0x2E,0xFF,0xFF,
    0xFF,0xFF,0xF6,0xCF,0xFF,0xFF,0x20,0x00,0x00,0x00,0x07,0xFF,0xFF,0xFF,0xFF,0xF6,0xCF,0xFF,0xFF,0x20,0x00,0x00,0x00,0x00,
    0xCF,0xFF,0xFF,0xFF,0xF6,0xCF,0xFF,0xFF,0x20,0x00,0x00,0x00,0x00,0x3F,0xFF,0xFF,0xFF,0xF6,0xCF,0xFF,0xFF,0x20,0x00,0x00,
    0x00,0x00,0x08,0xFF,0xFF,0xFF,0xF6,0xCF,0xFF,0xFF,0x20,0x00,0x00,0x00,0x00,0x01,0xDF,0xFF,0xFF,0xF6,0xCF,0xFF,0xFF,0x20,
    0x00,0x00,0x00,0x00,0x00,0x4F,0xFF,0xFF,0xF6,0x00,0x00,0x00,0x00,0x03,0x8B,0xDE,0xFE,0xCA,0x62,0x00,0x00,0x00,0x00,0x00,
    0x00,0x00,0x05,0xDF,0xFF,0xFF,0xFF,0xFF,0xFF,0xA3,0x00,0x00,0x00,0x00,0x00,0x01,0xBF,0xFF,0xFF,0xFF,0xFF,0xFF,0xFF,0xFF,
    0x80,0x00,0x00,0x00,0x00,0x2E,0xFF,0xFF,0xFF,0xFF,0xFF,0xFF,0xFF,0xFF,0xFA,0x00,0x00,0x00,0x01,0xEF,0xFF,0xFF,0xFF,0xFF,
    0xFF,0xFF,0xFF,0xFF,0xFF,0x90,0x00,0x00,0x0B,0xFF,0xFF,0xFF,0xFE,0xA8,0x78,0xCF,0xFF,0xFF,0xFF,0xF6,0x00,0x00,0x7F,0xFF,
    0xFF,0xFF,0x91,0x00,0x00,0x04,0xDF,0xFF,0xFF,0xFE,0x10,0x00,0xEF,0xFF,0xFF,0xF7,0x00,0x00,0x00,0x00,0x1D,0xFF,0xFF,0xFF,
    0x70,0x06,0xFF,0xFF,0xFF,0xA0,0x00,0x00,0x00,0x00,0x03,0xFF,0xFF,0xFF,0xE0,0x0B,0xFF,0xFF,0xFF,0x20,0x00,0x00,0x00,0x00,
    0x00,0xAF,0xFF,0xFF,0xF3,0x0F,0xFF,0xFF,0xFB,0x00,0x00,0x00,0x00,0x00,0x00,0x5F,0xFF,0xFF,0xF7,0x4F,0xFF,0xFF,0xF7,0x00,
    0x00,0x00,0x00,0x00,0x00,0x1F,0xFF,0xFF,0xFA,0x6F,0xFF,0xFF,0xF4,0x00,0x00,0x00,0x00,0x00,0x00,0x0D,0xFF,0xFF,0xFB,0x7F,
    0xFF,0xFF,0xF2,0x00,0x00,0x00,0x00,0x00,0x00,0x0C,0xFF,0xFF,0xFC,0x8F,0xFF,0xFF,0xF2,0x00,0x00,0x00,0x00,0x00,0x00,0x0C,
    0xFF,0xFF,0xFD,0x8F,0xFF,0xFF,0xF2,0x00,0x00,0x00,0x00,0x00,0x00,0x0C,0xFF,0xFF,0xFC,0x6F,0xFF,0xFF,0xF3,0x00,0x00,0x00,
    0x00,0x00,0x00,0x0D,0xFF,0xFF,0xFB,0x5F,0xFF,0xFF,0xF6,0x00,0x00,0x00,0x00,0x00,0x00,0x1F,0xFF,0xFF,0xF9,0x2F,0xFF,0xFF,
    0xFA,0x00,0x00,0x00,0x00,0x00,0x00,0x4F,0xFF,0xFF,0xF6,0x0D,0xFF,0xFF,0xFF,0x10,0x00,0x00,0x00,0x00,0x00,0xAF,0xFF,0xFF,
    0xF2,0x09,0xFF,0xFF,0xFF,0xA0,0x00,0x00,0x00,0x00,0x03,0xFF,0xFF,0xFF,0xC0,0x02,0xFF,0xFF,0xFF,0xF6,0x00,0x00,0x00,0x00,
    0x2D,0xFF,0xFF,0xFF,0x50,0x00,0xAF,0xFF,0xFF,0xFF,0x81,0x00,0x00,0x04,0xDF,0xFF,0xFF,0xFD,0x00,0x00,0x1E,0xFF,0xFF,0xFF,
    0xFE,0xA8,0x79,0xDF,0xFF,0xFF,0xFF,0xF3,0x00,0x00,0x04,0xFF,0xFF,0xFF,0xFF,0xFF,0xFF,0xFF,0xFF,0xFF,0xFF,0x60,0x00,0x00,
    0x00,0x5E,0xFF,0xFF,0xFF,0xFF,0xFF,0xFF,0xFF,0xFF,0xF6,0x00,0x00,0x00,0x00,0x03,0xDF,0xFF,0xFF,0xFF,0xFF,0xFF,0xFF,0xFE,
    0x40,0x00,0x00,0x00,0x00,0x00,0x07,0xEF,0xFF,0xFF,0xFF,0xFF,0xFE,0x81,0x00,0x00,0x00,0x00,0x00,0x00,0x00,0x04,0x9C,0xDE,
    0xED,0xC9,0x51,0x00,0x00,0x00,0x00,0xCF,0xFF,0xFF,0xFF,0xFF,0xFE,0xDA,0x72,0x00,0x00,0x00,0xCF,0xFF,0xFF,0xFF,0xFF,0xFF,
    0xFF,0xFF,0xB2,0x00,0x00,0xCF,0xFF,0xFF,0xFF,0xFF,0xFF,0xFF,0xFF,0xFE,0x40,0x00,0xCF,0xFF,0xFF,0xFF,0xFF,0xFF,0xFF,0xFF,
    0xFF,0xE2,0x00,0xCF,0xFF,0xFF,0xED,0xDD,0xFF,0xFF,0xFF,0xFF,0xFA,0x00,0xCF,0xFF,0xFF,0x80,0x00,0x04,0xCF,0xFF,0xFF,0xFF,
    0x20,0xCF,0xFF,0xFF,0x80,0x00,0x00,0x0C,0xFF,0xFF,0xFF,0x60,0xCF,0xFF,0xFF,0x80,0x00,0x00,0x04,0xFF,0xFF,0xFF,0x80,0xCF,
    0xFF,0xFF,0x80,0x00,0x00,0x01,0xFF,0xFF,0xFF,0x90,0xCF,0xFF,0xFF,0x80,0x00,0x00,0x00,0xFF,0xFF,0xFF,0xA0,0xCF,0xFF,0xFF,
    0x80,0x00,0x00,0x01,0xFF,0xFF,0xFF,0x80,0xCF,0xFF,0xFF,0x80,0x00,0x00,0x05,0xFF,0xFF,0xFF,0x60,0xCF,0xFF,0xFF,0x80,0x00,
    0x00,0x1D,0xFF,0xFF,0xFF,0x10,0xCF,0xFF,0xFF,0x80,0x00,0x26,0xDF,0xFF,0xFF,0xFA,0x00,0xCF,0xFF,0xFF,0xFF,0xFF,0xFF,0xFF,
    0xFF,0xFF,0xE2,0x00,0xCF,0xFF,0xFF,0xFF,0xFF,0xFF,0xFF,0xFF,0xFE,0x40,0x00,0xCF,0xFF,0xFF,0xFF,0xFF,0xFF,0xFF,0xFF,0xD3,
    0x00,0x00,0xCF,0xFF,0xFF,0xFF,0xFF,0xFF,0xFF,0xE7,0x10,0x00,0x00,0xCF,0xFF,0xFF,0xDC,0xCC,0xBA,0x74,0x00,0x00,0x00,0x00,
    0xCF,0xFF,0xFF,0x80,0x00,0x00,0x00,0x00,0x00,0x00,0x00,0xCF,0xFF,0xFF,0x80,0x00,0x00,0x00,0x00,0x00,0x00,0x00,0xCF,0xFF,
    0xFF,0x80,0x00,0x00,0x00,0x00,0x00,0x00,0x00,0xCF,0xFF,0xFF,0x80,0x00,0x00,0x00,0x00,0x00,0x00,0x00,0xCF,0xFF,0xFF,0x80,
    0x00,0x00,0x00,0x00,0x00,0x00,0x00,0xCF,0xFF,0xFF,0x80,0x00,0x00,0x00,0x00,0x00,0x00,0x00,0xCF,0xFF,0xFF,0x80,0x00,0x00,
    0x00,0x00,0x00,0x00,0x00,0xCF,0xFF,0xFF,0x80,0x00,0x00,0x00,0x00,0x00,0x00,0x00,0xCF,0xFF,0xFF,0x80,0x00,0x00,0x00,0x00,
    0x00,0x00,0x00,0xCF,0xFF,0xFF,0x80,0x00,0x00,0x00,0x00,0x00,0x00,0x00,0x00,0x00,0x00,0x00,0x03,0x8B,0xDE,0xFE,0xCA,0x62,
    0x00,0x00,0x00,0x00,0x00,0x00,0x00,0x00,0x00,0x05,0xDF,0xFF,0xFF,0xFF,0xFF,0xFF,0xB3,0x00,0x00,0x00,0x00,0x00,0x00,0x00,
    0x02,0xBF,0xFF,0xFF,0xFF,0xFF,0xFF,0xFF,0xFF,0x80,0x00,0x00,0x00,0x00,0x00,0x00,0x2E,0xFF,0xFF,0xFF,0xFF,0xFF,0xFF,0xFF,
    0xFF,0xFA,0x00,0x00,0x00,0x00,0x00,0x01,0xEF,0xFF,0xFF,0xFF,0xFF,0xFF,0xFF,0xFF,0xFF,0xFF,0x90,0x00,0x00,0x00,0x00,0x0B,
    0xFF,0xFF,0xFF,0xFE,0xA8,0x78,0xCF,0xFF,0xFF,0xFF,0xF6,0x00,0x00,0x00,0x00,0x7F,0xFF,0xFF,0xFF,0x91,0x00,0x00,0x04,0xDF,
    0xFF,0xFF,0xFE,0x10,0x00,0x00,0x00,0xEF,0xFF,0xFF,0xF7,0x00,0x00,0x00,0x00,0x1D,0xFF,0xFF,0xFF,0x70,0x00,0x00,0x06,0xFF,
    0xFF,0xFF,0xA0,0x00,0x00,0x00,0x00,0x03,0xFF,0xFF,0xFF,0xE0,0x00,0x00,0x0B,0xFF,0xFF,0xFF,0x20,0x00,0x00,0x00,0x00,0x00,
    0xAF,0xFF,0xFF,0xF3,0x00,0x00,0x0F,0xFF,0xFF,0xFB,0x00,0x00,0x00,0x00,0x00,0x00,0x5F,0xFF,0xFF,0xF7,0x00,0x00,0x4F,0xFF,
    0xFF,0xF7,0x00,0x00,0x00,0x00,0x00,0x00,0x1F,0xFF,0xFF,0xFA,0x00,0x00,0x6F,0xFF,0xFF,0xF4,0x00,0x00,0x00,0x00,0x00,0x00,
    0x0E,0xFF,0xFF,0xFB,0x00,0x00,0x7F,0xFF,0xFF,0xF2,0x00,0x00,0x00,0x00,0x00,0x00,0x0C,0xFF,0xFF,0xFC,0x00,0x00,0x8F,0xFF,
    0xFF,0xF2,0x00,0x00,0x00,0x00,0x00,0x00,0x0C,0xFF,0xFF,0xFD,0x00,0x00,0x8F,0xFF,0xFF,0xF2,0x00,0x00,0x00,0x00,0x00,0x00,
    0x0C,0xFF,0xFF,0xFC,0x00,0x00,0x6F,0xFF,0xFF,0xF3,0x00,0x00,0x00,0x00,0x00,0x00,0x0D,0xFF,0xFF,0xFB,0x00,0x00,0x5F,0xFF,
    0xFF,0xF6,0x00,0x00,0x00,0x00,0x00,0x00,0x1F,0xFF,0xFF,0xF9,0x00,0x00,0x2F,0xFF,0xFF,0xFA,0x00,0x00,0x00,0x00,0x00,0x00,
    0x4F,0xFF,0xFF,0xF6,0x00,0x00,0x0D,0xFF,0xFF,0xFF,0x10,0x00,0x00,0x00,0x00,0x00,0xAF,0xFF,0xFF,0xF2,0x00,0x00,0x09,0xFF,
    0xFF,0xFF,0xA0,0x00,0x00,0x00,0x00,0x03,0xFF,0xFF,0xFF,0xC0,0x00,0x00,0x02,0xFF,0xFF,0xFF,0xF6,0x00,0x00,0x00,0x00,0x2D,
    0xFF,0xFF,0xFF,0x50,0x00,0x00,0x00,0xAF,0xFF,0xFF,0xFF,0x81,0x00,0x00,0x04,0xDF,0xFF,0xFF,0xFC,0x00,0x00,0x00,0x00,0x2E,
    0xFF,0xFF,0xFF,0xFE,0xA8,0x79,0xDF,0xFF,0xFF,0xFF,0xE3,0x00,0x00,0x00,0x00,0x04,0xFF,0xFF,0xFF,0xFF,0xFF,0xFF,0xFF,0xFF,
    0xFF,0xFF,0x60,0x00,0x00,0x00,0x00,0x00,0x5E,0xFF,0xFF,0xFF,0xFF,0xFF,0xFF,0xFF,0xFF,0xFC,0x00,0x00,0x00,0x00,0x00,0x00,
    0x03,0xDF,0xFF,0xFF,0xFF,0xFF,0xFF,0xFF,0xFF,0xFF,0x80,0x00,0x00,0x00,0x00,0x00,0x00,0x07,0xEF,0xFF,0xFF,0xFF,0xFF,0xFF,
    0xFF,0xFF,0xF7,0x00,0x00,0x00,0x00,0x00,0x00,0x00,0x14,0x9C,0xDE,0xFE,0xC9,0xDF,0xFF,0xFF,0xFF,0x60,0x00,0x00,0x00,0x00,
    0x00,0x00,0x00,0x00,0x00,0x00,0x00,0x2E,0xFF,0xFF,0xFF,0xF5,0x00,0x00,0x00,0x00,0x00,0x00,0x00,0x00,0x00,0x00,0x00,0x04,
    0xFF,0xFF,0xFF,0xFF,0x40,0x00,0x00,0x00,0x00,0x00,0x00,0x00,0x00,0x00,0x00,0x00,0x7F,0xFF,0xFF,0xFF,0xE4,0x00,0x00,0x00,
    0x00,0x00,0x00,0x00,0x00,0x00,0x00,0x00,0x09,0xFF,0xFF,0xFF,0xFE,0x30,0xCF,0xFF,0xFF,0xFF,0xFF,0xFE,0xDB,0x83,0x00,0x00,
    0x00,0x00,0xCF,0xFF,0xFF,0xFF,0xFF,0xFF,0xFF,0xFF,0xC3,0x00,0x00,0x00,0xCF,0xFF,0xFF,0xFF,0xFF,0xFF,0xFF,0xFF,0xFF,0x60,
    0x00,0x00,0xCF,0xFF,0xFF,0xFF,0xFF,0xFF,0xFF,0xFF,0xFF,0xF3,0x00,0x00,0xCF,0xFF,0xFF,0xDB,0xBB,0xCF,0xFF,0xFF,0xFF,0xFB,
    0x00,0x00,0xCF,0xFF,0xFF,0x80,0x00,0x01,0xAF,0xFF,0xFF,0xFF,0x10,0x00,0xCF,0xFF,0xFF,0x80,0x00,0x00,0x0B,0xFF,0xFF,0xFF,
    0x40,0x00,0xCF,0xFF,0xFF,0x80,0x00,0x00,0x06,0xFF,0xFF,0xFF,0x60,0x00,0xCF,0xFF,0xFF,0x80,0x00,0x00,0x04,0xFF,0xFF,0xFF,
    0x50,0x00,0xCF,0xFF,0xFF,0x80,0x00,0x00,0x05,0xFF,0xFF,0xFF,0x40,0x00,0xCF,0xFF,0xFF,0x80,0x00,0x00,0x09,0xFF,0xFF,0xFF,
    0x10,0x00,0xCF,0xFF,0xFF,0x80,0x00,0x00,0x3E,0xFF,0xFF,0xF9,0x00,0x00,0xCF,0xFF,0xFF,0x80,0x00,0x05,0xEF,0xFF,0xFF,0xE2,
    0x00,0x00,0xCF,0xFF,0xFF,0xDC,0xCC,0xEF,0xFF,0xFF,0xFF,0x40,0x00,0x00,0xCF,0xFF,0xFF,0xFF,0xFF,0xFF,0xFF,0xFF,0xE4,0x00,
    0x00,0x00,0xCF,0xFF,0xFF,0xFF,0xFF,0xFF,0xFF,0xD8,0x10,0x00,0x00,0x00,0xCF,0xFF,0xFF,0xFF,0xFF,0xFF,0xFF,0xA2,0x00,0x00,
    0x00,0x00,0xCF,0xFF,0xFF,0xFF,0xFF,0xFF,0xFF,0xFE,0x30,0x00,0x00,0x00,0xCF,0xFF,0xFF,0x80,0x16,0xFF,0xFF,0xFF,0xD1,0x00,
    0x00,0x00,0xCF,0xFF,0xFF,0x80,0x00,0x5F,0xFF,0xFF,0xFB,0x00,0x00,0x00,0xCF,0xFF,0xFF,0x80,0x00,0x09,0xFF,0xFF,0xFF,0x60,
    0x00,0x00,0xCF,0xFF,0xFF,0x80,0x00,0x01,0xEF,0xFF,0xFF,0xE1,0x00,0x00,0xCF,0xFF,0xFF,0x80,0x00,0x00,0x6F,0xFF,0xFF,0xFA,
    0x00,0x00,0xCF,0xFF,0xFF,0x80,0x00,0x00,0x0C,0xFF,0xFF,0xFF,0x40,0x00,0xCF,0xFF,0xFF,0x80,0x00,0x00,0x03,0xFF,0xFF,0xFF,
    0xD1,0x00,0xCF,0xFF,0xFF,0x80,0x00,0x00,0x00,0x9F,0xFF,0xFF,0xF8,0x00,0xCF,0xFF,0xFF,0x80,0x00,0x00,0x00,0x1E,0xFF,0xFF,
    0xFF,0x20,0xCF,0xFF,0xFF,0x80,0x00,0x00,0x00,0x07,0xFF,0xFF,0xFF,0xB0,0xCF,0xFF,0xFF,0x80,0x00,0x00,0x00,0x00,0xCF,0xFF,
    0xFF,0xF6,0x00,0x00,0x00,0x37,0xAD,0xEF,0xFE,0xDB,0x85,0x10,0x00,0x00,0x4C,0xFF,0xFF,0xFF,0xFF,0xFF,0xFF,0xC0,0x00,0x08,
    0xFF,0xFF,0xFF,0xFF,0xFF,0xFF,0xFF,0xC0,0x00,0x8F,0xFF,0xFF,0xFF,0xFF,0xFF,0xFF,0xFF,0xC0,0x04,0xFF,0xFF,0xFF,0xFF,0xFF,
    0xFF,0xFF,0xFF,0xC0,0x0A,0xFF,0xFF,0xFF,0xD6,0x21,0x01,0x47,0xCF,0xC0,0x0F,0xFF,0xFF,0xFD,0x10,0x00,0x00,0x00,0x04,0x90,
    0x2F,0xFF,0xFF,0xF7,0x00,0x00,0x00,0x00,0x00,0x00,0x3F,0xFF,0xFF,0xF9,0x00,0x00,0x00,0x00,0x00,0x00,0x2F,0xFF,0xFF,0xFF,
    0x40,0x00,0x00,0x00,0x00,0x00,0x0E,0xFF,0xFF,0xFF,0xF7,0x00,0x00,0x00,0x00,0x00,0x08,0xFF,0xFF,0xFF,0xFF,0xD7,0x10,0x00,
    0x00,0x00,0x01,0xEF,0xFF,0xFF,0xFF,0xFF,0xE9,0x20,0x00,0x00,0x00,0x4F,0xFF,0xFF,0xFF,0xFF,0xFF,0xF8,0x10,0x00,0x00,0x03,
    0xDF,0xFF,0xFF,0xFF,0xFF,0xFF,0xD3,0x00,0x00,0x00,0x19,0xFF,0xFF,0xFF,0xFF,0xFF,0xFE,0x30,0x00,0x00,0x00,0x28,0xEF,0xFF,
    0xFF,0xFF,0xFF,0xD0,0x00,0x00,0x00,0x00,0x16,0xDF,0xFF,0xFF,0xFF,0xF6,0x00,0x00,0x00,0x00,0x00,0x07,0xFF,0xFF,0xFF,0xFB,
    0x00,0x00,0x00,0x00,0x00,0x00,0x5F,0xFF,0xFF,0xFE,0x00,0x00,0x00,0x00,0x00,0x00,0x0B,0xFF,0xFF,0xFF,0x18,0x00,0x00,0x00,
    0x00,0x00,0x0A,0xFF,0xFF,0xFE,0x1F,0xC4,0x00,0x00,0x00,0x00,0x2E,0xFF,0xFF,0xFC,0x1F,0xFF,0xC7,0x31,0x00,0x27,0xEF,0xFF,
    0xFF,0xF8,0x1F,0xFF,0xFF,0xFF,0xFF,0xFF,0xFF,0xFF,0xFF,0xF2,0x1F,0xFF,0xFF,0xFF,0xFF,0xFF,0xFF,0xFF,0xFF,0x70,0x1F,0xFF,
    0xFF,0xFF,0xFF,0xFF,0xFF,0xFF,0xF7,0x00,0x0A,0xFF,0xFF,0xFF,0xFF,0xFF,0xFF,0xFC,0x40,0x00,0x00,0x15,0x9B,0xDE,0xFF,0xED,
    0xA7,0x30,0x00,0x00,0x6F,0xFF,0xFF,0xFF,0xFF,0xFF,0xFF,0xFF,0xFF,0xFF,0xFF,0xD0,0x6F,0xFF,0xFF,0xFF,0xFF,0xFF,0xFF,0xFF,
    0xFF,0xFF,0xFF,0xD0,0x6F,0xFF,0xFF,0xFF,0xFF,0xFF,0xFF,0xFF,0xFF,0xFF,0xFF,0xD0,0x6F,0xFF,0xFF,0xFF,0xFF,0xFF,0xFF,0xFF,
    0xFF,0xFF,0xFF,0xD0,0x6F,0xFF,0xFF,0xFF,0xFF,0xFF,0xFF,0xFF,0xFF,0xFF,0xFF,0xD0,0x12,0x22,0x22,0x22,0x8F,0xFF,0xFF,0xE2,
    0x22,0x22,0x22,0x20,0x00,0x00,0x00,0x00,0x7F,0xFF,0xFF,0xD0,0x00,0x00,0x00,0x00,0x00,0x00,0x00,0x00,0x7F,0xFF,0xFF,0xD0,
    0x00,0x00,0x00,0x00,0x00,0x00,0x00,0x00,0x7F,0xFF,0xFF,0xD0,0x00,0x00,0x00,0x00,0x00,0x00,0x00,0x00,0x7F,0xFF,0xFF,0xD0,
    0x00,0x00,0x00,0x00,0x00,0x00,0x00,0x00,0x7F,0xFF,0xFF,0xD0,0x00,0x00,0x00,0x00,0x00,0x00,0x00,0x00,0x7F,0xFF,0xFF,0xD0,
    0x00,0x00,0x00,0x00,0x00,0x00,0x00,0x00,0x7F,0xFF,0xFF,0xD0,0x00,0x00,0x00,0x00,0x00,0x00,0x00,0x00,0x7F,0xFF,0xFF,0xD0,
    0x00,0x00,0x00,0x00,0x00,0x00,0x00,0x00,0x7F,0xFF,0xFF,0xD0,0x00,0x00,0x00,0x00,0x00,0x00,0x00,0x00,0x7F,0xFF,0xFF,0xD0,
    0x00,0x00,0x00,0x00,0x00,0x00,0x00,0x00,0x7F,0xFF,0xFF,0xD0,0x00,0x00,0x00,0x00,0x00,0x00,0x00,0x00,0x7F,0xFF,0xFF,0xD0,
    0x00,0x00,0x00,0x00,0x00,0x00,0x00,0x00,0x7F,0xFF,0xFF,0xD0,0x00,0x00,0x00,0x00,0x00,0x00,0x00,0x00,0x7F,0xFF,0xFF,0xD0,
    0x00,0x00,0x00,0x00,0x00,0x00,0x00,0x00,0x7F,0xFF,0xFF,0xD0,0x00,0x00,0x00,0x00,0x00,0x00,0x00,0x00,0x7F,0xFF,0xFF,0xD0,
    0x00,0x00,0x00,0x00,0x00,0x00,0x00,0x00,0x7F,0xFF,0xFF,0xD0,0x00,0x00,0x00,0x00,0x00,0x00,0x00,0x00,0x7F,0xFF,0xFF,0xD0,
    0x00,0x00,0x00,0x00,0x00,0x00,0x00,0x00,0x7F,0xFF,0xFF,0xD0,0x00,0x00,0x00,0x00,0x00,0x00,0x00,0x00,0x7F,0xFF,0xFF,0xD0,
    0x00,0x00,0x00,0x00,0x00,0x00,0x00,0x00,0x7F,0xFF,0xFF,0xD0,0x00,0x00,0x00,0x00,0x00,0x00,0x00,0x00,0x7F,0xFF,0xFF,0xD0,
    0x00,0x00,0x00,0x00,0x00,0x00,0x00,0x00,0x7F,0xFF,0xFF,0xD0,0x00,0x00,0x00,0x00,0x2F,0xFF,0xFF,0xF3,0x00,0x00,0x00,0x00,
    0x04,0xFF,0xFF,0xFF,0x00,0x2F,0xFF,0xFF,0xF3,0x00,0x00,0x00,0x00,0x04,0xFF,0xFF,0xFF,0x00,0x2F,0xFF,0xFF,0xF3,0x00,0x00,
    0x00,0x00,0x04,0xFF,0xFF,0xFF,0x00,0x2F,0xFF,0xFF,0xF3,0x00,0x00,0x00,0x00,0x04,0xFF,0xFF,0xFF,0x00,0x2F,0xFF,0xFF,0xF3,
    0x00,0x00,0x00,0x00,0x04,0xFF,0xFF,0xFF,0x00,0x2F,0xFF,0xFF,0xF3,0x00,0x00,0x00,0x00,0x04,0xFF,0xFF,0xFF,0x00,0x2F,0xFF,
    0xFF,0xF3,0x00,0x00,0x00,0x00,0x04,0xFF,0xFF,0xFF,0x00,0x2F,0xFF,0xFF,0xF3,0x00,0x00,0x00,0x00,0x04,0xFF,0xFF,0xFF,0x00,
    0x2F,0xFF,0xFF,0xF3,0x00,0x00,0x00,0x00,0x04,0xFF,0xFF,0xFF,0x00,0x2F,0xFF,0xFF,0xF3,0x00,0x00,0x00,0x00,0x04,0xFF,0xFF,
    0xFF,0x00,0x2F,0xFF,0xFF,0xF3,0x00,0x00,0x00,0x00,0x04,0xFF,0xFF,0xFF,0x00,0x2F,0xFF,0xFF,0xF3,0x00,0x00,0x00,0x00,0x04,
    0xFF,0xFF,0xFF,0x00,0x2F,0xFF,0xFF,0xF3,0x00,0x00,0x00,0x00,0x04,0xFF,0xFF,0xFF,0x00,0x2F,0xFF,0xFF,0xF3,0x00,0x00,0x00,
    0x00,0x04,0xFF,0xFF,0xFF,0x00,0x2F,0xFF,0xFF,0xF3,0x00,0x00,0x00,0x00,0x04,0xFF,0xFF,0xFF,0x00,0x2F,0xFF,0xFF,0xF3,0x00,
    0x00,0x00,0x00,0x04,0xFF,0xFF,0xFF,0x00,0x2F,0xFF,0xFF,0xF3,0x00,0x00,0x00,0x00,0x04,0xFF,0xFF,0xFF,0x00,0x1F,0xFF,0xFF,
    0xF4,0x00,0x00,0x00,0x00,0x05,0xFF,0xFF,0xFE,0x00,0x0F,0xFF,0xFF,0xF5,0x00,0x00,0x00,0x00,0x06,0xFF,0xFF,0xFD,0x00,0x0E,
    0xFF,0xFF,0xF8,0x00,0x00,0x00,0x00,0x08,0xFF,0xFF,0xFC,0x00,0x0B,0xFF,0xFF,0xFD,0x00,0x00,0x00,0x00,0x0D,0xFF,0xFF,0xF9,
    0x00,0x08,0xFF,0xFF,0xFF,0x50,0x00,0x00,0x00,0x5F,0xFF,0xFF,0xF5,0x00,0x03,0xFF,0xFF,0xFF,0xE5,0x00,0x00,0x04,0xEF,0xFF,
    0xFF,0xE1,0x00,0x00,0xCF,0xFF,0xFF,0xFF,0xC8,0x78,0xCF,0xFF,0xFF,0xFF,0x90,0x00,0x00,0x4F,0xFF,0xFF,0xFF,0xFF,0xFF,0xFF,
    0xFF,0xFF,0xFE,0x10,0x00,0x00,0x08,0xFF,0xFF,0xFF,0xFF,0xFF,0xFF,0xFF,0xFF,0xF4,0x00,0x00,0x00,0x00,0x8F,0xFF,0xFF,0xFF,
    0xFF,0xFF,0xFF,0xFE,0x50,0x00,0x00,0x00,0x00,0x05,0xCF,0xFF,0xFF,0xFF,0xFF,0xFF,0xA2,0x00,0x00,0x00,0x00,0x00,0x00,0x04,
    0x8B,0xDE,0xFE,0xDA,0x72,0x00,0x00,0x00,0x00,0xAF,0xFF,0xFF,0xF2,0x00,0x00,0x00,0x00,0x00,0x03,0xFF,0xFF,0xFF,0x50,0x5F,
    0xFF,0xFF,0xF7,0x00,0x00,0x00,0x00,0x00,0x07,0xFF,0xFF,0xFF,0x10,0x0E,0xFF,0xFF,0xFB,0x00,0x00,0x00,0x00,0x00,0x0C,0xFF,
    0xFF,0xFA,0x00,0x0A,0xFF,0xFF,0xFF,0x10,0x00,0x00,0x00,0x00,0x1F,0xFF,0xFF,0xF5,0x00,0x05,0xFF,0xFF,0xFF,0x50,0x00,0x00,
    0x00,0x00,0x5F,0xFF,0xFF,0xF1,0x00,0x01,0xEF,0xFF,0xFF,0x90,0x00,0x00,0x00,0x00,0xAF,0xFF,0xFF,0xB0,0x00,0x00,0xAF,0xFF,
    0xFF,0xD0,0x00,0x00,0x00,0x00,0xEF,0xFF,0xFF,0x60,0x00,0x00,0x5F,0xFF,0xFF,0xF3,0x00,0x00,0x00,0x03,0xFF,0xFF,0xFF,0x10,
    0x00,0x00,0x1E,0xFF,0xFF,0xF7,0x00,0x00,0x00,0x08,0xFF,0xFF,0xFB,0x00,0x00,0x00,0x0A,0xFF,0xFF,0xFB,0x00,0x00,0x00,0x0C,
    0xFF,0xFF,0xF6,0x00,0x00,0x00,0x05,0xFF,0xFF,0xFF,0x10,0x00,0x00,0x1F,0xFF,0xFF,0xF1,0x00,0x00,0x00,0x01,0xFF,0xFF,0xFF,
    0x50,0x00,0x00,0x6F,0xFF,0xFF,0xB0,0x00,0x00,0x00,0x00,0xAF,0xFF,0xFF,0x90,0x00,0x00,0xAF,0xFF,0xFF,0x60,0x00,0x00,0x00,
    0x00,0x5F,0xFF,0xFF,0xE0,0x00,0x00,0xEF,0xFF,0xFF,0x10,0x00,0x00,0x00,0x00,0x1F,0xFF,0xFF,0xF3,0x00,0x04,0xFF,0xFF,0xFB,
    0x00,0x00,0x00,0x00,0x00,0x0B,0xFF,0xFF,0xF7,0x00,0x08,0xFF,0xFF,0xF6,0x00,0x00,0x00,0x00,0x00,0x06,0xFF,0xFF,0xFC,0x00,
    0x0D,0xFF,0xFF,0xF1,0x00,0x00,0x00,0x00,0x00,0x01,0xFF,0xFF,0xFF,0x10,0x2F,0xFF,0xFF,0xB0,0x00,0x00,0x00,0x00,0x00,0x00,
    0xBF,0xFF,0xFF,0x50,0x6F,0xFF,0xFF,0x60,0x00,0x00,0x00,0x00,0x00,0x00,0x6F,0xFF,0xFF,0xA0,0xBF,0xFF,0xFF,0x10,0x00,0x00,
    0x00,0x00,0x00,0x00,0x1F,0xFF,0xFF,0xE0,0xEF,0xFF,0xFB,0x00,0x00,0x00,0x00,0x00,0x00,0x00,0x0B,0xFF,0xFF,0xF6,0xFF,0xFF,
    0xF6,0x00,0x00,0x00,0x00,0x00,0x00,0x00,0x06,0xFF,0xFF,0xFB,0xFF,0xFF,0xF1,0x00,0x00,0x00,0x00,0x00,0x00,0x00,0x01,0xFF,
    0xFF,0xFF,0xFF,0xFF,0xB0,0x00,0x00,0x00,0x00,0x00,0x00,0x00,0x00,0xBF,0xFF,0xFF,0xFF,0xFF,0x60,0x00,0x00,0x00,0x00,0x00,
    0x00,0x00,0x00,0x6F,0xFF,0xFF,0xFF,0xFF,0x10,0x00,0x00,0x00,0x00,0x00,0x00,0x00,0x00,0x1F,0xFF,0xFF,0xFF,0xFB,0x00,0x00,
    0x00,0x00,0x00,0x00,0x00,0x00,0x00,0x0B,0xFF,0xFF,0xFF,0xF6,0x00,0x00,0x00,0x00,0x00,0x00,0x00,0x00,0x00,0x06,0xFF,0xFF,
    0xFF,0xF1,0x00,0x00,0x00,0x00,0x00,0x8F,0xFF,0xFF,0xF5,0x00,0x00,0x00,0x00,0x0C,0xFF,0xFF,0xFF,0x30,0x00,0x00,0x00,0x09,
    0xFF,0xFF,0xFB,0x4F,0xFF,0xFF,0xF8,0x00,0x00,0x00,0x00,0x1F,0xFF,0xFF,0xFF,0x60,0x00,0x00,0x00,0x0C,0xFF,0xFF,0xF7,0x1F,
    0xFF,0xFF,0xFB,0x00,0x00,0x00,0x00,0x5F,0xFF,0xFF,0xFF,0xA0,0x00,0x00,0x00,0x0F,0xFF,0xFF,0xF3,0x0B,0xFF,0xFF,0xFE,0x00,
    0x00,0x00,0x00,0x9F,0xFF,0xFF,0xFF,0xE0,0x00,0x00,0x00,0x3F,0xFF,0xFF,0xE0,0x08,0xFF,0xFF,0xFF,0x30,0x00,0x00,0x00,0xDF,
    0xFF,0xFF,0xFF,0xF2,0x00,0x00,0x00,0x6F,0xFF,0xFF,0xA0,0x04,0xFF,0xFF,0xFF,0x60,0x00,0x00,0x02,0xFF,0xFF,0xFF,0xFF,0xF6,
    0x00,0x00,0x00,0x9F,0xFF,0xFF,0x70,0x00,0xEF,0xFF,0xFF,0x90,0x00,0x00,0x06,0xFF,0xFF,0xFF,0xFF,0xF9,0x00,0x00,0x00,0xCF,
    0xFF,0xFF,0x30,0x00,0xBF,0xFF,0xFF,0xC0,0x00,0x00,0x0A,0xFF,0xFF,0xDF,0xFF,0xFD,0x00,0x00,0x00,0xFF,0xFF,0xFE,0x00,0x00,
    0x7F,0xFF,0xFF,0xF0,0x00,0x00,0x0E,0xFF,0xFF,0xAF,0xFF,0xFF,0x10,0x00,0x03,0xFF,0xFF,0xFA,0x00,0x00,0x3F,0xFF,0xFF,0xF3,
    0x00,0x00,0x3F,0xFF,0xFE,0x6F,0xFF,0xFF,0x50,0x00,0x06,0xFF,0xFF,0xF6,0x00,0x00,0x0E,0xFF,0xFF,0xF6,0x00,0x00,0x7F,0xFF,
    0xFB,0x3F,0xFF,0xFF,0x80,0x00,0x09,0xFF,0xFF,0xF2,0x00,0x00,0x0B,0xFF,0xFF,0xF9,0x00,0x00,0xBF,0xFF,0xF7,0x0E,0xFF,0xFF,
    0xC0,0x00,0x0C,0xFF,0xFF,0xE0,0x00,0x00,0x07,0xFF,0xFF,0xFC,0x00,0x00,0xEF,0xFF,0xF3,0x0A,0xFF,0xFF,0xF1,0x00,0x1F,0xFF,
    0xFF,0xA0,0x00,0x00,0x03,0xFF,0xFF,0xFF,0x00,0x04,0xFF,0xFF,0xE0,0x06,0xFF,0xFF,0xF4,0x00,0x3F,0xFF,0xFF,0x60,0x00,0x00,
    0x00,0xEF,0xFF,0xFF,0x30,0x08,0xFF,0xFF,0xB0,0x03,0xFF,0xFF,0xF7,0x00,0x6F,0xFF,0xFF,0x20,0x00,0x00,0x00,0xBF,0xFF,0xFF,
    0x60,0x0C,0xFF,0xFF,0x70,0x00,0xEF,0xFF,0xFB,0x00,0x9F,0xFF,0xFD,0x00,0x00,0x00,0x00,0x7F,0xFF,0xFF,0x90,0x1F,0xFF,0xFF,
    0x30,0x00,0xAF,0xFF,0xFE,0x00,0xCF,0xFF,0xF9,0x00,0x00,0x00,0x00,0x3F,0xFF,0xFF,0xC0,0x4F,0xFF,0xFE,0x00,0x00,0x6F,0xFF,
    0xFF,0x31,0xFF,0xFF,0xF6,0x00,0x00,0x00,0x00,0x0E,0xFF,0xFF,0xF1,0x8F,0xFF,0xFA,0x00,0x00,0x3F,0xFF,0xFF,0x73,0xFF,0xFF,
    0xF2,0x00,0x00,0x00,0x00,0x0A,0xFF,0xFF,0xF3,0xCF,0xFF,0xF6,0x00,0x00,0x0E,0xFF,0xFF,0xA6,0xFF,0xFF,0xD0,0x00,0x00,0x00,
    0x00,0x07,0xFF,0xFF,0xF6,0xFF,0xFF,0xF3,0x00,0x00,0x0A,0xFF,0xFF,0xD8,0xFF,0xFF,0x90,0x00,0x00,0x00,0x00,0x03,0xFF,0xFF,
    0xFA,0xFF,0xFF,0xE0,0x00,0x00,0x06,0xFF,0xFF,0xFA,0xFF,0xFF,0x50,0x00,0x00,0x00,0x00,0x00,0xEF,0xFF,0xFD,0xFF,0xFF,0xA0,
    0x00,0x00,0x03,0xFF,0xFF,0xFE,0xFF,0xFF,0x10,0x00,0x00,0x00,0x00,0x00,0xAF,0xFF,0xFF,0xFF,0xFF,0x60,0x00,0x00,0x00,0xEF,
    0xFF,0xFF,0xFF,0xFD,0x00,0x00,0x00,0x00,0x00,0x00,0x6F,0xFF,0xFF,0xFF,0xFF,0x20,0x00,0x00,0x00,0xAF,0xFF,0xFF,0xFF,0xF9,
    0x00,0x00,0x00,0x00,0x00,0x00,0x3F,0xFF,0xFF,0xFF,0xFD,0x00,0x00,0x00,0x00,0x6F,0xFF,0xFF,0xFF,0xF5,0x00,0x00,0x00,0x00,
    0x00,0x00,0x0E,0xFF,0xFF,0xFF,0xFA,0x00,0x00,0x00,0x00,0x3F,0xFF,0xFF,0xFF,0xF1,0x00,0x00,0x00,0x00,0x00,0x00,0x0A,0xFF,
    0xFF,0xFF,0xF6,0x00,0x00,0x00,0x00,0x0E,0xFF,0xFF,0xFF,0xC0,0x00,0x00,0x00,0x00,0x00,0x00,0x06,0xFF,0xFF,0xFF,0xF2,0x00,
    0x00,0x00,0x00,0x0A,0xFF,0xFF,0xFF,0x80,0x00,0x00,0x00,0x0C,0xFF,0xFF,0xFF,0xC0,0x00,0x00,0x00,0x00,0x7F,0xFF,0xFF,0xF8,
    0x00,0x04,0xFF,0xFF,0xFF,0xF4,0x00,0x00,0x00,0x01,0xEF,0xFF,0xFF,0xE1,0x00,0x00,0xBF,0xFF,0xFF,0xFB,0x00,0x00,0x00,0x07,
    0xFF,0xFF,0xFF,0x60,0x00,0x00,0x3F,0xFF,0xFF,0xFF,0x30,0x00,0x00,0x1E,0xFF,0xFF,0xFC,0x00,0x00,0x00,0x09,0xFF,0xFF,0xFF,
    0x90,0x00,0x00,0x8F,0xFF,0xFF,0xF3,0x00,0x00,0x00,0x01,0xEF,0xFF,0xFF,0xF2,0x00,0x01,0xEF,0xFF,0xFF,0x90,0x00,0x00,0x00,
    0x00,0x7F,0xFF,0xFF,0xF8,0x00,0x08,0xFF,0xFF,0xFE,0x10,0x00,0x00,0x00,0x00,0x0D,0xFF,0xFF,0xFE,0x10,0x2E,0xFF,0xFF,0xF7,
    0x00,0x00,0x00,0x00,0x00,0x05,0xFF,0xFF,0xFF,0x70,0x9F,0xFF,0xFF,0xD0,0x00,0x00,0x00,0x00,0x00,0x00,0xCF,0xFF,0xFF,0xD1,
    0xEF,0xFF,0xFF,0x40,0x00,0x00,0x00,0x00,0x00,0x00,0x3F,0xFF,0xFF,0xF8,0xFF,0xFF,0xFB,0x00,0x00,0x00,0x00,0x00,0x00,0x00,
    0x0A,0xFF,0xFF,0xFF,0xFF,0xFF,0xF2,0x00,0x00,0x00,0x00,0x00,0x00,0x00,0x02,0xEF,0xFF,0xFF,0xFF,0xFF,0x80,0x00,0x00,0x00,
    0x00,0x00,0x00,0x00,0x00,0x8F,0xFF,0xFF,0xFF,0xFE,0x10,0x00,0x00,0x00,0x00,0x00,0x00,0x00,0x00,0x2F,0xFF,0xFF,0xFF,0xF9,
    0x00,0x00,0x00,0x00,0x00,0x00,0x00,0x00,0x00,0x9F,0xFF,0xFF,0xFF,0xFF,0x20,0x00,0x00,0x00,0x00,0x00,0x00,0x00,0x03,0xFF,
    0xFF,0xFF,0xFF,0xFF,0xA0,0x00,0x00,0x00,0x00,0x00,0x00,0x00,0x0C,0xFF,0xFF,0xFE,0xFF,0xFF,0xF4,0x00,0x00,0x00,0x00,0x00,
    0x00,0x00,0x6F,0xFF,0xFF,0xD9,0xFF,0xFF,0xFD,0x00,0x00,0x00,0x00,0x00,0x00,0x01,0xEF,0xFF,0xFF,0x84,0xFF,0xFF,0xFF,0x70,
    0x00,0x00,0x00,0x00,0x00,0x0A,0xFF,0xFF,0xFE,0x10,0xBF,0xFF,0xFF,0xE2,0x00,0x00,0x00,0x00,0x00,0x4F,0xFF,0xFF,0xF8,0x00,
    0x4F,0xFF,0xFF,0xFA,0x00,0x00,0x00,0x00,0x00,0xDF,0xFF,0xFF,0xE1,0x00,0x0B,0xFF,0xFF,0xFF,0x40,0x00,0x00,0x00,0x07,0xFF,
    0xFF,0xFF,0x70,0x00,0x03,0xFF,0xFF,0xFF,0xC0,0x00,0x00,0x00,0x2F,0xFF,0xFF,0xFE,0x10,0x00,0x00,0xBF,0xFF,0xFF,0xF6,0x00,
    0x00,0x00,0xBF,0xFF,0xFF,0xF7,0x00,0x00,0x00,0x3F,0xFF,0xFF,0xFE,0x10,0x00,0x05,0xFF,0xFF,0xFF,0xD1,0x00,0x00,0x00,0x0A,
    0xFF,0xFF,0xFF,0x90,0x00,0x1D,0xFF,0xFF,0xFF,0x60,0x00,0x00,0x00,0x03,0xFF,0xFF,0xFF,0xF3,0x00,0x9F,0xFF,0xFF,0xFD,0x00,
    0x00,0x00,0x00,0x00,0xAF,0xFF,0xFF,0xFC,0x00,0xCF,0xFF,0xFF,0xF6,0x00,0x00,0x00,0x00,0x09,0xFF,0xFF,0xFF,0x10,0x4F,0xFF,
    0xFF,0xFC,0x00,0x00,0x00,0x00,0x1E,0xFF,0xFF,0xF9,0x00,0x0C,0xFF,0xFF,0xFF,0x40,0x00,0x00,0x00,0x6F,0xFF,0xFF,0xF2,0x00,
    0x05,0xFF,0xFF,0xFF,0xA0,0x00,0x00,0x00,0xCF,0xFF,0xFF,0x90,0x00,0x00,0xDF,0xFF,0xFF,0xF1,0x00,0x00,0x04,0xFF,0xFF,0xFF,
    0x20,0x00,0x00,0x6F,0xFF,0xFF,0xF7,0x00,0x00,0x0A,0xFF,0xFF,0xF9,0x00,0x00,0x00,0x0E,0xFF,0xFF,0xFD,0x00,0x00,0x2F,0xFF,
    0xFF,0xF2,0x00,0x00,0x00,0x07,0xFF,0xFF,0xFF,0x50,0x00,0x8F,0xFF,0xFF,0xA0,0x00,0x00,0x00,0x01,0xEF,0xFF,0xFF,0xB0,0x00,
    0xEF,0xFF,0xFF,0x30,0x00,0x00,0x00,0x00,0x8F,0xFF,0xFF,0xF3,0x05,0xFF,0xFF,0xFA,0x00,0x00,0x00,0x00,0x00,0x1E,0xFF,0xFF,
    0xF9,0x0C,0xFF,0xFF,0xF3,0x00,0x00,0x00,0x00,0x00,0x09,0xFF,0xFF,0xFE,0x2F,0xFF,0xFF,0xB0,0x00,0x00,0x00,0x00,0x00,0x02,
    0xFF,0xFF,0xFF,0x9F,0xFF,0xFF,0x30,0x00,0x00,0x00,0x00,0x00,0x00,0x9F,0xFF,0xFF,0xFF,0xFF,0xFB,0x00,0x00,0x00,0x00,0x00,
    0x00,0x00,0x2F,0xFF,0xFF,0xFF,0xFF,0xF4,0x00,0x00,0x00,0x00,0x00,0x00,0x00,0x0A,0xFF,0xFF,0xFF,0xFF,0xB0,0x00,0x00,0x00,
    0x00,0x00,0x00,0x00,0x03,0xFF,0xFF,0xFF,0xFF,0x40,0x00,0x00,0x00,0x00,0x00,0x00,0x00,0x00,0xBF,0xFF,0xFF,0xFC,0x00,0x00,
    0x00,0x00,0x00,0x00,0x00,0x00,0x00,0x4F,0xFF,0xFF,0xF5,0x00,0x00,0x00,0x00,0x00,0x00,0x00,0x00,0x00,0x2F,0xFF,0xFF,0xF3,
    0x00,0x00,0x00,0x00,0x00,0x00,0x00,0x00,0x00,0x2F,0xFF,0xFF,0xF3,0x00,0x00,0x00,0x00,0x00,0x00,0x00,0x00,0x00,0x2F,0xFF,
    0xFF,0xF3,0x00,0x00,0x00,0x00,0x00,0x00,0x00,0x00,0x00,0x2F,0xFF,0xFF,0xF3,0x00,0x00,0x00,0x00,0x00,0x00,0x00,0x00,0x00,
    0x2F,0xFF,0xFF,0xF3,0x00,0x00,0x00,0x00,0x00,0x00,0x00,0x00,0x00,0x2F,0xFF,0xFF,0xF3,0x00,0x00,0x00,0x00,0x00,0x00,0x00,
    0x00,0x00,0x2F,0xFF,0xFF,0xF3,0x00,0x00,0x00,0x00,0x00,0x00,0x00,0x00,0x00,0x2F,0xFF,0xFF,0xF3,0x00,0x00,0x00,0x00,0x00,
    0x00,0x00,0x00,0x00,0x2F,0xFF,0xFF,0xF3,0x00,0x00,0x00,0x00,0x00,0x00,0x00,0x00,0x00,0x2F,0xFF,0xFF,0xF3,0x00,0x00,0x00,
    0x00,0x00,0x02,0xFF,0xFF,0xFF,0xFF,0xFF,0xFF,0xFF,0xFF,0xFF,0xFF,0xF5,0x02,0xFF,0xFF,0xFF,0xFF,0xFF,0xFF,0xFF,0xFF,0xFF,
    0xFF,0xF5,0x02,0xFF,0xFF,0xFF,0xFF,0xFF,0xFF,0xFF,0xFF,0xFF,0xFF,0xF5,0x02,0xFF,0xFF,0xFF,0xFF,0xFF,0xFF,0xFF,0xFF,0xFF,
    0xFF,0xF4,0x02,0xFF,0xFF,0xFF,0xFF,0xFF,0xFF,0xFF,0xFF,0xFF,0xFF,0xA0,0x00,0x22,0x22,0x22,0x22,0x22,0x22,0x4F,0xFF,0xFF,
    0xFD,0x10,0x00,0x00,0x00,0x00,0x00,0x00,0x00,0xCF,0xFF,0xFF,0xF4,0x00,0x00,0x00,0x00,0x00,0x00,0x00,0x08,0xFF,0xFF,0xFF,
    0x90,0x00,0x00,0x00,0x00,0x00,0x00,0x00,0x4F,0xFF,0xFF,0xFD,0x10,0x00,0x00,0x00,0x00,0x00,0x00,0x01,0xDF,0xFF,0xFF,0xF3,
    0x00,0x00,0x00,0x00,0x00,0x00,0x00,0x0A,0xFF,0xFF,0xFF,0x80,0x00,0x00,0x00,0x00,0x00,0x00,0x00,0x5F,0xFF,0xFF,0xFC,0x00,
    0x00,0x00,0x00,0x00,0x00,0x00,0x02,0xEF,0xFF,0xFF,0xF3,0x00,0x00,0x00,0x00,0x00,0x00,0x00,0x0C,0xFF,0xFF,0xFF,0x70,0x00,
    0x00,0x00,0x00,0x00,0x00,0x00,0x7F,0xFF,0xFF,0xFB,0x00,0x00,0x00,0x00,0x00,0x00,0x00,0x03,0xFF,0xFF,0xFF,0xE2,0x00,0x00,
    0x00,0x00,0x00,0x00,0x00,0x1D,0xFF,0xFF,0xFF,0x60,0x00,0x00,0x00,0x00,0x00,0x00,0x00,0x9F,0xFF,0xFF,0xFA,0x00,0x00,0x00,
    0x00,0x00,0x00,0x00,0x05,0xFF,0xFF,0xFF,0xE1,0x00,0x00,0x00,0x00,0x00,0x00,0x00,0x2E,0xFF,0xFF,0xFF,0x50,0x00,0x00,0x00,
    0x00,0x00,0x00,0x00,0xBF,0xFF,0xFF,0xF9,0x00,0x00,0x00,0x00,0x00,0x00,0x00,0x07,0xFF,0xFF,0xFF,0xD1,0x00,0x00,0x00,0x00,
    0x00,0x00,0x00,0x3F,0xFF,0xFF,0xFF,0x40,0x00,0x00,0x00,0x00,0x00,0x00,0x01,0xDF,0xFF,0xFF,0xFA,0x22,0x22,0x22,0x22,0x22,
    0x22,0x21,0x09,0xFF,0xFF,0xFF,0xFF,0xFF,0xFF,0xFF,0xFF,0xFF,0xFF,0xF5,0x2F,0xFF,0xFF,0xFF,0xFF,0xFF,0xFF,0xFF,0xFF,0xFF,
    0xFF,0xF5,0x3F,0xFF,0xFF,0xFF,0xFF,0xFF,0xFF,0xFF,0xFF,0xFF,0xFF,0xF5,0x3F,0xFF,0xFF,0xFF,0xFF,0xFF,0xFF,0xFF,0xFF,0xFF,
    0xFF,0xF5,0x3F,0xFF,0xFF,0xFF,0xFF,0xFF,0xFF,0xFF,0xFF,0xFF,0xFF,0xF5,0xCF,0xFF,0xFF,0xFF,0xF6,0xCF,0xFF,0xFF,0xFF,0xF6,
    0xCF,0xFF,0xFF,0xFF,0xF6,0xCF,0xFF,0xFE,0xEE,0xE6,0xCF,0xFF,0xF5,0x00,0x00,0xCF,0xFF,0xF5,0x00,0x00,0xCF,0xFF,0xF5,0x00,
    0x00,0xCF,0xFF,0xF5,0x00,0x00,0xCF,0xFF,0xF5,0x00,0x00,0xCF,0xFF,0xF5,0x00,0x00,0xCF,0xFF,0xF5,0x00,0x00,0xCF,0xFF,0xF5,
    0x00,0x00,0xCF,0xFF,0xF5,0x00,0x00,0xCF,0xFF,0xF5,0x00,0x00,0xCF,0xFF,0xF5,0x00,0x00,0xCF,0xFF,0xF5,0x00,0x00,0xCF,0xFF,
    0xF5,0x00,0x00,0xCF,0xFF,0xF5,0x00,0x00,0xCF,0xFF,0xF5,0x00,0x00,0xCF,0xFF,0xF5,0x00,0x00,0xCF,0xFF,0xF5,0x00,0x00,0xCF,
    0xFF,0xF5,0x00,0x00,0xCF,0xFF,0xF5,0x00,0x00,0xCF,0xFF,0xF5,0x00,0x00,0xCF,0xFF,0xF5,0x00,0x00,0xCF,0xFF,0xF5,0x00,0x00,
    0xCF,0xFF,0xF5,0x00,0x00,0xCF,0xFF,0xF5,0x00,0x00,0xCF,0xFF,0xF5,0x00,0x00,0xCF,0xFF,0xF5,0x00,0x00,0xCF,0xFF,0xF5,0x00,
    0x00,0xCF,0xFF,0xFF,0xFF,0xF6,0xCF,0xFF,0xFF,0xFF,0xF6,0xCF,0xFF,0xFF,0xFF,0xF6,0xBE,0xEE,0xEE,0xEE,0xE6,0xCF,0xFF,0xFA,
    0x00,0x00,0x00,0x00,0x00,0x00,0x00,0x6F,0xFF,0xFF,0x20,0x00,0x00,0x00,0x00,0x00,0x00,0x1E,0xFF,0xFF,0x70,0x00,0x00,0x00,
    0x00,0x00,0x00,0x09,0xFF,0xFF,0xD0,0x00,0x00,0x00,0x00,0x00,0x00,0x03,0xFF,0xFF,0xF4,0x00,0x00,0x00,0x00,0x00,0x00,0x00,
    0xCF,0xFF,0xFA,0x00,0x00,0x00,0x00,0x00,0x00,0x00,0x6F,0xFF,0xFF,0x20,0x00,0x00,0x00,0x00,0x00,0x00,0x1E,0xFF,0xFF,0x80,
    0x00,0x00,0x00,0x00,0x00,0x00,0x09,0xFF,0xFF,0xD0,0x00,0x00,0x00,0x00,0x00,0x00,0x02,0xFF,0xFF,0xF5,0x00,0x00,0x00,0x00,
    0x00,0x00,0x00,0xBF,0xFF,0xFB,0x00,0x00,0x00,0x00,0x00,0x00,0x00,0x5F,0xFF,0xFF,0x20,0x00,0x00,0x00,0x00,0x00,0x00,0x0E,
    0xFF,0xFF,0x80,0x00,0x00,0x00,0x00,0x00,0x00,0x08,0xFF,0xFF,0xE0,0x00,0x00,0x00,0x00,0x00,0x00,0x02,0xFF,0xFF,0xF5,0x00,
    0x00,0x00,0x00,0x00,0x00,0x00,0xBF,0xFF,0xFB,0x00,0x00,0x00,0x00,0x00,0x00,0x00,0x5F,0xFF,0xFF,0x20,0x00,0x00,0x00,0x00,
    0x00,0x00,0x0E,0xFF,0xFF,0x80,0x00,0x00,0x00,0x00,0x00,0x00,0x08,0xFF,0xFF,0xE0,0x00,0x00,0x00,0x00,0x00,0x00,0x02,0xFF,
    0xFF,0xF5,0x00,0x00,0x00,0x00,0x00,0x00,0x00,0xBF,0xFF,0xFB,0x00,0x00,0x00,0x00,0x00,0x00,0x00,0x5F,0xFF,0xFF,0x20,0x00,
    0x00,0x00,0x00,0x00,0x00,0x0D,0xFF,0xFF,0x80,0x00,0x00,0x00,0x00,0x00,0x00,0x08,0xFF,0xFF,0xE0,0x00,0x00,0x00,0x00,0x00,
    0x00,0x02,0xFF,0xFF,0xF5,0x00,0x00,0x00,0x00,0x00,0x00,0x00,0xBF,0xFF,0xFB,0x00,0x00,0x00,0x00,0x00,0x00,0x00,0x4F,0xFF,
    0xFF,0x20,0x00,0x00,0x00,0x00,0x00,0x00,0x0D,0xFF,0xFF,0x80,0x00,0x00,0x00,0x00,0x00,0x00,0x07,0xFF,0xFF,0xE0,0x00,0x00,
    0x00,0x00,0x00,0x00,0x02,0xFF,0xFF,0xF5,0x00,0x00,0x00,0x00,0x00,0x00,0x00,0xAF,0xFF,0xFB,0x00,0x00,0x00,0x00,0x00,0x00,
    0x00,0x4F,0xFF,0xFF,0x20,0x00,0x00,0x00,0x00,0x00,0x00,0x0D,0xFF,0xFF,0x80,0x9F,0xFF,0xFF,0xFF,0xF8,0x9F,0xFF,0xFF,0xFF,
    0xF8,0x9F,0xFF,0xFF,0xFF,0xF8,0x9E,0xEE,0xEF,0xFF,0xF8,0x00,0x00,0x8F,0xFF,0xF8,0x00,0x00,0x8F,0xFF,0xF8,0x00,0x00,0x8F,
    0xFF,0xF8,0x00,0x00,0x8F,0xFF,0xF8,0x00,0x00,0x8F,0xFF,0xF8,0x00,0x00,0x8F,0xFF,0xF8,0x00,0x00,0x8F,0xFF,0xF8,0x00,0x00,
    0x8F,0xFF,0xF8,0x00,0x00,0x8F,0xFF,0xF8,0x00,0x00,0x8F,0xFF,0xF8,0x00,0x00,0x8F,0xFF,0xF8,0x00,0x00,0x8F,0xFF,0xF8,0x00,
    0x00,0x8F,0xFF,0xF8,0x00,0x00,0x8F,0xFF,0xF8,0x00,0x00,0x8F,0xFF,0xF8,0x00,0x00,0x8F,0xFF,0xF8,0x00,0x00,0x8F,0xFF,0xF8,
    0x00,0x00,0x8F,0xFF,0xF8,0x00,0x00,0x8F,0xFF,0xF8,0x00,0x00,0x8F,0xFF,0xF8,0x00,0x00,0x8F,0xFF,0xF8,0x00,0x00,0x8F,0xFF,
    0xF8,0x00,0x00,0x8F,0xFF,0xF8,0x00,0x00,0x8F,0xFF,0xF8,0x00,0x00,0x8F,0xFF,0xF8,0x00,0x00,0x8F,0xFF,0xF8,0x00,0x00,0x8F,
    0xFF,0xF8,0x9F,0xFF,0xFF,0xFF,0xF8,0x9F,0xFF,0xFF,0xFF,0xF8,0x9F,0xFF,0xFF,0xFF,0xF8,0x9E,0xEE,0xEE,0xEE,0xE8,0x00,0x00,
    0x00,0x00,0xDF,0xFC,0x00,0x00,0x00,0x00,0x00,0x00,0x00,0x00,0x06,0xFF,0xFF,0x50,0x00,0x00,0x00,0x00,0x00,0x00,0x00,0x0D,
    0xFF,0xFF,0xC0,0x00,0x00,0x00,0x00,0x00,0x00,0x00,0x6F,0xFF,0xFF,0xF5,0x00,0x00,0x00,0x00,0x00,0x00,0x00,0xDF,0xFF,0xFF,
    0xFD,0x00,0x00,0x00,0x00,0x00,0x00,0x05,0xFF,0xFB,0xBF,0xFF,0x60,0x00,0x00,0x00,0x00,0x00,0x0D,0xFF,0xF5,0x4F,0xFF,0xD0,
    0x00,0x00,0x00,0x00,0x00,0x5F,0xFF,0xD0,0x0C,0xFF,0xF7,0x00,0x00,0x00,0x00,0x00,0xCF,0xFF,0x60,0x05,0xFF,0xFE,0x10,0x00,
    0x00,0x00,0x05,0xFF,0xFE,0x10,0x00,0xDF,0xFF,0x70,0x00,0x00,0x00,0x0C,0xFF,0xF8,0x00,0x00,0x6F,0xFF,0xE1,0x00,0x00,0x00,
    0x5F,0xFF,0xF2,0x00,0x00,0x0D,0xFF,0xF8,0x00,0x00,0x00,0xCF,0xFF,0xA0,0x00,0x00,0x07,0xFF,0xFE,0x10,0x00,0x05,0xFF,0xFF,
    0x30,0x00,0x00,0x01,0xEF,0xFF,0x80,0x00,0x0C,0xFF,0xFC,0x00,0x00,0x00,0x00,0x8F,0xFF,0xF2,0x00,0x4F,0xFF,0xF5,0x00,0x00,
    0x00,0x00,0x1E,0xFF,0xF9,0x00,0xCF,0xFF,0xD0,0x00,0x00,0x00,0x00,0x09,0xFF,0xFF,0x20,0xFF,0xFF,0xFF,0xFF,0xFF,0xFF,0xFF,
    0xFF,0x90,0xFF,0xFF,0xFF,0xFF,0xFF,0xFF,0xFF,0xFF,0x90,0x55,0x55,0x55,0x55,0x55,0x55,0x55,0x55,0x30,0x6F,0xFF,0xFD,0x10,
    0x00,0x00,0x06,0xFF,0xFF,0xC1,0x00,0x00,0x00,0x6F,0xFF,0xFA,0x00,0x00,0x00,0x05,0xFF,0xFF,0x80,0x00,0x00,0x00,0x5F,0xFF,
    0xF6,0x00,0x00,0x00,0x05,0xFF,0xFF,0x40,0x00,0x00,0x37,0xAD,0xEF,0xED,0xA6,0x10,0x00,0x00,0x00,0x8E,0xFF,0xFF,0xFF,0xFF,
    0xFF,0xE6,0x00,0x00,0x00,0xEF,0xFF,0xFF,0xFF,0xFF,0xFF,0xFF,0x60,0x00,0x00,0xEF,0xFF,0xFF,0xFF,0xFF,0xFF,0xFF,0xF2,0x00,
    0x00,0xEF,0xEA,0x74,0x34,0x7D,0xFF,0xFF,0xF9,0x00,0x00,0xB5,0x00,0x00,0x00,0x01,0xEF,0xFF,0xFD,0x00,0x00,0x00,0x00,0x00,
    0x00,0x00,0xAF,0xFF,0xFF,0x10,0x00,0x00,0x00,0x35,0x79,0xBD,0xFF,0xFF,0xFF,0x30,0x00,0x04,0xAE,0xFF,0xFF,0xFF,0xFF,0xFF,
    0xFF,0x30,0x01,0xBF,0xFF,0xFF,0xFF,0xFF,0xFF,0xFF,0xFF,0x40,0x0B,0xFF,0xFF,0xFF,0xFE,0xCA,0xCF,0xFF,0xFF,0x40,0x5F,0xFF,
    0xFF,0xD5,0x10,0x00,0x8F,0xFF,0xFF,0x40,0xAF,0xFF,0xFF,0x10,0x00,0x00,0xAF,0xFF,0xFF,0x40,0xDF,0xFF,0xFD,0x00,0x00,0x01,
    0xEF,0xFF,0xFF,0x40,0xDF,0xFF,0xFF,0x30,0x00,0x0A,0xFF,0xFF,0xFF,0x40,0xBF,0xFF,0xFF,0xE8,0x67,0xDF,0xFF,0xFF,0xFF,0x40,
    0x7F,0xFF,0xFF,0xFF,0xFF,0xFF,0xEF,0xFF,0xFF,0x40,0x1D,0xFF,0xFF,0xFF,0xFF,0xFA,0x9F,0xFF,0xFF,0x40,0x03,0xDF,0xFF,0xFF,
    0xFF,0xA1,0x9F,0xFF,0xFF,0x40,0x00,0x17,0xCE,0xFD,0xA4,0x00,0x9F,0xFF,0xFF,0x40,0x6F,0xFF,0xFF,0xC0,0x00,0x00,0x00,0x00,
    0x00,0x00,0x00,0x6F,0xFF,0xFF,0xC0,0x00,0x00,0x00,0x00,0x00,0x00,0x00,0x6F,0xFF,0xFF,0xC0,0x00,0x00,0x00,0x00,0x00,0x00,
    0x00,0x6F,0xFF,0xFF,0xC0,0x00,0x00,0x00,0x00,0x00,0x00,0x00,0x6F,0xFF,0xFF,0xC0,0x00,0x00,0x00,0x00,0x00,0x00,0x00,0x6F,
    0xFF,0xFF,0xC0,0x00,0x00,0x00,0x00,0x00,0x00,0x00,0x6F,0xFF,0xFF,0xC0,0x00,0x00,0x00,0x00,0x00,0x00,0x00,0x6F,0xFF,0xFF,
    0xC0,0x00,0x00,0x00,0x00,0x00,0x00,0x00,0x6F,0xFF,0xFF,0xC0,0x00,0x00,0x00,0x00,0x00,0x00,0x00,0x6F,0xFF,0xFF,0xC0,0x00,
    0x00,0x00,0x00,0x00,0x00,0x00,0x6F,0xFF,0xFF,0xC0,0x01,0x7C,0xEF,0xDB,0x71,0x00,0x00,0x6F,0xFF,0xFF,0xC0,0x5E,0xFF,0xFF,
    0xFF,0xFE,0x40,0x00,0x6F,0xFF,0xFF,0xC5,0xFF,0xFF,0xFF,0xFF,0xFF,0xF4,0x00,0x6F,0xFF,0xFF,0xDE,0xFF,0xFF,0xFF,0xFF,0xFF,
    0xFD,0x10,0x6F,0xFF,0xFF,0xFF,0xFE,0xCC,0xEF,0xFF,0xFF,0xFF,0x70,0x6F,0xFF,0xFF,0xFF,0x81,0x00,0x18,0xFF,0xFF,0xFF,0xD0,
    0x6F,0xFF,0xFF,0xF8,0x00,0x00,0x00,0xAF,0xFF,0xFF,0xF1,0x6F,0xFF,0xFF,0xE1,0x00,0x00,0x00,0x3F,0xFF,0xFF,0xF4,0x6F,0xFF,
    0xFF,0xB0,0x00,0x00,0x00,0x0F,0xFF,0xFF,0xF5,0x6F,0xFF,0xFF,0xA0,0x00,0x00,0x00,0x0E,0xFF,0xFF,0xF6,0x6F,0xFF,0xFF,0xA0,
    0x00,0x00,0x00,0x0F,0xFF,0xFF,0xF5,0x6F,0xFF,0xFF,0xA0,0x00,0x00,0x00,0x2F,0xFF,0xFF,0xF4,0x6F,0xFF,0xFF,0xD0,0x00,0x00,
    0x00,0x6F,0xFF,0xFF,0xF1,0x6F,0xFF,0xFF,0xF5,0x00,0x00,0x01,0xDF,0xFF,0xFF,0xD0,0x6F,0xFF,0xFF,0xFE,0x50,0x00,0x2C,0xFF,
    0xFF,0xFF,0x70,0x6F,0xFF,0xFF,0xFF,0xFD,0xBC,0xFF,0xFF,0xFF,0xFE,0x10,0x6F,0xFF,0xFF,0xFF,0xFF,0xFF,0xFF,0xFF,0xFF,0xF6,
    0x00,0x6F,0xFF,0xFF,0xCC,0xFF,0xFF,0xFF,0xFF,0xFF,0x80,0x00,0x6F,0xFF,0xFF,0xC2,0xCF,0xFF,0xFF,0xFF,0xE7,0x00,0x00,0x6F,
    0xFF,0xFF,0xC0,0x06,0xBE,0xFE,0xB7,0x10,0x00,0x00,0x00,0x00,0x00,0x16,0xAD,0xEF,0xFE,0xC9,0x30,0x00,0x00,0x19,0xFF,0xFF,
    0xFF,0xFF,0xFF,0xB0,0x00,0x03,0xDF,0xFF,0xFF,0xFF,0xFF,0xFF,0xB0,0x00,0x3E,0xFF,0xFF,0xFF,0xFF,0xFF,0xFF,0xB0,0x01,0xDF,
    0xFF,0xFF,0xFF,0xEC,0xBC,0xFF,0xB0,0x08,0xFF,0xFF,0xFF,0xD5,0x00,0x00,0x15,0x90,0x0E,0xFF,0xFF,0xFD,0x10,0x00,0x00,0x00,
    0x00,0x3F,0xFF,0xFF,0xF4,0x00,0x00,0x00,0x00,0x00,0x6F,0xFF,0xFF,0xD0,0x00,0x00,0x00,0x00,0x00,0x8F,0xFF,0xFF,0xB0,0x00,
    0x00,0x00,0x00,0x00,0x9F,0xFF,0xFF,0xB0,0x00,0x00,0x00,0x00,0x00,0x8F,0xFF,0xFF,0xD0,0x00,0x00,0x00,0x00,0x00,0x6F,0xFF,
    0xFF,0xF3,0x00,0x00,0x00,0x00,0x00,0x2F,0xFF,0xFF,0xFC,0x10,0x00,0x00,0x00,0x00,0x0B,0xFF,0xFF,0xFF,0xC4,0x00,0x00,0x16,
    0x90,0x03,0xFF,0xFF,0xFF,0xFF,0xEC,0xBD,0xFF,0xB0,0x00,0x7F,0xFF,0xFF,0xFF,0xFF,0xFF,0xFF,0xB0,0x00,0x08,0xFF,0xFF,0xFF,
    0xFF,0xFF,0xFF,0xB0,0x00,0x00,0x4D,0xFF,0xFF,0xFF,0xFF,0xFF,0xB0,0x00,0x00,0x00,0x49,0xCE,0xFF,0xEC,0x95,0x00,0x00,0x00,
    0x00,0x00,0x00,0x00,0x00,0x0F,0xFF,0xFF,0xF3,0x00,0x00,0x00,0x00,0x00,0x00,0x00,0x0F,0xFF,0xFF,0xF3,0x00,0x00,0x00,0x00,
    0x00,0x00,0x00,0x0F,0xFF,0xFF,0xF3,0x00,0x00,0x00,0x00,0x00,0x00,0x00,0x0F,0xFF,0xFF,0xF3,0x00,0x00,0x00,0x00,0x00,0x00,
    0x00,0x0F,0xFF,0xFF,0xF3,0x00,0x00,0x00,0x00,0x00,0x00,0x00,0x0F,0xFF,0xFF,0xF3,0x00,0x00,0x00,0x00,0x00,0x00,0x00,0x0F,
    0xFF,0xFF,0xF3,0x00,0x00,0x00,0x00,0x00,0x00,0x00,0x0F,0xFF,0xFF,0xF3,0x00,0x00,0x00,0x00,0x00,0x00,0x00,0x0F,0xFF,0xFF,
    0xF3,0x00,0x00,0x00,0x00,0x00,0x00,0x00,0x0F,0xFF,0xFF,0xF3,0x00,0x00,0x02,0x7C,0xEF,0xEB,0x60,0x0F,0xFF,0xFF,0xF3,0x00,
    0x00,0x8F,0xFF,0xFF,0xFF,0xFC,0x1F,0xFF,0xFF,0xF3,0x00,0x0A,0xFF,0xFF,0xFF,0xFF,0xFF,0xBF,0xFF,0xFF,0xF3,0x00,0x8F,0xFF,
    0xFF,0xFF,0xFF,0xFF,0xFF,0xFF,0xFF,0xF3,0x03,0xFF,0xFF,0xFF,0xFE,0xCC,0xEF,0xFF,0xFF,0xFF,0xF3,0x0A,0xFF,0xFF,0xFF,0x91,
    0x00,0x18,0xFF,0xFF,0xFF,0xF3,0x1F,0xFF,0xFF,0xFA,0x00,0x00,0x00,0x9F,0xFF,0xFF,0xF3,0x4F,0xFF,0xFF,0xF2,0x00,0x00,0x00,
    0x2F,0xFF,0xFF,0xF3,0x7F,0xFF,0xFF,0xD0,0x00,0x00,0x00,0x0E,0xFF,0xFF,0xF3,0x8F,0xFF,0xFF,0xB0,0x00,0x00,0x00,0x0D,0xFF,
    0xFF,0xF3,0x9F,0xFF,0xFF,0xA0,0x00,0x00,0x00,0x0E,0xFF,0xFF,0xF3,0x8F,0xFF,0xFF,0xC0,0x00,0x00,0x00,0x0F,0xFF,0xFF,0xF3,
    0x7F,0xFF,0xFF,0xE1,0x00,0x00,0x00,0x4F,0xFF,0xFF,0xF3,0x4F,0xFF,0xFF,0xF7,0x00,0x00,0x00,0xCF,0xFF,0xFF,0xF3,0x1E,0xFF,
    0xFF,0xFF,0x60,0x00,0x1B,0xFF,0xFF,0xFF,0xF3,0x09,0xFF,0xFF,0xFF,0xFE,0xCC,0xFF,0xFF,0xFF,0xFF,0xF3,0x01,0xEF,0xFF,0xFF,
    0xFF,0xFF,0xFF,0xEF,0xFF,0xFF,0xF3,0x00,0x4F,0xFF,0xFF,0xFF,0xFF,0xFF,0x5F,0xFF,0xFF,0xF3,0x00,0x04,0xDF,0xFF,0xFF,0xFF,
    0xE5,0x0F,0xFF,0xFF,0xF3,0x00,0x00,0x06,0xBD,0xFE,0xC7,0x20,0x0F,0xFF,0xFF,0xF3,0x00,0x00,0x00,0x49,0xCE,0xFE,0xC9,0x40,
    0x00,0x00,0x00,0x00,0x3C,0xFF,0xFF,0xFF,0xFF,0xFB,0x20,0x00,0x00,0x06,0xFF,0xFF,0xFF,0xFF,0xFF,0xFF,0xE3,0x00,0x00,0x5F,
    0xFF,0xFF,0xFF,0xFF,0xFF,0xFF,0xFD,0x10,0x02,0xEF,0xFF,0xFF,0xB4,0x35,0xCF,0xFF,0xFF,0x80,0x09,0xFF,0xFF,0xFA,0x00,0x00,
    0x0C,0xFF,0xFF,0xE0,0x0E,0xFF,0xFF,0xE1,0x00,0x00,0x06,0xFF,0xFF,0xF3,0x4F,0xFF,0xFF,0x90,0x00,0x00,0x03,0xFF,0xFF,0xF6,
    0x7F,0xFF,0xFF,0xFF,0xFF,0xFF,0xFF,0xFF,0xFF,0xF8,0x8F,0xFF,0xFF,0xFF,0xFF,0xFF,0xFF,0xFF,0xFF,0xF8,0x9F,0xFF,0xFF,0xFF,
    0xFF,0xFF,0xFF,0xFF,0xFF,0xF8,0x8F,0xFF,0xFF,0xEC,0xCC,0xCC,0xCC,0xCC,0xCC,0xC7,0x6F,0xFF,0xFF,0xA0,0x00,0x00,0x00,0x00,
    0x00,0x00,0x2F,0xFF,0xFF,0xE1,0x00,0x00,0x00,0x00,0x00,0x00,0x0D,0xFF,0xFF,0xFC,0x20,0x00,0x00,0x00,0x59,0x00,0x05,0xFF,
    0xFF,0xFF,0xFA,0x76,0x67,0xAE,0xFC,0x00,0x00,0xAF,0xFF,0xFF,0xFF,0xFF,0xFF,0xFF,0xFC,0x00,0x00,0x1B,0xFF,0xFF,0xFF,0xFF,
    0xFF,0xFF,0xFC,0x00,0x00,0x00,0x7E,0xFF,0xFF,0xFF,0xFF,0xFF,0xF8,0x00,0x00,0x00,0x01,0x6A,0xDE,0xFE,0xEC,0xA6,0x10,0x00,
    0x00,0x00,0x00,0x00,0x39,0xCE,0xFF,0xE8,0x00,0x00,0x00,0x1A,0xFF,0xFF,0xFF,0xFA,0x00,0x00,0x01,0xDF,0xFF,0xFF,0xFF,0xFA,
    0x00,0x00,0x0A,0xFF,0xFF,0xFF,0xFF,0xFA,0x00,0x00,0x3F,0xFF,0xFF,0xFF,0xDB,0xC9,0x00,0x00,0x8F,0xFF,0xFF,0xF5,0x00,0x00,
    0x00,0x00,0xAF,0xFF,0xFF,0xA0,0x00,0x00,0x00,0x00,0xBF,0xFF,0xFF,0x70,0x00,0x00,0x00,0x00,0xCF,0xFF,0xFF,0x60,0x00,0x00,
    0x00,0x00,0xCF,0xFF,0xFF,0x60,0x00,0x00,0x2F,0xFF,0xFF,0xFF,0xFF,0xFF,0xFF,0xF0,0x2F,0xFF,0xFF,0xFF,0xFF,0xFF,0xFF,0xF0,
    0x2F,0xFF,0xFF,0xFF,0xFF,0xFF,0xFF,0xF0,0x2F,0xFF,0xFF,0xFF,0xFF,0xFF,0xFF,0xF0,0x18,0x88,0xDF,0xFF,0xFF,0xB8,0x88,0x80,
    0x00,0x00,0xCF,0xFF,0xFF,0x60,0x00,0x00,0x00,0x00,0xCF,0xFF,0xFF,0x60,0x00,0x00,0x00,0x00,0xCF,0xFF,0xFF,0x60,0x00,0x00,
    0x00,0x00,0xCF,0xFF,0xFF,0x60,0x00,0x00,0x00,0x00,0xCF,0xFF,0xFF,0x60,0x00,0x00,0x00,0x00,0xCF,0xFF,0xFF,0x60,0x00,0x00,
    0x00,0x00,0xCF,0xFF,0xFF,0x60,0x00,0x00,0x00,0x00,0xCF,0xFF,0xFF,0x60,0x00,0x00,0x00,0x00,0xCF,0xFF,0xFF,0x60,0x00,0x00,
    0x00,0x00,0xCF,0xFF,0xFF,0x60,0x00,0x00,0x00,0x00,0xCF,0xFF,0xFF,0x60,0x00,0x00,0x00,0x00,0xCF,0xFF,0xFF,0x60,0x00,0x00,
    0x00,0x00,0xCF,0xFF,0xFF,0x60,0x00,0x00,0x00,0x00,0xCF,0xFF,0xFF,0x60,0x00,0x00,0x00,0x00,0xCF,0xFF,0xFF,0x60,0x00,0x00,
    0x00,0x00,0x02,0x7C,0xEF,0xDB,0x50,0x0F,0xFF,0xFF,0xF3,0x00,0x00,0x8F,0xFF,0xFF,0xFF,0xFB,0x1F,0xFF,0xFF,0xF3,0x00,0x0A,
    0xFF,0xFF,0xFF,0xFF,0xFF,0xAF,0xFF,0xFF,0xF3,0x00,0x8F,0xFF,0xFF,0xFF,0xFF,0xFF,0xFF,0xFF,0xFF,0xF3,0x03,0xFF,0xFF,0xFF,
    0xFF,0xCC,0xEF,0xFF,0xFF,0xFF,0xF3,0x0A,0xFF,0xFF,0xFF,0x91,0x00,0x18,0xFF,0xFF,0xFF,0xF3,0x1F,0xFF,0xFF,0xFA,0x00,0x00,
    0x00,0x9F,0xFF,0xFF,0xF3,0x4F,0xFF,0xFF,0xF2,0x00,0x00,0x00,0x2F,0xFF,0xFF,0xF3,0x7F,0xFF,0xFF,0xD0,0x00,0x00,0x00,0x0E,
    0xFF,0xFF,0xF3,0x8F,0xFF,0xFF,0xB0,0x00,0x00,0x00,0x0D,0xFF,0xFF,0xF3,0x9F,0xFF,0xFF,0xA0,0x00,0x00,0x00,0x0E,0xFF,0xFF,
    0xF3,0x8F,0xFF,0xFF,0xC0,0x00,0x00,0x00,0x0F,0xFF,0xFF,0xF3,0x7F,0xFF,0xFF,0xE1,0x00,0x00,0x00,0x4F,0xFF,0xFF,0xF3,0x4F,
    0xFF,0xFF,0xF7,0x00,0x00,0x00,0xCF,0xFF,0xFF,0xF3,0x1E,0xFF,0xFF,0xFF,0x70,0x00,0x1A,0xFF,0xFF,0xFF,0xF3,0x09,0xFF,0xFF,
    0xFF,0xFE,0xCC,0xFF,0xFF,0xFF,0xFF,0xF3,0x01,0xEF,0xFF,0xFF,0xFF,0xFF,0xFF,0xEF,0xFF,0xFF,0xF3,0x00,0x4F,0xFF,0xFF,0xFF,
    0xFF,0xFF,0x4F,0xFF,0xFF,0xF3,0x00,0x04,0xDF,0xFF,0xFF,0xFF,0xE5,0x0F,0xFF,0xFF,0xF2,0x00,0x00,0x16,0xBD,0xFE,0xC7,0x10,
    0x1F,0xFF,0xFF,0xF1,0x00,0x00,0x00,0x00,0x00,0x00,0x00,0x5F,0xFF,0xFF,0xD0,0x00,0x00,0x00,0x00,0x00,0x00,0x00,0xBF,0xFF,
    0xFF,0x90,0x00,0x00,0x00,0x00,0x00,0x00,0x07,0xFF,0xFF,0xFF,0x50,0x00,0x97,0x20,0x00,0x00,0x02,0x9F,0xFF,0xFF,0xFC,0x00,
    0x00,0xBF,0xFD,0xB9,0x89,0xCF,0xFF,0xFF,0xFF,0xF4,0x00,0x00,0xBF,0xFF,0xFF,0xFF,0xFF,0xFF,0xFF,0xFF,0x60,0x00,0x00,0xBF,
    0xFF,0xFF,0xFF,0xFF,0xFF,0xFF,0xE5,0x00,0x00,0x00,0xBF,0xFF,0xFF,0xFF,0xFF,0xFF,0xF9,0x20,0x00,0x00,0x00,0x15,0x9C,0xEE,
    0xFE,0xDC,0x96,0x10,0x00,0x00,0x00,0x6F,0xFF,0xFF,0xC0,0x00,0x00,0x00,0x00,0x00,0x00,0x6F,0xFF,0xFF,0xC0,0x00,0x00,0x00,
    0x00,0x00,0x00,0x6F,0xFF,0xFF,0xC0,0x00,0x00,0x00,0x00,0x00,0x00,0x6F,0xFF,0xFF,0xC0,0x00,0x00,0x00,0x00,0x00,0x00,0x6F,
    0xFF,0xFF,0xC0,0x00,0x00,0x00,0x00,0x00,0x00,0x6F,0xFF,0xFF,0xC0,0x00,0x00,0x00,0x00,0x00,0x00,0x6F,0xFF,0xFF,0xC0,0x00,
    0x00,0x00,0x00,0x00,0x00,0x6F,0xFF,0xFF,0xC0,0x00,0x00,0x00,0x00,0x00,0x00,0x6F,0xFF,0xFF,0xC0,0x00,0x00,0x00,0x00,0x00,
    0x00,0x6F,0xFF,0xFF,0xC0,0x00,0x00,0x00,0x00,0x00,0x00,0x6F,0xFF,0xFF,0xC0,0x02,0x8C,0xEE,0xD9,0x30,0x00,0x6F,0xFF,0xFF,
    0xC0,0x5E,0xFF,0xFF,0xFF,0xF8,0x00,0x6F,0xFF,0xFF,0xC6,0xFF,0xFF,0xFF,0xFF,0xFF,0x60,0x6F,0xFF,0xFF,0xEF,0xFF,0xFF,0xFF,
    0xFF,0xFF,0xE1,0x6F,0xFF,0xFF,0xFF,0xFD,0xBD,0xFF,0xFF,0xFF,0xF5,0x6F,0xFF,0xFF,0xFE,0x50,0x00,0x7F,0xFF,0xFF,0xF8,0x6F,
    0xFF,0xFF,0xF6,0x00,0x00,0x0C,0xFF,0xFF,0xFB,0x6F,0xFF,0xFF,0xE0,0x00,0x00,0x07,0xFF,0xFF,0xFC,0x6F,0xFF,0xFF,0xC0,0x00,
    0x00,0x06,0xFF,0xFF,0xFC,0x6F,0xFF,0xFF,0xC0,0x00,0x00,0x05,0xFF,0xFF,0xFC,0x6F,0xFF,0xFF,0xC0,0x00,0x00,0x05,0xFF,0xFF,
    0xFC,0x6F,0xFF,0xFF,0xC0,0x00,0x00,0x05,0xFF,0xFF,0xFC,0x6F,0xFF,0xFF,0xC0,0x00,0x00,0x05,0xFF,0xFF,0xFC,0x6F,0xFF,0xFF,
    0xC0,0x00,0x00,0x05,0xFF,0xFF,0xFC,0x6F,0xFF,0xFF,0xC0,0x00,0x00,0x05,0xFF,0xFF,0xFC,0x6F,0xFF,0xFF,0xC0,0x00,0x00,0x05,
    0xFF,0xFF,0xFC,0x6F,0xFF,0xFF,0xC0,0x00,0x00,0x05,0xFF,0xFF,0xFC,0x6F,0xFF,0xFF,0xC0,0x00,0x00,0x05,0xFF,0xFF,0xFC,0x6F,
    0xFF,0xFF,0xC0,0x00,0x00,0x05,0xFF,0xFF,0xFC,0x6F,0xFF,0xFF,0xC0,0x00,0x00,0x05,0xFF,0xFF,0xFC,0x05,0xCE,0xD9,0x10,0x5F,
    0xFF,0xFF,0xC0,0xBF,0xFF,0xFF,0xF3,0xBF,0xFF,0xFF,0xF3,0x5F,0xFF,0xFF,0xC0,0x05,0xCE,0xD9,0x10,0x00,0x00,0x00,0x00,0x00,
    0x00,0x00,0x00,0x00,0x00,0x00,0x00,0x00,0x00,0x00,0x00,0x6F,0xFF,0xFF,0xC0,0x6F,0xFF,0xFF,0xC0,0x6F,0xFF,0xFF,0xC0,0x6F,
    0xFF,0xFF,0xC0,0x6F,0xFF,0xFF,0xC0,0x6F,0xFF,0xFF,0xC0,0x6F,0xFF,0xFF,0xC0,0x6F,0xFF,0xFF,0xC0,0x6F,0xFF,0xFF,0xC0,0x6F,
    0xFF,0xFF,0xC0,0x6F,0xFF,0xFF,0xC0,0x6F,0xFF,0xFF,0xC0,0x6F,0xFF,0xFF,0xC0,0x6F,0xFF,0xFF,0xC0,0x6F,0xFF,0xFF,0xC0,0x6F,
    0xFF,0xFF,0xC0,0x6F,0xFF,0xFF,0xC0,0x6F,0xFF,0xFF,0xC0,0x6F,0xFF,0xFF,0xC0,0x6F,0xFF,0xFF,0xC0,0x00,0x00,0x00,0x5C,0xED,
    0x91,0x00,0x00,0x00,0x05,0xFF,0xFF,0xFC,0x00,0x00,0x00,0x0B,0xFF,0xFF,0xFF,0x30,0x00,0x00,0x0B,0xFF,0xFF,0xFF,0x30,0x00,
    0x00,0x05,0xFF,0xFF,0xFC,0x00,0x00,0x00,0x00,0x5C,0xED,0x91,0x00,0x00,0x00,0x00,0x00,0x00,0x00,0x00,0x00,0x00,0x00,0x00,
    0x00,0x00,0x00,0x00,0x00,0x00,0x00,0x00,0x00,0x00,0x00,0x00,0x00,0x00,0x00,0x00,0x00,0x00,0x00,0x06,0xFF,0xFF,0xFC,0x00,
    0x00,0x00,0x06,0xFF,0xFF,0xFC,0x00,0x00,0x00,0x06,0xFF,0xFF,0xFC,0x00,0x00,0x00,0x06,0xFF,0xFF,0xFC,0x00,0x00,0x00,0x06,
    0xFF,0xFF,0xFC,0x00,0x00,0x00,0x06,0xFF,0xFF,0xFC,0x00,0x00,0x00,0x06,0xFF,0xFF,0xFC,0x00,0x00,0x00,0x06,0xFF,0xFF,0xFC,
    0x00,0x00,0x00,0x06,0xFF,0xFF,0xFC,0x00,0x00,0x00,0x06,0xFF,0xFF,0xFC,0x00,0x00,0x00,0x06,0xFF,0xFF,0xFC,0x00,0x00,0x00,
    0x06,0xFF,0xFF,0xFC,0x00,0x00,0x00,0x06,0xFF,0xFF,0xFC,0x00,0x00,0x00,0x06,0xFF,0xFF,0xFC,0x00,0x00,0x00,0x06,0xFF,0xFF,
    0xFC,0x00,0x00,0x00,0x06,0xFF,0xFF,0xFC,0x00,0x00,0x00,0x06,0xFF,0xFF,0xFC,0x00,0x00,0x00,0x06,0xFF,0xFF,0xFC,0x00,0x00,
    0x00,0x06,0xFF,0xFF,0xFC,0x00,0x00,0x00,0x06,0xFF,0xFF,0xFB,0x00,0x00,0x00,0x07,0xFF,0xFF,0xFA,0x00,0x00,0x00,0x08,0xFF,
    0xFF,0xF9,0x00,0x00,0x00,0x0C,0xFF,0xFF,0xF6,0x00,0x00,0x00,0x7F,0xFF,0xFF,0xF2,0x00,0x8C,0xBD,0xFF,0xFF,0xFF,0xB0,0x00,
    0x9F,0xFF,0xFF,0xFF,0xFF,0x30,0x00,0x9F,0xFF,0xFF,0xFF,0xF7,0x00,0x00,0x9F,0xFF,0xFF,0xFE,0x60,0x00,0x00,0x9F,0xFF,0xEC,
    0x71,0x00,0x00,0x00,0x6F,0xFF,0xFF,0xC0,0x00,0x00,0x00,0x00,0x00,0x00,0x00,0x6F,0xFF,0xFF,0xC0,0x00,0x00,0x00,0x00,0x00,
    0x00,0x00,0x6F,0xFF,0xFF,0xC0,0x00,0x00,0x00,0x00,0x00,0x00,0x00,0x6F,0xFF,0xFF,0xC0,0x00,0x00,0x00,0x00,0x00,0x00,0x00,
    0x6F,0xFF,0xFF,0xC0,0x00,0x00,0x00,0x00,0x00,0x00,0x00,0x6F,0xFF,0xFF,0xC0,0x00,0x00,0x00,0x00,0x00,0x00,0x00,0x6F,0xFF,
    0xFF,0xC0,0x00,0x00,0x00,0x00,0x00,0x00,0x00,0x6F,0xFF,0xFF,0xC0,0x00,0x00,0x00,0x00,0x00,0x00,0x00,0x6F,0xFF,0xFF,0xC0,
    0x00,0x00,0x00,0x00,0x00,0x00,0x00,0x6F,0xFF,0xFF,0xC0,0x00,0x00,0x00,0x00,0x00,0x00,0x00,0x6F,0xFF,0xFF,0xC0,0x00,0x00,
    0x8F,0xFF,0xFF,0xFB,0x00,0x6F,0xFF,0xFF,0xC0,0x00,0x03,0xFF,0xFF,0xFF,0xD1,0x00,0x6F,0xFF,0xFF,0xC0,0x00,0x0C,0xFF,0xFF,
    0xFF,0x40,0x00,0x6F,0xFF,0xFF,0xC0,0x00,0x7F,0xFF,0xFF,0xF7,0x00,0x00,0x6F,0xFF,0xFF,0xC0,0x02,0xEF,0xFF,0xFF,0xA0,0x00,
    0x00,0x6F,0xFF,0xFF,0xC0,0x0B,0xFF,0xFF,0xFD,0x10,0x00,0x00,0x6F,0xFF,0xFF,0xC0,0x6F,0xFF,0xFF,0xF3,0x00,0x00,0x00,0x6F,
    0xFF,0xFF,0xC1,0xEF,0xFF,0xFF,0x60,0x00,0x00,0x00,0x6F,0xFF,0xFF,0xCA,0xFF,0xFF,0xFA,0x00,0x00,0x00,0x00,0x6F,0xFF,0xFF,
    0xEF,0xFF,0xFF,0xF2,0x00,0x00,0x00,0x00,0x6F,0xFF,0xFF,0xCD,0xFF,0xFF,0xFB,0x00,0x00,0x00,0x00,0x6F,0xFF,0xFF,0xC4,0xFF,
    0xFF,0xFF,0x70,0x00,0x00,0x00,0x6F,0xFF,0xFF,0xC0,0x9F,0xFF,0xFF,0xF3,0x00,0x00,0x00,0x6F,0xFF,0xFF,0xC0,0x1D,0xFF,0xFF,
    0xFD,0x10,0x00,0x00,0x6F,0xFF,0xFF,0xC0,0x05,0xFF,0xFF,0xFF,0xA0,0x00,0x00,0x6F,0xFF,0xFF,0xC0,0x00,0xAF,0xFF,0xFF,0xF6,
    0x00,0x00,0x6F,0xFF,0xFF,0xC0,0x00,0x1E,0xFF,0xFF,0xFE,0x20,0x00,0x6F,0xFF,0xFF,0xC0,0x00,0x06,0xFF,0xFF,0xFF,0xC0,0x00,
    0x6F,0xFF,0xFF,0xC0,0x00,0x00,0xBF,0xFF,0xFF,0xF8,0x00,0x6F,0xFF,0xFF,0xC0,0x00,0x00,0x2E,0xFF,0xFF,0xFF,0x40,0x6F,0xFF,
    0xFF,0xC0,0x6F,0xFF,0xFF,0xC0,0x6F,0xFF,0xFF,0xC0,0x6F,0xFF,0xFF,0xC0,0x6F,0xFF,0xFF,0xC0,0x6F,0xFF,0xFF,0xC0,0x6F,0xFF,
    0xFF,0xC0,0x6F,0xFF,0xFF,0xC0,0x6F,0xFF,0xFF,0xC0,0x6F,0xFF,0xFF,0xC0,0x6F,0xFF,0xFF,0xC0,0x6F,0xFF,0xFF,0xC0,0x6F,0xFF,
    0xFF,0xC0,0x6F,0xFF,0xFF,0xC0,0x6F,0xFF,0xFF,0xC0,0x6F,0xFF,0xFF,0xC0,0x6F,0xFF,0xFF,0xC0,0x6F,0xFF,0xFF,0xC0,0x6F,0xFF,
    0xFF,0xC0,0x6F,0xFF,0xFF,0xC0,0x6F,0xFF,0xFF,0xC0,0x6F,0xFF,0xFF,0xC0,0x6F,0xFF,0xFF,0xC0,0x6F,0xFF,0xFF,0xC0,0x6F,0xFF,
    0xFF,0xC0,0x6F,0xFF,0xFF,0xC0,0x6F,0xFF,0xFF,0xC0,0x6F,0xFF,0xFF,0xC0,0x6F,0xFF,0xFF,0xC0,0x6F,0xFF,0xFF,0xC0,0x6F,0xFF,
    0xFF,0xC0,0x01,0x7C,0xEF,0xDA,0x30,0x00,0x00,0x4A,0xDE,0xEC,0x81,0x00,0x00,0x6F,0xFF,0xFF,0xC0,0x3D,0xFF,0xFF,0xFF,0xF7,
    0x00,0x1B,0xFF,0xFF,0xFF,0xFE,0x40,0x00,0x6F,0xFF,0xFF,0xC4,0xFF,0xFF,0xFF,0xFF,0xFF,0x61,0xDF,0xFF,0xFF,0xFF,0xFF,0xE2,
    0x00,0x6F,0xFF,0xFF,0xDE,0xFF,0xFF,0xFF,0xFF,0xFF,0xEB,0xFF,0xFF,0xFF,0xFF,0xFF,0xF9,0x00,0x6F,0xFF,0xFF,0xFF,0xFD,0xBE,
    0xFF,0xFF,0xFF,0xFF,0xFF,0xCC,0xFF,0xFF,0xFF,0xFE,0x00,0x6F,0xFF,0xFF,0xFE,0x40,0x01,0xAF,0xFF,0xFF,0xFF,0xD2,0x00,0x2C,
    0xFF,0xFF,0xFF,0x20,0x6F,0xFF,0xFF,0xF6,0x00,0x00,0x1E,0xFF,0xFF,0xFF,0x40,0x00,0x03,0xFF,0xFF,0xFF,0x40,0x6F,0xFF,0xFF,
    0xF0,0x00,0x00,0x0B,0xFF,0xFF,0xFC,0x00,0x00,0x00,0xEF,0xFF,0xFF,0x50,0x6F,0xFF,0xFF,0xD0,0x00,0x00,0x09,0xFF,0xFF,0xFA,
    0x00,0x00,0x00,0xCF,0xFF,0xFF,0x50,0x6F,0xFF,0xFF,0xC0,0x00,0x00,0x09,0xFF,0xFF,0xF8,0x00,0x00,0x00,0xCF,0xFF,0xFF,0x50,
    0x6F,0xFF,0xFF,0xC0,0x00,0x00,0x09,0xFF,0xFF,0xF8,0x00,0x00,0x00,0xCF,0xFF,0xFF,0x50,0x6F,0xFF,0xFF,0xC0,0x00,0x00,0x09,
    0xFF,0xFF,0xF8,0x00,0x00,0x00,0xCF,0xFF,0xFF,0x50,0x6F,0xFF,0xFF,0xC0,0x00,0x00,0x09,0xFF,0xFF,0xF8,0x00,0x00,0x00,0xCF,
    0xFF,0xFF,0x50,0x6F,0xFF,0xFF,0xC0,0x00,0x00,0x09,0xFF,0xFF,0xF8,0x00,0x00,0x00,0xCF,0xFF,0xFF,0x50,0x6F,0xFF,0xFF,0xC0,
    0x00,0x00,0x09,0xFF,0xFF,0xF8,0x00,0x00,0x00,0xCF,0xFF,0xFF,0x50,0x6F,0xFF,0xFF,0xC0,0x00,0x00,0x09,0xFF,0xFF,0xF8,0x00,
    0x00,0x00,0xCF,0xFF,0xFF,0x50,0x6F,0xFF,0xFF,0xC0,0x00,0x00,0x09,0xFF,0xFF,0xF8,0x00,0x00,0x00,0xCF,0xFF,0xFF,0x50,0x6F,
    0xFF,0xFF,0xC0,0x00,0x00,0x09,0xFF,0xFF,0xF8,0x00,0x00,0x00,0xCF,0xFF,0xFF,0x50,0x6F,0xFF,0xFF,0xC0,0x00,0x00,0x09,0xFF,
    0xFF,0xF8,0x00,0x00,0x00,0xCF,0xFF,0xFF,0x50,0x6F,0xFF,0xFF,0xC0,0x00,0x00,0x09,0xFF,0xFF,0xF8,0x00,0x00,0x00,0xCF,0xFF,
    0xFF,0x50,0x6F,0xFF,0xFF,0xC0,0x01,0x7C,0xEF,0xDA,0x50,0x00,0x6F,0xFF,0xFF,0xC0,0x4E,0xFF,0xFF,0xFF,0xFA,0x00,0x6F,0xFF,
    0xFF,0xC4,0xFF,0xFF,0xFF,0xFF,0xFF,0x90,0x6F,0xFF,0xFF,0xDE,0xFF,0xFF,0xFF,0xFF,0xFF,0xF2,0x6F,0xFF,0xFF,0xFF,0xFD,0xBD,
    0xFF,0xFF,0xFF,0xF7,0x6F,0xFF,0xFF,0xFF,0x50,0x00,0x7F,0xFF,0xFF,0xFA,0x6F,0xFF,0xFF,0xF6,0x00,0x00,0x0B,0xFF,0xFF,0xFC,
    0x6F,0xFF,0xFF,0xE0,0x00,0x00,0x06,0xFF,0xFF,0xFD,0x6F,0xFF,0xFF,0xC0,0x00,0x00,0x04,0xFF,0xFF,0xFE,0x6F,0xFF,0xFF,0xC0,
    0x00,0x00,0x04,0xFF,0xFF,0xFE,0x6F,0xFF,0xFF,0xC0,0x00,0x00,0x04,0xFF,0xFF,0xFE,0x6F,0xFF,0xFF,0xC0,0x00,0x00,0x04,0xFF,
    0xFF,0xFE,0x6F,0xFF,0xFF,0xC0,0x00,0x00,0x04,0xFF,0xFF,0xFE,0x6F,0xFF,0xFF,0xC0,0x00,0x00,0x04,0xFF,0xFF,0xFE,0x6F,0xFF,
    0xFF,0xC0,0x00,0x00,0x04,0xFF,0xFF,0xFE,0x6F,0xFF,0xFF,0xC0,0x00,0x00,0x04,0xFF,0xFF,0xFE,0x6F,0xFF,0xFF,0xC0,0x00,0x00,
    0x04,0xFF,0xFF,0xFE,0x6F,0xFF,0xFF,0xC0,0x00,0x00,0x04,0xFF,0xFF,0xFE,0x6F,0xFF,0xFF,0xC0,0x00,0x00,0x04,0xFF,0xFF,0xFE,
    0x6F,0xFF,0xFF,0xC0,0x00,0x00,0x04,0xFF,0xFF,0xFE,0x00,0x00,0x00,0x37,0xBD,0xEF,0xED,0xA6,0x10,0x00,0x00,0x00,0x00,0x00,
    0x3B,0xFF,0xFF,0xFF,0xFF,0xFF,0xE8,0x10,0x00,0x00,0x00,0x06,0xFF,0xFF,0xFF,0xFF,0xFF,0xFF,0xFF,0xC2,0x00,0x00,0x00,0x5F,
    0xFF,0xFF,0xFF,0xFF,0xFF,0xFF,0xFF,0xFD,0x10,0x00,0x02,0xFF,0xFF,0xFF,0xFF,0xCB,0xDF,0xFF,0xFF,0xFF,0xA0,0x00,0x0A,0xFF,
    0xFF,0xFF,0x91,0x00,0x03,0xCF,0xFF,0xFF,0xF3,0x00,0x1F,0xFF,0xFF,0xF9,0x00,0x00,0x00,0x1E,0xFF,0xFF,0xF8,0x00,0x5F,0xFF,
    0xFF,0xF2,0x00,0x00,0x00,0x09,0xFF,0xFF,0xFC,0x00,0x7F,0xFF,0xFF,0xC0,0x00,0x00,0x00,0x05,0xFF,0xFF,0xFE,0x00,0x8F,0xFF,
    0xFF,0xB0,0x00,0x00,0x00,0x04,0xFF,0xFF,0xFF,0x00,0x8F,0xFF,0xFF,0xA0,0x00,0x00,0x00,0x04,0xFF,0xFF,0xFF,0x00,0x7F,0xFF,
    0xFF,0xC0,0x00,0x00,0x00,0x06,0xFF,0xFF,0xFE,0x00,0x5F,0xFF,0xFF,0xF1,0x00,0x00,0x00,0x09,0xFF,0xFF,0xFB,0x00,0x1F,0xFF,
    0xFF,0xF8,0x00,0x00,0x00,0x2E,0xFF,0xFF,0xF7,0x00,0x0B,0xFF,0xFF,0xFF,0x81,0x00,0x03,0xDF,0xFF,0xFF,0xE1,0x00,0x03,0xFF,
    0xFF,0xFF,0xFF,0xCB,0xDF,0xFF,0xFF,0xFF,0x80,0x00,0x00,0x7F,0xFF,0xFF,0xFF,0xFF,0xFF,0xFF,0xFF,0xFB,0x00,0x00,0x00,0x07,
    0xFF,0xFF,0xFF,0xFF,0xFF,0xFF,0xFF,0xB1,0x00,0x00,0x00,0x00,0x4C,0xFF,0xFF,0xFF,0xFF,0xFF,0xE7,0x00,0x00,0x00,0x00,0x00,
    0x00,0x48,0xCD,0xEF,0xEC,0x95,0x00,0x00,0x00,0x00,0x6F,0xFF,0xFF,0xC0,0x01,0x7C,0xEF,0xDB,0x61,0x00,0x00,0x6F,0xFF,0xFF,
    0xC0,0x5E,0xFF,0xFF,0xFF,0xFD,0x40,0x00,0x6F,0xFF,0xFF,0xC5,0xFF,0xFF,0xFF,0xFF,0xFF,0xE3,0x00,0x6F,0xFF,0xFF,0xDE,0xFF,
    0xFF,0xFF,0xFF,0xFF,0xFD,0x10,0x6F,0xFF,0xFF,0xFF,0xFE,0xCC,0xEF,0xFF,0xFF,0xFF,0x70,0x6F,0xFF,0xFF,0xFF,0x81,0x00,0x07,
    0xFF,0xFF,0xFF,0xD0,0x6F,0xFF,0xFF,0xF8,0x00,0x00,0x00,0x9F,0xFF,0xFF,0xF1,0x6F,0xFF,0xFF,0xE1,0x00,0x00,0x00,0x3F,0xFF,
    0xFF,0xF4,0x6F,0xFF,0xFF,0xB0,0x00,0x00,0x00,0x0F,0xFF,0xFF,0xF5,0x6F,0xFF,0xFF,0xA0,0x00,0x00,0x00,0x0E,0xFF,0xFF,0xF6,
    0x6F,0xFF,0xFF,0xA0,0x00,0x00,0x00,0x0F,0xFF,0xFF,0xF5,0x6F,0xFF,0xFF,0xB0,0x00,0x00,0x00,0x2F,0xFF,0xFF,0xF4,0x6F,0xFF,
    0xFF,0xD0,0x00,0x00,0x00,0x6F,0xFF,0xFF,0xF1,0x6F,0xFF,0xFF,0xF5,0x00,0x00,0x01,0xDF,0xFF,0xFF,0xD0,0x6F,0xFF,0xFF,0xFE,
    0x50,0x00,0x2C,0xFF,0xFF,0xFF,0x70,0x6F,0xFF,0xFF,0xFF,0xFD,0xBC,0xFF,0xFF,0xFF,0xFE,0x10,0x6F,0xFF,0xFF,0xFF,0xFF,0xFF,
    0xFF,0xFF,0xFF,0xF5,0x00,0x6F,0xFF,0xFF,0xCC,0xFF,0xFF,0xFF,0xFF,0xFF,0x80,0x00,0x6F,0xFF,0xFF,0xC2,0xCF,0xFF,0xFF,0xFF,
    0xE6,0x00,0x00,0x6F,0xFF,0xFF,0xC0,0x06,0xBE,0xFD,0xB7,0x10,0x00,0x00,0x6F,0xFF,0xFF,0xC0,0x00,0x00,0x00,0x00,0x00,0x00,
    0x00,0x6F,0xFF,0xFF,0xC0,0x00,0x00,0x00,0x00,0x00,0x00,0x00,0x6F,0xFF,0xFF,0xC0,0x00,0x00,0x00,0x00,0x00,0x00,0x00,0x6F,
    0xFF,0xFF,0xC0,0x00,0x00,0x00,0x00,0x00,0x00,0x00,0x6F,0xFF,0xFF,0xC0,0x00,0x00,0x00,0x00,0x00,0x00,0x00,0x6F,0xFF,0xFF,
    0xC0,0x00,0x00,0x00,0x00,0x00,0x00,0x00,0x6F,0xFF,0xFF,0xC0,0x00,0x00,0x00,0x00,0x00,0x00,0x00,0x6F,0xFF,0xFF,0xC0,0x00,
    0x00,0x00,0x00,0x00,0x00,0x00,0x6F,0xFF,0xFF,0xC0,0x00,0x00,0x00,0x00,0x00,0x00,0x00,0x00,0x00,0x02,0x7C,0xEF,0xDB,0x50,
    0x0F,0xFF,0xFF,0xF3,0x00,0x00,0x8F,0xFF,0xFF,0xFF,0xFB,0x1F,0xFF,0xFF,0xF3,0x00,0x0A,0xFF,0xFF,0xFF,0xFF,0xFF,0xAF,0xFF,
    0xFF,0xF3,0x00,0x8F,0xFF,0xFF,0xFF,0xFF,0xFF,0xFF,0xFF,0xFF,0xF3,0x03,0xFF,0xFF,0xFF,0xFF,0xCC,0xEF,0xFF,0xFF,0xFF,0xF3,
    0x0A,0xFF,0xFF,0xFF,0x91,0x00,0x18,0xFF,0xFF,0xFF,0xF3,0x1F,0xFF,0xFF,0xFA,0x00,0x00,0x00,0x9F,0xFF,0xFF,0xF3,0x4F,0xFF,
    0xFF,0xF2,0x00,0x00,0x00,0x2F,0xFF,0xFF,0xF3,0x7F,0xFF,0xFF,0xD0,0x00,0x00,0x00,0x0E,0xFF,0xFF,0xF3,0x8F,0xFF,0xFF,0xB0,
    0x00,0x00,0x00,0x0D,0xFF,0xFF,0xF3,0x9F,0xFF,0xFF,0xA0,0x00,0x00,0x00,0x0E,0xFF,0xFF,0xF3,0x8F,0xFF,0xFF,0xC0,0x00,0x00,
    0x00,0x0F,0xFF,0xFF,0xF3,0x7F,0xFF,0xFF,0xF1,0x00,0x00,0x00,0x4F,0xFF,0xFF,0xF3,0x4F,0xFF,0xFF,0xF8,0x00,0x00,0x00,0xBF,
    0xFF,0xFF,0xF3,0x1E,0xFF,0xFF,0xFF,0x70,0x00,0x1A,0xFF,0xFF,0xFF,0xF3,0x09,0xFF,0xFF,0xFF,0xFE,0xBC,0xFF,0xFF,0xFF,0xFF,
    0xF3,0x02,0xEF,0xFF,0xFF,0xFF,0xFF,0xFF,0xEF,0xFF,0xFF,0xF3,0x00,0x4F,0xFF,0xFF,0xFF,0xFF,0xFF,0x5F,0xFF,0xFF,0xF3,0x00,
    0x04,0xDF,0xFF,0xFF,0xFF,0xE5,0x0F,0xFF,0xFF,0xF3,0x00,0x00,0x06,0xBD,0xFE,0xC7,0x20,0x0F,0xFF,0xFF,0xF3,0x00,0x00,0x00,
    0x00,0x00,0x00,0x00,0x0F,0xFF,0xFF,0xF3,0x00,0x00,0x00,0x00,0x00,0x00,0x00,0x0F,0xFF,0xFF,0xF3,0x00,0x00,0x00,0x00,0x00,
    0x00,0x00,0x0F,0xFF,0xFF,0xF3,0x00,0x00,0x00,0x00,0x00,0x00,0x00,0x0F,0xFF,0xFF,0xF3,0x00,0x00,0x00,0x00,0x00,0x00,0x00,
    0x0F,0xFF,0xFF,0xF3,0x00,0x00,0x00,0x00,0x00,0x00,0x00,0x0F,0xFF,0xFF,0xF3,0x00,0x00,0x00,0x00,0x00,0x00,0x00,0x0F,0xFF,
    0xFF,0xF3,0x00,0x00,0x00,0x00,0x00,0x00,0x00,0x0F,0xFF,0xFF,0xF3,0x00,0x00,0x00,0x00,0x00,0x00,0x00,0x0F,0xFF,0xFF,0xF3,
    0x6F,0xFF,0xFF,0xC0,0x05,0xBE,0xF8,0x6F,0xFF,0xFF,0xC0,0xAF,0xFF,0xFA,0x6F,0xFF,0xFF,0xC7,0xFF,0xFF,0xFA,0x6F,0xFF,0xFF,
    0xDE,0xFF,0xFF,0xFA,0x6F,0xFF,0xFF,0xFF,0xFF,0xFF,0xFA,0x6F,0xFF,0xFF,0xFF,0xC4,0x11,0x35,0x6F,0xFF,0xFF,0xFD,0x10,0x00,
    0x00,0x6F,0xFF,0xFF,0xF5,0x00,0x00,0x00,0x6F,0xFF,0xFF,0xF0,0x00,0x00,0x00,0x6F,0xFF,0xFF,0xC0,0x00,0x00,0x00,0x6F,0xFF,
    0xFF,0xC0,0x00,0x00,0x00,0x6F,0xFF,0xFF,0xC0,0x00,0x00,0x00,0x6F,0xFF,0xFF,0xC0,0x00,0x00,0x00,0x6F,0xFF,0xFF,0xC0,0x00,
    0x00,0x00,0x6F,0xFF,0xFF,0xC0,0x00,0x00,0x00,0x6F,0xFF,0xFF,0xC0,0x00,0x00,0x00,0x6F,0xFF,0xFF,0xC0,0x00,0x00,0x00,0x6F,
    0xFF,0xFF,0xC0,0x00,0x00,0x00,0x6F,0xFF,0xFF,0xC0,0x00,0x00,0x00,0x6F,0xFF,0xFF,0xC0,0x00,0x00,0x00,0x00,0x00,0x49,0xCE,
    0xFE,0xDC,0x95,0x10,0x00,0x3C,0xFF,0xFF,0xFF,0xFF,0xFF,0x70,0x05,0xFF,0xFF,0xFF,0xFF,0xFF,0xFF,0x70,0x1E,0xFF,0xFF,0xFF,
    0xFF,0xFF,0xFF,0x70,0x7F,0xFF,0xFF,0xE7,0x43,0x58,0xDF,0x70,0xAF,0xFF,0xFF,0x60,0x00,0x00,0x06,0x60,0xAF,0xFF,0xFF,0xB1,
    0x00,0x00,0x00,0x00,0x8F,0xFF,0xFF,0xFD,0x72,0x00,0x00,0x00,0x3F,0xFF,0xFF,0xFF,0xFF,0xC6,0x10,0x00,0x08,0xFF,0xFF,0xFF,
    0xFF,0xFF,0xE6,0x00,0x00,0x6E,0xFF,0xFF,0xFF,0xFF,0xFF,0x80,0x00,0x01,0x6C,0xFF,0xFF,0xFF,0xFF,0xF3,0x00,0x00,0x00,0x27,
    0xDF,0xFF,0xFF,0xF7,0x00,0x00,0x00,0x00,0x0A,0xFF,0xFF,0xF9,0x96,0x00,0x00,0x00,0x06,0xFF,0xFF,0xF8,0xBF,0xE9,0x64,0x34,
    0x8E,0xFF,0xFF,0xF5,0xBF,0xFF,0xFF,0xFF,0xFF,0xFF,0xFF,0xD0,0xBF,0xFF,0xFF,0xFF,0xFF,0xFF,0xFE,0x30,0xBF,0xFF,0xFF,0xFF,
    0xFF,0xFF,0xB2,0x00,0x15,0x9C,0xEF,0xFE,0xDB,0x73,0x00,0x00,0x00,0x00,0x00,0x04,0x8C,0x30,0x00,0x00,0x00,0x00,0x6A,0xEF,
    0xFF,0x30,0x00,0x00,0x00,0x00,0xEF,0xFF,0xFF,0x30,0x00,0x00,0x00,0x00,0xEF,0xFF,0xFF,0x30,0x00,0x00,0x00,0x00,0xEF,0xFF,
    0xFF,0x30,0x00,0x00,0x00,0x00,0xEF,0xFF,0xFF,0x30,0x00,0x00,0x3F,0xFF,0xFF,0xFF,0xFF,0xFF,0xFF,0xA0,0x3F,0xFF,0xFF,0xFF,
    0xFF,0xFF,0xFF,0xA0,0x3F,0xFF,0xFF,0xFF,0xFF,0xFF,0xFF,0xA0,0x3F,0xFF,0xFF,0xFF,0xFF,0xFF,0xFF,0xA0,0x28,0x88,0xFF,0xFF,
    0xFF,0xA8,0x88,0x60,0x00,0x00,0xEF,0xFF,0xFF,0x30,0x00,0x00,0x00,0x00,0xEF,0xFF,0xFF,0x30,0x00,0x00,0x00,0x00,0xEF,0xFF,
    0xFF,0x30,0x00,0x00,0x00,0x00,0xEF,0xFF,0xFF,0x30,0x00,0x00,0x00,0x00,0xEF,0xFF,0xFF,0x30,0x00,0x00,0x00,0x00,0xEF,0xFF,
    0xFF,0x30,0x00,0x00,0x00,0x00,0xEF,0xFF,0xFF,0x30,0x00,0x00,0x00,0x00,0xEF,0xFF,0xFF,0x30,0x00,0x00,0x00,0x00,0xEF,0xFF,
    0xFF,0x60,0x00,0x00,0x00,0x00,0xDF,0xFF,0xFF,0xC1,0x00,0x00,0x00,0x00,0xBF,0xFF,0xFF,0xFE,0xCC,0xA0,0x00,0x00,0x7F,0xFF,
    0xFF,0xFF,0xFF,0xA0,0x00,0x00,0x1D,0xFF,0xFF,0xFF,0xFF,0xA0,0x00,0x00,0x03,0xEF,0xFF,0xFF,0xFF,0xA0,0x00,0x00,0x00,0x17,
    0xCE,0xFF,0xEC,0x70,0xBF,0xFF,0xFF,0x70,0x00,0x00,0x08,0xFF,0xFF,0xF9,0xBF,0xFF,0xFF,0x70,0x00,0x00,0x08,0xFF,0xFF,0xF9,
    0xBF,0xFF,0xFF,0x70,0x00,0x00,0x08,0xFF,0xFF,0xF9,0xBF,0xFF,0xFF,0x70,0x00,0x00,0x08,0xFF,0xFF,0xF9,0xBF,0xFF,0xFF,0x70,
    0x00,0x00,0x08,0xFF,0xFF,0xF9,0xBF,0xFF,0xFF,0x70,0x00,0x00,0x08,0xFF,0xFF,0xF9,0xBF,0xFF,0xFF,0x70,0x00,0x00,0x08,0xFF,
    0xFF,0xF9,0xBF,0xFF,0xFF,0x70,0x00,0x00,0x08,0xFF,0xFF,0xF9,0xBF,0xFF,0xFF,0x70,0x00,0x00,0x08,0xFF,0xFF,0xF9,0xBF,0xFF,
    0xFF,0x70,0x00,0x00,0x08,0xFF,0xFF,0xF9,0xBF,0xFF,0xFF,0x70,0x00,0x00,0x08,0xFF,0xFF,0xF9,0xBF,0xFF,0xFF,0x70,0x00,0x00,
    0x09,0xFF,0xFF,0xF9,0xAF,0xFF,0xFF,0x80,0x00,0x00,0x0B,0xFF,0xFF,0xF9,0x9F,0xFF,0xFF,0xD0,0x00,0x00,0x3F,0xFF,0xFF,0xF9,
    0x7F,0xFF,0xFF,0xF9,0x00,0x02,0xDF,0xFF,0xFF,0xF9,0x3F,0xFF,0xFF,0xFF,0xEB,0xCF,0xFF,0xFF,0xFF,0xF9,0x0D,0xFF,0xFF,0xFF,
    0xFF,0xFF,0xFD,0xFF,0xFF,0xF9,0x04,0xFF,0xFF,0xFF,0xFF,0xFF,0x88,0xFF,0xFF,0xF9,0x00,0x6F,0xFF,0xFF,0xFF,0xF7,0x08,0xFF,
    0xFF,0xF9,0x00,0x02,0x9C,0xEE,0xD9,0x30,0x08,0xFF,0xFF,0xF9,0xBF,0xFF,0xFF,0xC0,0x00,0x00,0x00,0x0E,0xFF,0xFF,0xF7,0x6F,
    0xFF,0xFF,0xF2,0x00,0x00,0x00,0x3F,0xFF,0xFF,0xF1,0x1F,0xFF,0xFF,0xF6,0x00,0x00,0x00,0x8F,0xFF,0xFF,0xB0,0x0A,0xFF,0xFF,
    0xFA,0x00,0x00,0x00,0xCF,0xFF,0xFF,0x50,0x05,0xFF,0xFF,0xFE,0x00,0x00,0x01,0xFF,0xFF,0xFE,0x00,0x00,0xEF,0xFF,0xFF,0x40,
    0x00,0x06,0xFF,0xFF,0xF9,0x00,0x00,0x9F,0xFF,0xFF,0x80,0x00,0x0A,0xFF,0xFF,0xF3,0x00,0x00,0x4F,0xFF,0xFF,0xC0,0x00,0x0E,
    0xFF,0xFF,0xD0,0x00,0x00,0x0D,0xFF,0xFF,0xF1,0x00,0x3F,0xFF,0xFF,0x70,0x00,0x00,0x08,0xFF,0xFF,0xF5,0x00,0x8F,0xFF,0xFF,
    0x20,0x00,0x00,0x03,0xFF,0xFF,0xFA,0x00,0xCF,0xFF,0xFB,0x00,0x00,0x00,0x00,0xDF,0xFF,0xFE,0x01,0xFF,0xFF,0xF5,0x00,0x00,
    0x00,0x00,0x7F,0xFF,0xFF,0x36,0xFF,0xFF,0xE1,0x00,0x00,0x00,0x00,0x2F,0xFF,0xFF,0x79,0xFF,0xFF,0x90,0x00,0x00,0x00,0x00,
    0x0C,0xFF,0xFF,0xAD,0xFF,0xFF,0x40,0x00,0x00,0x00,0x00,0x06,0xFF,0xFF,0xCF,0xFF,0xFD,0x00,0x00,0x00,0x00,0x00,0x01,0xFF,
    0xFF,0xFF,0xFF,0xF8,0x00,0x00,0x00,0x00,0x00,0x00,0xBF,0xFF,0xFF,0xFF,0xF2,0x00,0x00,0x00,0x00,0x00,0x00,0x5F,0xFF,0xFF,
    0xFF,0xB0,0x00,0x00,0x00,0x00,0x00,0x00,0x1E,0xFF,0xFF,0xFF,0x60,0x00,0x00,0x00,0x8F,0xFF,0xFF,0xB0,0x00,0x00,0x09,0xFF,
    0xFF,0xF8,0x00,0x00,0x04,0xFF,0xFF,0xF6,0x4F,0xFF,0xFF,0xE0,0x00,0x00,0x0D,0xFF,0xFF,0xFC,0x00,0x00,0x07,0xFF,0xFF,0xF2,
    0x0E,0xFF,0xFF,0xF2,0x00,0x00,0x2F,0xFF,0xFF,0xFF,0x10,0x00,0x0A,0xFF,0xFF,0xD0,0x0B,0xFF,0xFF,0xF5,0x00,0x00,0x6F,0xFF,
    0xFF,0xFF,0x40,0x00,0x0D,0xFF,0xFF,0x80,0x06,0xFF,0xFF,0xF8,0x00,0x00,0xAF,0xFF,0xFF,0xFF,0x70,0x00,0x1F,0xFF,0xFF,0x40,
    0x02,0xFF,0xFF,0xFC,0x00,0x00,0xDF,0xFF,0xFF,0xFF,0xB0,0x00,0x4F,0xFF,0xFE,0x00,0x00,0xDF,0xFF,0xFE,0x00,0x02,0xFF,0xFC,
    0xDF,0xFF,0xE0,0x00,0x7F,0xFF,0xFA,0x00,0x00,0x9F,0xFF,0xFF,0x30,0x06,0xFF,0xFA,0xBF,0xFF,0xF3,0x00,0xAF,0xFF,0xF6,0x00,
    0x00,0x4F,0xFF,0xFF,0x60,0x0A,0xFF,0xF7,0x8F,0xFF,0xF7,0x00,0xDF,0xFF,0xF2,0x00,0x00,0x1F,0xFF,0xFF,0x90,0x0E,0xFF,0xF3,
    0x5F,0xFF,0xFA,0x01,0xFF,0xFF,0xC0,0x00,0x00,0x0B,0xFF,0xFF,0xC0,0x3F,0xFF,0xE0,0x1F,0xFF,0xFE,0x04,0xFF,0xFF,0x80,0x00,
    0x00,0x07,0xFF,0xFF,0xF1,0x7F,0xFF,0xA0,0x0C,0xFF,0xFF,0x27,0xFF,0xFF,0x40,0x00,0x00,0x02,0xFF,0xFF,0xF4,0xBF,0xFF,0x60,
    0x09,0xFF,0xFF,0x6A,0xFF,0xFE,0x00,0x00,0x00,0x00,0xDF,0xFF,0xF7,0xFF,0xFF,0x20,0x05,0xFF,0xFF,0x9C,0xFF,0xFA,0x00,0x00,
    0x00,0x00,0x9F,0xFF,0xFB,0xFF,0xFD,0x00,0x01,0xFF,0xFF,0xBE,0xFF,0xF6,0x00,0x00,0x00,0x00,0x5F,0xFF,0xFE,0xFF,0xF9,0x00,
    0x00,0xCF,0xFF,0xEF,0xFF,0xF1,0x00,0x00,0x00,0x00,0x1F,0xFF,0xFF,0xFF,0xF4,0x00,0x00,0x9F,0xFF,0xFF,0xFF,0xC0,0x00,0x00,
    0x00,0x00,0x0B,0xFF,0xFF,0xFF,0xF1,0x00,0x00,0x5F,0xFF,0xFF,0xFF,0x80,0x00,0x00,0x00,0x00,0x07,0xFF,0xFF,0xFF,0xB0,0x00,
    0x00,0x1F,0xFF,0xFF,0xFF,0x30,0x00,0x00,0x00,0x00,0x03,0xFF,0xFF,0xFF,0x70,0x00,0x00,0x0C,0xFF,0xFF,0xFE,0x00,0x00,0x00,
    0x2F,0xFF,0xFF,0xFE,0x10,0x00,0x00,0x1E,0xFF,0xFF,0xF9,0x07,0xFF,0xFF,0xFF,0x70,0x00,0x00,0x9F,0xFF,0xFF,0xD1,0x00,0xCF,
    0xFF,0xFF,0xE1,0x00,0x02,0xFF,0xFF,0xFF,0x30,0x00,0x3F,0xFF,0xFF,0xF8,0x00,0x09,0xFF,0xFF,0xF8,0x00,0x00,0x09,0xFF,0xFF,
    0xFE,0x10,0x2F,0xFF,0xFF,0xC0,0x00,0x00,0x01,0xDF,0xFF,0xFF,0x80,0xAF,0xFF,0xFF,0x30,0x00,0x00,0x00,0x5F,0xFF,0xFF,0xE3,
    0xFF,0xFF,0xF7,0x00,0x00,0x00,0x00,0x0A,0xFF,0xFF,0xFD,0xFF,0xFF,0xC0,0x00,0x00,0x00,0x00,0x02,0xEF,0xFF,0xFF,0xFF,0xFF,
    0x20,0x00,0x00,0x00,0x00,0x00,0x6F,0xFF,0xFF,0xFF,0xF8,0x00,0x00,0x00,0x00,0x00,0x00,0x6F,0xFF,0xFF,0xFF,0xFC,0x00,0x00,
    0x00,0x00,0x00,0x02,0xEF,0xFF,0xFF,0xFF,0xFF,0x70,0x00,0x00,0x00,0x00,0x0B,0xFF,0xFF,0xFF,0xFF,0xFF,0xE2,0x00,0x00,0x00,
    0x00,0x7F,0xFF,0xFF,0x9A,0xFF,0xFF,0xFB,0x00,0x00,0x00,0x02,0xEF,0xFF,0xFF,0x33,0xFF,0xFF,0xFF,0x60,0x00,0x00,0x0C,0xFF,
    0xFF,0xFA,0x00,0xAF,0xFF,0xFF,0xE1,0x00,0x00,0x7F,0xFF,0xFF,0xF2,0x00,0x2F,0xFF,0xFF,0xFA,0x00,0x03,0xFF,0xFF,0xFF,0x90,
    0x00,0x09,0xFF,0xFF,0xFF,0x40,0x0C,0xFF,0xFF,0xFE,0x10,0x00,0x01,0xEF,0xFF,0xFF,0xD1,0x8F,0xFF,0xFF,0xF8,0x00,0x00,0x00,
    0x8F,0xFF,0xFF,0xF8,0x0D,0xFF,0xFF,0xFE,0x00,0x00,0x00,0x00,0x9F,0xFF,0xFF,0x70,0x07,0xFF,0xFF,0xFF,0x30,0x00,0x00,0x00,
    0xEF,0xFF,0xFF,0x10,0x01,0xFF,0xFF,0xFF,0x80,0x00,0x00,0x04,0xFF,0xFF,0xFA,0x00,0x00,0xAF,0xFF,0xFF,0xD0,0x00,0x00,0x09,
    0xFF,0xFF,0xF5,0x00,0x00,0x3F,0xFF,0xFF,0xF3,0x00,0x00,0x0D,0xFF,0xFF,0xE0,0x00,0x00,0x0C,0xFF,0xFF,0xF7,0x00,0x00,0x3F,
    0xFF,0xFF,0x80,0x00,0x00,0x06,0xFF,0xFF,0xFC,0x00,0x00,0x8F,0xFF,0xFF,0x20,0x00,0x00,0x01,0xEF,0xFF,0xFF,0x20,0x00,0xDF,
    0xFF,0xFC,0x00,0x00,0x00,0x00,0x8F,0xFF,0xFF,0x60,0x02,0xFF,0xFF,0xF6,0x00,0x00,0x00,0x00,0x2F,0xFF,0xFF,0xB0,0x07,0xFF,
    0xFF,0xE1,0x00,0x00,0x00,0x00,0x0B,0xFF,0xFF,0xF1,0x0C,0xFF,0xFF,0xA0,0x00,0x00,0x00,0x00,0x05,0xFF,0xFF,0xF5,0x2F,0xFF,
    0xFF,0x40,0x00,0x00,0x00,0x00,0x00,0xDF,0xFF,0xFA,0x6F,0xFF,0xFD,0x00,0x00,0x00,0x00,0x00,0x00,0x7F,0xFF,0xFD,0xAF,0xFF,
    0xF7,0x00,0x00,0x00,0x00,0x00,0x00,0x1F,0xFF,0xFF,0xEF,0xFF,0xF2,0x00,0x00,0x00,0x00,0x00,0x00,0x0A,0xFF,0xFF,0xFF,0xFF,
    0xB0,0x00,0x00,0x00,0x00,0x00,0x00,0x04,0xFF,0xFF,0xFF,0xFF,0x50,0x00,0x00,0x00,0x00,0x00,0x00,0x00,0xDF,0xFF,0xFF,0xFE,
    0x00,0x00,0x00,0x00,0x00,0x00,0x00,0x00,0x6F,0xFF,0xFF,0xF9,0x00,0x00,0x00,0x00,0x00,0x00,0x00,0x00,0x1F,0xFF,0xFF,0xF3,
    0x00,0x00,0x00,0x00,0x00,0x00,0x00,0x00,0x5F,0xFF,0xFF,0xC0,0x00,0x00,0x00,0x00,0x00,0x00,0x00,0x00,0xBF,0xFF,0xFF,0x60,
    0x00,0x00,0x00,0x00,0x00,0x00,0x00,0x04,0xFF,0xFF,0xFE,0x10,0x00,0x00,0x00,0x00,0x00,0x00,0x00,0x3D,0xFF,0xFF,0xF8,0x00,
    0x00,0x00,0x00,0x00,0x00,0xEC,0xBC,0xFF,0xFF,0xFF,0xE1,0x00,0x00,0x00,0x00,0x00,0x00,0xFF,0xFF,0xFF,0xFF,0xFF,0x40,0x00,
    0x00,0x00,0x00,0x00,0x00,0xFF,0xFF,0xFF,0xFF,0xF6,0x00,0x00,0x00,0x00,0x00,0x00,0x00,0xFF,0xFF,0xFF,0xFE,0x50,0x00,0x00,
    0x00,0x00,0x00,0x00,0x00,0xFF,0xFF,0xEC,0x71,0x00,0x00,0x00,0x00,0x00,0x00,0x00,0x08,0xFF,0xFF,0xFF,0xFF,0xFF,0xFF,0xFF,
    0xFF,0x50,0x08,0xFF,0xFF,0xFF,0xFF,0xFF,0xFF,0xFF,0xFF,0x50,0x08,0xFF,0xFF,0xFF,0xFF,0xFF,0xFF,0xFF,0xFF,0x50,0x08,0xFF,
    0xFF,0xFF,0xFF,0xFF,0xFF,0xFF,0xFE,0x10,0x04,0x88,0x88,0x88,0x88,0xDF,0xFF,0xFF,0xF4,0x00,0x00,0x00,0x00,0x00,0x03,0xFF,
    0xFF,0xFF,0x70,0x00,0x00,0x00,0x00,0x00,0x1D,0xFF,0xFF,0xFB,0x00,0x00,0x00,0x00,0x00,0x00,0xBF,0xFF,0xFF,0xD1,0x00,0x00,
    0x00,0x00,0x00,0x08,0xFF,0xFF,0xFF,0x30,0x00,0x00,0x00,0x00,0x00,0x5F,0xFF,0xFF,0xF6,0x00,0x00,0x00,0x00,0x00,0x02,0xEF,
    0xFF,0xFF,0xA0,0x00,0x00,0x00,0x00,0x00,0x1D,0xFF,0xFF,0xFD,0x10,0x00,0x00,0x00,0x00,0x00,0xAF,0xFF,0xFF,0xE2,0x00,0x00,
    0x00,0x00,0x00,0x07,0xFF,0xFF,0xFF,0x50,0x00,0x00,0x00,0x00,0x00,0x4F,0xFF,0xFF,0xF9,0x00,0x00,0x00,0x00,0x00,0x01,0xEF,
    0xFF,0xFF,0xF9,0x88,0x88,0x88,0x88,0x40,0x0C,0xFF,0xFF,0xFF,0xFF,0xFF,0xFF,0xFF,0xFF,0x70,0x7F,0xFF,0xFF,0xFF,0xFF,0xFF,
    0xFF,0xFF,0xFF,0x70,0x8F,0xFF,0xFF,0xFF,0xFF,0xFF,0xFF,0xFF,0xFF,0x70,0x8F,0xFF,0xFF,0xFF,0xFF,0xFF,0xFF,0xFF,0xFF,0x70,
    0x00,0x00,0x00,0x38,0xBE,0xE3,0x00,0x00,0x1A,0xFF,0xFF,0xF3,0x00,0x00,0xAF,0xFF,0xFF,0xF3,0x00,0x04,0xFF,0xFF,0xFE,0xC2,
    0x00,0x09,0xFF,0xFF,0xD2,0x00,0x00,0x0C,0xFF,0xFF,0x50,0x00,0x00,0x0D,0xFF,0xFF,0x20,0x00,0x00,0x0E,0xFF,0xFF,0x10,0x00,
    0x00,0x0E,0xFF,0xFF,0x10,0x00,0x00,0x0E,0xFF,0xFF,0x10,0x00,0x00,0x0E,0xFF,0xFF,0x10,0x00,0x00,0x0E,0xFF,0xFF,0x10,0x00,
    0x00,0x0F,0xFF,0xFF,0x00,0x00,0x00,0x2F,0xFF,0xFD,0x00,0x00,0x00,0x7F,0xFF,0xF9,0x00,0x00,0x16,0xEF,0xFF,0xF4,0x00,0x00,
    0xEF,0xFF,0xFF,0x90,0x00,0x00,0xEF,0xFF,0xF7,0x00,0x00,0x00,0xEF,0xFF,0xFD,0x30,0x00,0x00,0x9E,0xFF,0xFF,0xD1,0x00,0x00,
    0x01,0xBF,0xFF,0xF7,0x00,0x00,0x00,0x3F,0xFF,0xFC,0x00,0x00,0x00,0x1F,0xFF,0xFE,0x00,0x00,0x00,0x0E,0xFF,0xFF,0x00,0x00,
    0x00,0x0E,0xFF,0xFF,0x10,0x00,0x00,0x0E,0xFF,0xFF,0x10,0x00,0x00,0x0E,0xFF,0xFF,0x10,0x00,0x00,0x0E,0xFF,0xFF,0x10,0x00,
    0x00,0x0E,0xFF,0xFF,0x10,0x00,0x00,0x0D,0xFF,0xFF,0x40,0x00,0x00,0x0A,0xFF,0xFF,0xB1,0x00,0x00,0x05,0xFF,0xFF,0xFE,0xB2,
    0x00,0x00,0xCF,0xFF,0xFF,0xF3,0x00,0x00,0x1B,0xFF,0xFF,0xF3,0x00,0x00,0x00,0x49,0xCE,0xF3,0xEF,0xFF,0xF0,0xEF,0xFF,0xF0,
    0xEF,0xFF,0xF0,0xEF,0xFF,0xF0,0xEF,0xFF,0xF0,0xEF,0xFF,0xF0,0xEF,0xFF,0xF0,0xEF,0xFF,0xF0,0xEF,0xFF,0xF0,0xEF,0xFF,0xF0,
    0xEF,0xFF,0xF0,0xEF,0xFF,0xF0,0xEF,0xFF,0xF0,0xEF,0xFF,0xF0,0xEF,0xFF,0xF0,0xEF,0xFF,0xF0,0xEF,0xFF,0xF0,0xEF,0xFF,0xF0,
    0xEF,0xFF,0xF0,0xEF,0xFF,0xF0,0xEF,0xFF,0xF0,0xEF,0xFF,0xF0,0xEF,0xFF,0xF0,0xEF,0xFF,0xF0,0xEF,0xFF,0xF0,0xEF,0xFF,0xF0,
    0xEF,0xFF,0xF0,0xEF,0xFF,0xF0,0xEF,0xFF,0xF0,0xEF,0xFF,0xF0,0xEF,0xFF,0xF0,0xEF,0xFF,0xF0,0xEF,0xFF,0xF0,0xEF,0xFF,0xF0,
    0xEF,0xFF,0xF0,0xEF,0xFF,0xF0,0xEF,0xFF,0xF0,0xEF,0xFF,0xF0,0xEF,0xFF,0xF0,0xEF,0xFF,0xF0,0x5E,0xDB,0x72,0x00,0x00,0x00,
    0x5F,0xFF,0xFF,0x70,0x00,0x00,0x5F,0xFF,0xFF,0xF7,0x00,0x00,0x4C,0xFF,0xFF,0xFE,0x10,0x00,0x00,0x3E,0xFF,0xFF,0x50,0x00,
    0x00,0x08,0xFF,0xFF,0x90,0x00,0x00,0x05,0xFF,0xFF,0xA0,0x00,0x00,0x04,0xFF,0xFF,0xB0,0x00,0x00,0x04,0xFF,0xFF,0xB0,0x00,
    0x00,0x04,0xFF,0xFF,0xB0,0x00,0x00,0x04,0xFF,0xFF,0xB0,0x00,0x00,0x03,0xFF,0xFF,0xB0,0x00,0x00,0x02,0xFF,0xFF,0xC0,0x00,
    0x00,0x01,0xFF,0xFF,0xD0,0x00,0x00,0x00,0xCF,0xFF,0xF3,0x00,0x00,0x00,0x7F,0xFF,0xFD,0x41,0x00,0x00,0x0C,0xFF,0xFF,0xFB,
    0x00,0x00,0x01,0xAF,0xFF,0xFB,0x00,0x00,0x05,0xEF,0xFF,0xFB,0x00,0x00,0x3F,0xFF,0xFF,0xD7,0x00,0x00,0xAF,0xFF,0xF9,0x00,
    0x00,0x00,0xFF,0xFF,0xE1,0x00,0x00,0x02,0xFF,0xFF,0xC0,0x00,0x00,0x03,0xFF,0xFF,0xB0,0x00,0x00,0x04,0xFF,0xFF,0xB0,0x00,
    0x00,0x04,0xFF,0xFF,0xB0,0x00,0x00,0x04,0xFF,0xFF,0xB0,0x00,0x00,0x04,0xFF,0xFF,0xB0,0x00,0x00,0x04,0xFF,0xFF,0xA0,0x00,
    0x00,0x07,0xFF,0xFF,0x90,0x00,0x00,0x2D,0xFF,0xFF,0x60,0x00,0x4C,0xFF,0xFF,0xFF,0x20,0x00,0x5F,0xFF,0xFF,0xF9,0x00,0x00,
    0x5F,0xFF,0xFF,0xA0,0x00,0x00,0x5E,0xEB,0x83,0x00,0x00,0x00,0x00,0x01,0x7C,0xEE,0xC8,0x20,0x00,0x00,0x08,0xFF,0xF7,0x00,
    0x2D,0xFF,0xFF,0xFF,0xF9,0x10,0x00,0x0C,0xFF,0xF5,0x00,0xCF,0xFF,0xFF,0xFF,0xFF,0xE7,0x11,0x8F,0xFF,0xF2,0x06,0xFF,0xFF,
    0xFF,0xFF,0xFF,0xFF,0xFF,0xFF,0xFF,0xB0,0x0C,0xFF,0xFB,0x21,0x5C,0xFF,0xFF,0xFF,0xFF,0xFF,0x30,0x0F,0xFF,0xF2,0x00,0x00,
    0x5D,0xFF,0xFF,0xFF,0xF6,0x00,0x2F,0xFF,0xD0,0x00,0x00,0x00,0x5A,0xEF,0xDA,0x30,0x00,
};
static const ui_glyph_t ui_font_xl_glyphs[95] = {
    {0, 0, 0, 0, 0, 11}, /*   */
    {0, 9, 29, 2, 15, 13}, /* ! */
    {145, 13, 10, 3, 15, 20}, /* " */
    {215, 23, 26, 0, 15, 24}, /* # */
    {527, 20, 36, 2, 12, 23}, /* $ */
    {887, 32, 29, 1, 15, 35}, /* % */
    {1351, 33, 29, 1, 15, 34}, /* & */
    {1844, 6, 9, 3, 15, 12}, /* ' */
    {1871, 12, 34, 3, 15, 15}, /* ( */
    {2075, 12, 34, 0, 15, 15}, /* ) */
    {2279, 16, 16, 1, 15, 18}, /* * */
    {2407, 20, 19, 4, 23, 28}, /* + */
    {2597, 9, 10, 0, 39, 11}, /* , */
    {2647, 12, 4, 2, 31, 16}, /* - */
    {2671, 9, 6, 1, 38, 11}, /* . */
    {2701, 20, 33, -1, 15, 18}, /* / */
    {3031, 21, 28, 1, 16, 23}, /* 0 */
    {3339, 13, 28, 4, 16, 23}, /* 1 */
    {3535, 20, 28, 1, 16, 23}, /* 2 */
    {3815, 19, 28, 2, 16, 23}, /* 3 */
    {4095, 22, 28, 0, 16, 23}, /* 4 */
    {4403, 19, 28, 2, 16, 23}, /* 5 */
    {4683, 21, 28, 1, 16, 23}, /* 6 */
    {4991, 21, 28, 1, 16, 23}, /* 7 */
    {5299, 21, 28, 1, 16, 23}, /* 8 */
    {5607, 21, 28, 1, 16, 23}, /* 9 */
    {5915, 9, 20, 1, 24, 11}, /* : */
    {6015, 10, 25, 0, 24, 11}, /* ; */
    {6140, 19, 20, 5, 22, 28}, /* < */
    {6340, 20, 13, 4, 26, 28}, /* = */
    {6470, 19, 20, 5, 22, 28}, /* > */
    {6670, 16, 29, 1, 15, 18}, /* ? */
    {6902, 34, 34, 2, 15, 38}, /* @ */
    {7480, 28, 29, 0, 15, 28}, /* A */
    {7886, 22, 29, 3, 15, 26}, /* B */
    {8205, 23, 29, 1, 15, 25}, /* C */
    {8553, 26, 29, 3, 15, 30}, /* D */
    {8930, 17, 29, 3, 15, 21}, /* E */
    {9191, 17, 29, 3, 15, 21}, /* F */
    {9452, 26, 29, 1, 15, 28}, /* G */
    {9829, 25, 29, 3, 15, 31}, /* H */
    {10206, 7, 29, 3, 15, 13}, /* I */
    {10322, 15, 29, 0, 15, 18}, /* J */
    {10554, 24, 29, 3, 15, 26}, /* K */
    {10902, 17, 29, 3, 15, 20}, /* L */
    {11163, 33, 29, 3, 15, 38}, /* M */
    {11656, 26, 29, 3, 15, 32}, /* N */
    {12033, 28, 29, 1, 15, 30}, /* O */
    {12439, 21, 29, 3, 15, 25}, /* P */
    {12758, 31, 33, 1, 15, 30}, /* Q */
    {13286, 24, 29, 3, 15, 26}, /* R */
    {13634, 20, 29, 1, 15, 22}, /* S */
    {13924, 23, 29, 0, 15, 23}, /* T */
    {14272, 25, 29, 2, 15, 29}, /* U */
    {14649, 27, 29, 0, 15, 27}, /* V */
    {15055, 40, 29, 0, 15, 40}, /* W */
    {15635, 27, 29, 0, 15, 26}, /* X */
    {16041, 25, 29, 0, 15, 24}, /* Y */
    {16418, 24, 29, 0, 15, 24}, /* Z */
    {16766, 10, 35, 4, 15, 15}, /* [ */
    {16941, 19, 33, 0, 15, 17}, /* backslash */
    {17271, 10, 35, 1, 15, 15}, /* ] */
    {17446, 21, 17, 4, 15, 28}, /* ^ */
    {17633, 17, 3, 0, 47, 17}, /* _ */
    {17660, 11, 6, 1, 14, 13}, /* ` */
    {17696, 19, 20, 1, 24, 22}, /* a */
    {17896, 22, 30, 2, 14, 25}, /* b */
    {18226, 17, 20, 1, 24, 19}, /* c */
    {18406, 22, 30, 1, 14, 25}, /* d */
    {18736, 20, 20, 1, 24, 22}, /* e */
    {18936, 16, 30, 0, 14, 15}, /* f */
    {19176, 22, 29, 1, 24, 25}, /* g */
    {19495, 20, 30, 2, 14, 24}, /* h */
    {19795, 8, 30, 2, 14, 11}, /* i */
    {19915, 13, 39, -3, 14, 11}, /* j */
    {20188, 21, 30, 2, 14, 22}, /* k */
    {20518, 7, 30, 2, 14, 11}, /* l */
    {20638, 33, 20, 2, 24, 37}, /* m */
    {20978, 20, 20, 2, 24, 24}, /* n */
    {21178, 23, 20, 1, 24, 24}, /* o */
    {21418, 22, 29, 2, 24, 25}, /* p */
    {21737, 22, 29, 1, 24, 25}, /* q */
    {22056, 14, 20, 2, 24, 16}, /* r */
    {22196, 16, 20, 1, 24, 18}, /* s */
    {22356, 15, 26, 0, 18, 16}, /* t */
    {22564, 20, 20, 2, 24, 24}, /* u */
    {22764, 22, 20, 0, 24, 22}, /* v */
    {22984, 32, 20, 0, 24, 32}, /* w */
    {23304, 22, 20, 0, 24, 22}, /* x */
    {23524, 23, 29, -1, 24, 22}, /* y */
    {23872, 19, 20, 0, 24, 19}, /* z */
    {24072, 12, 35, 2, 15, 15}, /* { */
    {24282, 5, 40, 4, 13, 13}, /* | */
    {24402, 12, 35, 1, 15, 15}, /* } */
    {24612, 22, 7, 3, 29, 28}, /* ~ */
};
const ui_font_t ui_font_xl = {55, 44, 15, ui_font_xl_glyphs, ui_font_xl_bits};
