/* Generated by tools/make_text.py - do not edit. */
#pragma once

#include <stdint.h>

typedef struct {
    const char* text;
    const char* ref;
} verse_t;

#define VERSE_COUNT 30
static const verse_t s_verses[VERSE_COUNT] = {
    {"凡劳苦担重担的人可以到我这里来，我就使你们得安息。", "马太福音 11:28"},
    {"耶和华是我的牧者，我必不致缺乏。", "诗篇 23:1"},
    {"你们祈求，就给你们；寻找，就寻见；叩门，就给你们开门。", "马太福音 7:7"},
    {"应当一无挂虑，只要凡事藉着祷告、祈求，和感谢，将你们所要的告诉神。", "腓立比书 4:6"},
    {"我靠着那加给我力量的，凡事都能做。", "腓立比书 4:13"},
    {"神爱世人，甚至将他的独生子赐给他们，叫一切信他的，不致灭亡，反得永生。", "约翰福音 3:16"},
    {"要常常喜乐，不住地祷告，凡事谢恩……", "帖撒罗尼迦前书 5:16-18"},
    {"爱是恒久忍耐，又有恩慈……", "哥林多前书 13:4"},
    {"我留下平安给你们；我将我的平安赐给你们。", "约翰福音 14:27"},
    {"你要专心仰赖耶和华，不可倚靠自己的聪明……", "箴言 3:5"},
    {"愿耶和华赐福给你，保护你。", "民数记 6:24"},
    {"我是世界的光。跟从我的，就不在黑暗里走，必要得着生命的光。", "约翰福音 8:12"},
    {"神是我们的避难所，是我们的力量，是我们在患难中随时的帮助。", "诗篇 46:1"},
    {"凡事都有定期，天下万务都有定时。", "传道书 3:1"},
    {"如今常存的有信，有望，有爱这三样，其中最大的是爱。", "哥林多前书 13:13"},
    {"你们要将一切的忧虑卸给神，因为他顾念你们。", "彼得前书 5:7"},
    {"我就是道路、真理、生命……", "约翰福音 14:6"},
    {"喜乐的心乃是良药……", "箴言 17:22"},
    {"耶和华是我的亮光，是我的拯救，我还怕谁呢？", "诗篇 27:1"},
    {"你们要彼此相爱，像我爱你们一样……", "约翰福音 15:12"},
    {"他必不叫你的脚摇动；保护你的必不打盹。", "诗篇 121:3"},
    {"信就是所望之事的实底，是未见之事的确据。", "希伯来书 11:1"},
    {"你们是世上的光。", "马太福音 5:14"},
    {"清心的人有福了，因为他们必得见神。", "马太福音 5:8"},
    {"使人和睦的人有福了，因为他们必称为神的儿子。", "马太福音 5:9"},
    {"我们晓得万事都互相效力，叫爱神的人得益处……", "罗马书 8:28"},
    {"我的恩典够你用的……", "哥林多后书 12:9"},
    {"这是耶和华所定的日子，我们在其中要高兴欢喜。", "诗篇 118:24"},
    {"你们亲近神，神就必亲近你们。", "雅各书 4:8"},
    {"求主教导我们祷告……", "路加福音 11:1"},
};

#define TXT_TODAY  "今日经文"
#define TXT_HINT   "默祷之后，按一下点亮蜡烛"
#define TXT_LIT_L  "已点亮"
#define TXT_LIT_R  "支"

typedef struct {
    uint32_t off;  // into bits: rows of (w+1)/2 bytes, 4-bit coverage, high nibble first
    uint8_t  w, h;
    int8_t   x, y;  // ink box offset from the pen x / line top
    uint8_t  adv;
} cjk_glyph_t;

typedef struct {
    uint8_t            line_h, ascent;
    uint16_t           count;
    const uint16_t*    cps;     // sorted code points
    const cjk_glyph_t* glyphs;
    const uint8_t*     bits;
} cjk_font_t;

/* STKAITI.TTF 17 px: 208 glyphs, 23266 bytes */
static const uint16_t font_verse_cps[208] = {
    0x2026, 0x3001, 0x3002, 0x4E00, 0x4E07, 0x4E09, 0x4E0A, 0x4E0B, 0x4E0D, 0x4E13, 0x4E16, 0x4E2D, 0x4E3A, 0x4E3B, 0x4E43, 0x4E45,
    0x4E4B, 0x4E4F, 0x4E50, 0x4E86, 0x4E8B, 0x4E92, 0x4EA1, 0x4EAE, 0x4EB2, 0x4EBA, 0x4ECA, 0x4ECE, 0x4ED6, 0x4EE5, 0x4EEC, 0x4EF0,
    0x4F4F, 0x4F60, 0x4F7F, 0x4FDD, 0x4FE1, 0x501A, 0x505A, 0x50CF, 0x513F, 0x5149, 0x5174, 0x5176, 0x5178, 0x51E1, 0x5207, 0x5230,
    0x529B, 0x52A0, 0x52A1, 0x52A8, 0x52A9, 0x52B3, 0x534E, 0x5378, 0x53C8, 0x53CD, 0x53E9, 0x53EA, 0x53EB, 0x53EF, 0x544A, 0x5462,
    0x547D, 0x548C, 0x559C, 0x56E0, 0x5728, 0x5730, 0x5904, 0x591F, 0x5927, 0x5929, 0x5982, 0x5B50, 0x5B58, 0x5B89, 0x5B9A, 0x5B9E,
    0x5BFB, 0x5BFC, 0x5C06, 0x5C31, 0x5DF1, 0x5E2E, 0x5E38, 0x5E73, 0x5E94, 0x5E95, 0x5F00, 0x5F53, 0x5F7C, 0x5F97, 0x5FC3, 0x5FC5,
    0x5FCD, 0x5FE7, 0x5FF5, 0x6015, 0x6052, 0x6069, 0x606F, 0x60A3, 0x611F, 0x613F, 0x6148, 0x6211, 0x6240, 0x6253, 0x627E, 0x62A4,
    0x62C5, 0x62EF, 0x6302, 0x636E, 0x6447, 0x6548, 0x6551, 0x6559, 0x65E0, 0x65E5, 0x65F6, 0x660E, 0x662F, 0x6653, 0x6697, 0x6700,
    0x6709, 0x671B, 0x671F, 0x672A, 0x6765, 0x6837, 0x6B22, 0x6B64, 0x6C38, 0x6C42, 0x6E05, 0x706D, 0x7231, 0x7267, 0x72EC, 0x7406,
    0x751A, 0x751F, 0x7528, 0x754C, 0x7559, 0x7684, 0x76CA, 0x76F8, 0x76F9, 0x771F, 0x7740, 0x7766, 0x786E, 0x7948, 0x795E, 0x7977,
    0x798F, 0x79F0, 0x7ED9, 0x7F3A, 0x8005, 0x8010, 0x8036, 0x806A, 0x80FD, 0x811A, 0x81EA, 0x81F3, 0x81F4, 0x826F, 0x82E6, 0x836F,
    0x85C9, 0x8651, 0x8981, 0x89C1, 0x8BC9, 0x8C01, 0x8C22, 0x8D50, 0x8D56, 0x8D70, 0x8DDF, 0x8DEF, 0x8FD1, 0x8FD8, 0x8FD9, 0x9053,
    0x907F, 0x90A3, 0x90FD, 0x91CC, 0x91CD, 0x91CF, 0x95E8, 0x968F, 0x96BE, 0x9760, 0x987E, 0x9AD8, 0x9ED1, 0xFF0C, 0xFF1B, 0xFF1F,
};
static const uint8_t font_verse_bits[] = {
    0x0D,0x50,0x00,0x3D,0x30,0x00,0x5D,0x00,0x09,0x30,0x00,0x19,0x10,0x00,0x39,0x00,0x15,0x00,0x00,0x07,0xD4,0x00,0x00,0x8F,0x30,0x00,0x0D,0x60,0x00,0x02,0x00,0x2C,
    0xE7,0x00,0x83,0x18,0x20,0x83,0x18,0x20,0x2C,0xE8,0x00,0x00,0x00,0x00,0x00,0x00,0x01,0x32,0x00,0x01,0x00,0x13,0x56,0x8B,0xDF,0xFF,0xA0,0x0A,0xFD,0xA8,0x65,0x42,
    0x21,0x12,0x10,0x00,0x00,0x01,0x35,0x68,0xAD,0xFD,0x50,0x09,0xCC,0xA8,0x6E,0x41,0x10,0x12,0x00,0x00,0x10,0x00,0x2F,0x20,0x00,0x00,0x00,0x00,0x00,0x00,0x6B,0x00,
    0x00,0x00,0x00,0x00,0x00,0x00,0xCB,0xAC,0xE5,0x00,0x00,0x00,0x00,0x03,0xD1,0x10,0xCD,0x00,0x00,0x00,0x00,0x0C,0x50,0x00,0xE3,0x00,0x00,0x00,0x00,0x79,0x00,0x04,
    0xD0,0x00,0x00,0x00,0x05,0xB1,0x00,0x0A,0x80,0x00,0x00,0x00,0x6A,0x10,0x21,0x4F,0x30,0x00,0x00,0x08,0x60,0x00,0x2E,0xFA,0x00,0x00,0x00,0x00,0x00,0x00,0x08,0x90,
    0x00,0x00,0x00,0x00,0x00,0x00,0x00,0x03,0x52,0x00,0x00,0x00,0x00,0x36,0x8B,0xEF,0xC6,0x00,0x00,0x00,0x00,0x37,0x65,0x20,0x00,0x00,0x00,0x00,0x00,0x00,0x00,0x00,
    0x00,0x00,0x00,0x00,0x00,0x00,0x00,0x02,0x00,0x00,0x00,0x00,0x00,0x27,0x9C,0xFE,0xC1,0x00,0x00,0x00,0x00,0x14,0x42,0x10,0x00,0x00,0x00,0x00,0x00,0x00,0x00,0x00,
    0x00,0x00,0x00,0x00,0x00,0x00,0x00,0x00,0x00,0x11,0x00,0x00,0x13,0x45,0x78,0xAB,0xDE,0xFF,0xA0,0x5E,0xEB,0x97,0x54,0x33,0x23,0x35,0x70,0x00,0x00,0x00,0x6B,0x20,
    0x00,0x00,0x00,0x00,0x00,0x00,0x1F,0x70,0x00,0x00,0x00,0x00,0x00,0x00,0x0D,0x40,0x00,0x00,0x00,0x00,0x00,0x00,0x0D,0x40,0x00,0x00,0x00,0x00,0x00,0x00,0x0D,0x45,
    0x9C,0x60,0x00,0x00,0x00,0x00,0x0D,0x97,0x63,0x00,0x00,0x00,0x00,0x00,0x0D,0x20,0x00,0x00,0x00,0x00,0x00,0x00,0x0D,0x20,0x00,0x00,0x00,0x00,0x00,0x00,0x0D,0x20,
    0x00,0x00,0x00,0x00,0x00,0x00,0x0E,0x10,0x00,0x00,0x00,0x00,0x00,0x00,0x2E,0x78,0xAC,0xEE,0x90,0x13,0x58,0xBE,0xFD,0xBA,0xAA,0xAD,0xE4,0x2B,0xB7,0x42,0x00,0x00,
    0x00,0x00,0x00,0x00,0x12,0x35,0x68,0x9A,0xCD,0xD6,0x5C,0xA7,0x53,0xD5,0x00,0x00,0x00,0x00,0x00,0x00,0xA5,0x00,0x00,0x00,0x00,0x00,0x00,0x93,0x00,0x00,0x00,0x00,
    0x00,0x00,0x98,0xC9,0x20,0x00,0x00,0x00,0x00,0x93,0x3C,0xD0,0x00,0x00,0x00,0x00,0x93,0x00,0x30,0x00,0x00,0x00,0x00,0xA3,0x00,0x00,0x00,0x00,0x00,0x00,0xB3,0x00,
    0x00,0x00,0x00,0x00,0x00,0xC3,0x00,0x00,0x00,0x00,0x00,0x00,0xE3,0x00,0x00,0x00,0x00,0x00,0x01,0xF3,0x00,0x00,0x00,0x00,0x00,0x00,0xD1,0x00,0x00,0x00,0x00,0x00,
    0x00,0x10,0x00,0x00,0x00,0x00,0x00,0x02,0x46,0x9B,0xDE,0xA0,0x05,0xBC,0xB8,0x58,0x81,0x00,0x00,0x00,0x00,0x01,0x1B,0x80,0x00,0x00,0x00,0x00,0x00,0xCA,0x00,0x00,
    0x00,0x00,0x00,0x03,0xE4,0x00,0x00,0x00,0x00,0x00,0x2C,0xB4,0x21,0x00,0x00,0x00,0x02,0xC3,0x94,0x1A,0x92,0x00,0x00,0x3C,0x30,0xA4,0x00,0xAF,0x60,0x06,0x91,0x00,
    0xA4,0x00,0x08,0xF2,0x43,0x00,0x00,0xB4,0x00,0x00,0x52,0x00,0x00,0x00,0xD4,0x00,0x00,0x00,0x00,0x00,0x00,0xB3,0x00,0x00,0x00,0x00,0x00,0x00,0x20,0x00,0x00,0x00,
    0x00,0x00,0x00,0x83,0x00,0x00,0x00,0x00,0x00,0x00,0xAD,0x00,0x00,0x00,0x00,0x00,0x00,0xB8,0x00,0x00,0x00,0x00,0x00,0x13,0xDA,0xBD,0x80,0x00,0x00,0x08,0xFE,0xFB,
    0x85,0x10,0x00,0x00,0x00,0x01,0xC0,0x00,0x00,0x00,0x00,0x01,0x27,0xB6,0x8A,0xCE,0xD3,0x8C,0xB9,0x7C,0x52,0x10,0x11,0x20,0x00,0x00,0x0D,0x00,0x00,0x00,0x00,0x00,
    0x00,0x9C,0x79,0xCD,0x40,0x00,0x00,0x00,0xA6,0x20,0x4F,0x80,0x00,0x00,0x00,0x00,0x00,0xB5,0x00,0x00,0x00,0x00,0x1B,0x78,0x30,0x00,0x00,0x00,0x00,0x01,0xCD,0x20,
    0x00,0x00,0x00,0x00,0x00,0x1D,0x90,0x00,0x00,0x00,0x00,0x00,0x02,0x50,0x00,0x00,0x00,0x00,0x00,0x00,0x00,0x4C,0x20,0x00,0x00,0x00,0x00,0x00,0x0C,0x40,0x2F,0x30,
    0x00,0x00,0x00,0x05,0x81,0x0A,0x50,0x2E,0x00,0x00,0x00,0x00,0x01,0xF3,0x09,0x40,0x3B,0x00,0x00,0x00,0x00,0x00,0xD2,0x09,0x40,0x59,0x35,0x63,0x00,0x00,0x23,0xD8,
    0x8D,0xCC,0xEC,0xA9,0xAA,0x00,0x7F,0xDB,0xD7,0x38,0x40,0x93,0x00,0x00,0x00,0x00,0x00,0xB2,0x08,0x30,0xB1,0x00,0x00,0x00,0x00,0x00,0xA2,0x0B,0xAB,0xD3,0x00,0x00,
    0x00,0x00,0x00,0xA2,0x03,0x20,0x00,0x00,0x00,0x00,0x00,0x00,0xA2,0x00,0x00,0x00,0x00,0x00,0x00,0x00,0x01,0xE7,0x77,0x88,0xAC,0xD5,0x00,0x00,0x00,0x00,0x73,0x10,
    0x00,0x00,0x00,0x00,0x00,0x00,0x00,0x43,0x00,0x00,0x00,0x00,0x00,0x6F,0x30,0x00,0x00,0x00,0x00,0x2F,0x10,0x00,0x00,0x00,0x00,0x1F,0x00,0x00,0x00,0x00,0x01,0x4F,
    0x79,0xBE,0xB3,0xBC,0xCA,0x7F,0x52,0x09,0xF8,0x4C,0x00,0x0E,0x00,0x0B,0xA0,0x0E,0x00,0x0E,0x12,0x6E,0x10,0x0C,0x9B,0xCF,0xED,0xCB,0x00,0x0A,0x54,0x2E,0x00,0x00,
    0x00,0x00,0x00,0x0E,0x00,0x00,0x00,0x00,0x00,0x0E,0x00,0x00,0x00,0x00,0x00,0x0D,0x00,0x00,0x00,0x00,0x00,0x1C,0x00,0x00,0x00,0x00,0x00,0x1B,0x00,0x00,0x00,0x00,
    0x00,0x09,0x00,0x00,0x00,0x00,0x00,0x01,0x00,0x00,0x00,0x00,0x00,0x00,0x02,0x40,0x00,0x00,0x00,0x00,0x00,0x03,0xF6,0x00,0x00,0x00,0x06,0x70,0x02,0xF2,0x00,0x00,
    0x00,0x01,0xD4,0x05,0xB0,0x00,0x00,0x00,0x00,0x11,0x09,0x50,0x00,0x00,0x00,0x00,0x00,0x2E,0x7A,0xDC,0x30,0x03,0x9B,0xB9,0xC9,0x20,0x1F,0x90,0x00,0x32,0x01,0xD1,
    0x00,0x0F,0x20,0x00,0x00,0x0A,0x79,0x60,0x1E,0x00,0x00,0x00,0x7B,0x03,0xD0,0x3C,0x00,0x00,0x05,0xC1,0x00,0x10,0x69,0x00,0x00,0x5B,0x10,0x00,0x00,0xA6,0x00,0x08,
    0x80,0x00,0x02,0x44,0xE1,0x00,0x53,0x00,0x00,0x00,0xAF,0x90,0x00,0x00,0x00,0x00,0x00,0x2B,0x10,0x00,0x00,0x00,0x00,0x5B,0x50,0x00,0x00,0x00,0x00,0x00,0x00,0x09,
    0xF2,0x00,0x00,0x00,0x00,0x00,0x00,0x00,0x50,0x00,0x00,0x00,0x00,0x00,0x00,0x25,0x9C,0xF9,0x00,0x00,0x00,0x02,0x9C,0xCF,0x74,0x10,0x00,0x00,0x00,0x00,0x00,0x0D,
    0x50,0x00,0x00,0x00,0x00,0x00,0x00,0x0C,0x30,0x00,0x00,0x00,0x00,0x00,0x00,0x3C,0xCE,0xC0,0x00,0x00,0x00,0x00,0x7B,0x9D,0x52,0x00,0x00,0x00,0x00,0x00,0x00,0x0B,
    0x10,0x00,0x00,0x00,0x00,0x00,0x00,0x0B,0x10,0x01,0x33,0x00,0x00,0x12,0x46,0x7D,0xBC,0xEE,0xFF,0xC0,0x1C,0xEB,0x86,0x31,0x00,0x00,0x02,0x20,0x00,0x00,0x00,0x00,
    0x26,0x10,0x00,0x00,0x00,0x25,0x89,0xAF,0x90,0x00,0x01,0xBC,0xAC,0x10,0x3C,0x10,0x00,0x00,0x00,0x3E,0x10,0x84,0x00,0x00,0x00,0x00,0x69,0x01,0xB0,0x00,0x00,0x00,
    0x00,0xB4,0x09,0xB9,0xDB,0x10,0x00,0x01,0xD0,0x04,0x10,0x4F,0x70,0x00,0x07,0x80,0x00,0x00,0x4D,0x10,0x00,0x1D,0x10,0x00,0x00,0x98,0x00,0x00,0x87,0x00,0x00,0x00,
    0xE4,0x00,0x04,0xB0,0x00,0x00,0x07,0xE0,0x00,0x48,0x00,0x00,0x09,0x9F,0x70,0x00,0x00,0x00,0x00,0x02,0xFB,0x00,0x00,0x00,0x00,0x00,0x00,0x40,0x00,0x00,0x00,0x00,
    0x00,0x99,0x00,0x00,0x00,0x00,0x00,0x00,0x00,0xCB,0x00,0x00,0x00,0x00,0x00,0x00,0x02,0xF3,0x00,0x00,0x00,0x00,0x00,0x00,0x09,0xA5,0xBE,0x40,0x00,0x00,0x00,0x00,
    0x4B,0x33,0xAC,0x10,0x00,0x00,0x00,0x01,0xB1,0x01,0xE3,0x00,0x00,0x00,0x00,0x19,0x10,0x08,0x90,0x00,0x00,0x00,0x00,0x20,0x00,0x2E,0x70,0x00,0x00,0x00,0x00,0x00,
    0x00,0xC5,0x74,0x00,0x00,0x00,0x00,0x00,0x0A,0x80,0x0C,0x20,0x00,0x00,0x00,0x01,0xA9,0x00,0x04,0xD2,0x00,0x00,0x00,0x3C,0x70,0x00,0x00,0x9E,0x71,0x00,0x07,0x82,
    0x00,0x00,0x00,0x1C,0xFF,0xA4,0x00,0x00,0x00,0x00,0x00,0x00,0x22,0x21,0x00,0x00,0x03,0x20,0x00,0x00,0x00,0x00,0x00,0x00,0x05,0xF8,0x00,0x00,0x00,0x00,0x00,0x00,
    0x00,0x48,0x00,0x10,0x00,0x00,0x00,0x00,0x00,0x01,0x6B,0xFC,0x00,0x00,0x00,0x01,0x47,0xA8,0x3A,0xC3,0x00,0x00,0x00,0x9E,0xB5,0x00,0xA9,0x00,0x00,0x00,0x00,0x00,
    0x00,0x2B,0x50,0x00,0x00,0x00,0x00,0x00,0x05,0x91,0x00,0x00,0x00,0x00,0x00,0x02,0x84,0x00,0x00,0x00,0x00,0x00,0x7F,0xFF,0xB7,0x30,0x00,0x00,0x00,0x00,0x14,0x21,
    0x49,0xEE,0xA6,0x42,0x10,0x01,0x00,0x00,0x00,0x05,0xBF,0xFF,0xFF,0xF8,0x00,0x00,0x00,0x00,0x02,0x8E,0xD7,0x10,0x00,0x00,0x00,0x05,0x91,0x00,0x00,0x00,0x00,0x00,
    0x00,0x7E,0xC5,0x00,0x00,0x00,0x00,0x00,0x6C,0x93,0x00,0x00,0x00,0x00,0x00,0x05,0x32,0x72,0x00,0x00,0x00,0x00,0x00,0x00,0x00,0x9A,0x6B,0xE4,0x00,0x00,0x00,0x34,
    0x79,0x97,0x3C,0xB2,0x00,0x00,0x00,0x6A,0x51,0x01,0xC6,0x00,0x00,0x00,0x00,0x00,0x00,0x4A,0x30,0x00,0x00,0x00,0x00,0x00,0x16,0x50,0x00,0x00,0x00,0x00,0x13,0x69,
    0xB3,0x00,0x00,0x00,0x00,0x00,0x1A,0x75,0x7C,0xEA,0x74,0x21,0x00,0x00,0x00,0x00,0x00,0x28,0xEF,0xFF,0xFF,0xE6,0x00,0x00,0x00,0x00,0x05,0xBE,0xB6,0x00,0x00,0x00,
    0x00,0x19,0x71,0x00,0x00,0x00,0x16,0xDC,0x82,0x00,0x00,0xA7,0x74,0x10,0x00,0x00,0x00,0x94,0x06,0x40,0x00,0x00,0x00,0xA2,0x06,0xB0,0x00,0x00,0x00,0xC0,0x04,0xC7,
    0xBE,0xC1,0x09,0xD7,0x78,0xB2,0x10,0x00,0x06,0x20,0x03,0xA0,0x00,0x00,0x00,0x30,0x03,0xA0,0x42,0x00,0x06,0x90,0x03,0xB0,0x3E,0xA1,0x2E,0x50,0x04,0xB0,0x02,0xDC,
    0x6C,0x00,0x15,0xC0,0x00,0x19,0x11,0x00,0x9F,0xA0,0x00,0x00,0x00,0x00,0x0C,0x50,0x00,0x00,0x00,0x00,0x00,0x00,0x00,0x00,0x00,0x00,0x14,0x7B,0xD4,0x9C,0xDB,0x85,
    0x26,0xE8,0x03,0x10,0x00,0x49,0x10,0x00,0x00,0x23,0x40,0x00,0x00,0x00,0xB9,0x00,0x00,0x00,0x00,0x5A,0x00,0x00,0x00,0x00,0x3B,0x00,0x00,0x00,0x00,0x2C,0x00,0x00,
    0x00,0x00,0x2D,0x00,0x00,0x00,0x00,0x3D,0x00,0x00,0x00,0x20,0x6B,0x00,0x00,0x00,0x2C,0xF8,0x00,0x00,0x00,0x03,0xE2,0x00,0x00,0x00,0x00,0x00,0x00,0x00,0x00,0x00,
    0x03,0x81,0x00,0x00,0x00,0x00,0x00,0x00,0xE1,0x00,0x00,0x00,0x00,0x12,0x35,0xD7,0x89,0xBD,0xD2,0x5A,0x86,0x43,0xB2,0x45,0x10,0x00,0x00,0x1B,0xCE,0xFD,0xCF,0x50,
    0x00,0x00,0x09,0xBD,0xFE,0xC9,0x00,0x00,0x00,0x02,0x77,0xC9,0xBE,0xB0,0x00,0x00,0x08,0xA7,0xC3,0x14,0xC0,0x00,0x00,0x01,0x36,0xCA,0xBD,0xEE,0xB0,0x07,0x98,0x64,
    0xB1,0x2A,0x10,0x00,0x00,0x26,0x8B,0xFE,0xDD,0x30,0x00,0x00,0x15,0x42,0xB0,0x00,0x00,0x00,0x00,0x00,0x00,0xB0,0x00,0x00,0x00,0x00,0x00,0x11,0xD0,0x00,0x00,0x00,
    0x00,0x00,0x4E,0xB0,0x00,0x00,0x00,0x00,0x00,0x05,0x30,0x00,0x00,0x00,0x00,0x00,0x01,0x46,0xAD,0xD4,0x00,0x00,0x29,0xCD,0xD7,0x52,0x00,0x00,0x00,0x00,0x05,0xD0,
    0x00,0x00,0x00,0x00,0x00,0x09,0x90,0x00,0x00,0x00,0x00,0x00,0x0E,0x78,0xDB,0x20,0x00,0x00,0x00,0x57,0x11,0x8D,0x10,0x00,0x00,0x03,0xDB,0xED,0xE6,0x00,0x00,0x00,
    0x09,0xA5,0x21,0xF1,0x00,0x00,0x00,0x00,0x00,0x04,0xB0,0x00,0x00,0x00,0x00,0x00,0x07,0x70,0x00,0x00,0x00,0x12,0x45,0x6C,0xBB,0xDF,0xD6,0x9D,0xB8,0x64,0x31,0x10,
    0x01,0x33,0x00,0x00,0x00,0x4B,0x30,0x00,0x00,0x00,0x00,0x00,0x00,0x0A,0xF2,0x00,0x00,0x00,0x00,0x00,0x00,0x01,0xB3,0x00,0x00,0x00,0x00,0x00,0x00,0x00,0x00,0x00,
    0x00,0x00,0x00,0x00,0x01,0x34,0x68,0xAC,0xEE,0x80,0x1B,0xCA,0xC9,0x75,0x43,0x10,0x01,0x10,0x01,0x00,0x7A,0x00,0x00,0x00,0x00,0x00,0x00,0x00,0x69,0x00,0x00,0x00,
    0x00,0x00,0x00,0x00,0x58,0x00,0x00,0x00,0x00,0x00,0x00,0x00,0x68,0x00,0x00,0x00,0x00,0x00,0x00,0x00,0x88,0x00,0x02,0x44,0x00,0x00,0x00,0x01,0xED,0xCD,0xDC,0xCD,
    0x80,0x00,0x00,0x01,0xB6,0x20,0x00,0x00,0x00,0x00,0x00,0x00,0x06,0x70,0x00,0x00,0x00,0x00,0x00,0x02,0xD4,0x00,0x00,0x00,0x00,0x12,0x45,0x8A,0xDF,0xD4,0x00,0x01,
    0x99,0x65,0x32,0x10,0x00,0x00,0x00,0x02,0xDD,0xEF,0xE2,0x00,0x00,0x00,0x00,0xA0,0x07,0x80,0x00,0x00,0x00,0x00,0x40,0x11,0x00,0x00,0x00,0x02,0x00,0x13,0x46,0x8A,
    0xCD,0x40,0x0C,0x98,0x96,0x89,0x10,0x5E,0x90,0x6C,0x00,0xDF,0xFF,0x20,0x20,0x00,0x43,0x00,0xC4,0x59,0x00,0x00,0x00,0x00,0x00,0xD1,0x57,0x00,0x00,0x40,0x00,0x05,
    0xA0,0x47,0x00,0x00,0xB0,0x00,0x4C,0x20,0x1C,0x30,0x19,0xE0,0x17,0x81,0x00,0x04,0xCE,0xFD,0x70,0x00,0x00,0x00,0x63,0x00,0x00,0x00,0x00,0x00,0x00,0x5F,0x30,0x00,
    0x00,0x00,0x00,0x00,0x03,0x11,0x20,0x00,0x00,0x03,0x57,0x9B,0xED,0xB3,0x00,0x00,0x01,0x6B,0x31,0x6A,0x00,0x00,0x00,0x00,0x0B,0x20,0xA5,0x00,0x00,0x00,0x00,0x02,
    0x36,0xC9,0xCE,0xFA,0x2A,0xBA,0x97,0x98,0x31,0x10,0x01,0x01,0x00,0x00,0x49,0x00,0x00,0x00,0x00,0x00,0x24,0x8D,0xBD,0xFC,0x00,0x00,0x4B,0xA6,0x69,0x17,0x40,0x00,
    0x00,0x0B,0x40,0x39,0x02,0xE9,0x00,0x00,0x7C,0x00,0x3A,0x00,0x4F,0x20,0x00,0x52,0x04,0x8B,0x00,0x02,0x00,0x00,0x00,0x04,0xE7,0x00,0x00,0x00,0x00,0x00,0x00,0x31,
    0x00,0x00,0x00,0x00,0x00,0x00,0x0B,0x40,0x00,0x00,0x00,0x00,0x00,0x00,0x0E,0x90,0x00,0x00,0x00,0x00,0x00,0x00,0x2F,0x20,0x00,0x00,0x00,0x00,0x00,0x00,0x7B,0x00,
    0x00,0x00,0x00,0x00,0x00,0x00,0xD9,0x00,0x00,0x00,0x00,0x00,0x00,0x06,0xC5,0x60,0x00,0x00,0x00,0x00,0x00,0x1D,0x40,0x94,0x00,0x00,0x00,0x00,0x00,0xA8,0x00,0x1C,
    0x30,0x00,0x00,0x00,0x07,0xA0,0x00,0x03,0xD3,0x00,0x00,0x00,0x89,0x00,0x00,0x00,0x6F,0x81,0x00,0x29,0x50,0x00,0x00,0x00,0x09,0xFE,0x94,0x10,0x00,0x00,0x00,0x00,
    0x00,0x67,0x64,0x00,0x00,0x00,0x04,0x00,0x00,0x00,0x00,0x00,0x00,0x00,0x00,0x0F,0x70,0x00,0x00,0x00,0x00,0x00,0x00,0x00,0x3F,0x50,0x00,0x00,0x00,0x00,0x00,0x00,
    0x00,0xB8,0x82,0x00,0x00,0x00,0x00,0x00,0x00,0x06,0xC0,0x1B,0x20,0x00,0x00,0x00,0x00,0x00,0x4D,0x20,0x03,0xD3,0x00,0x00,0x00,0x00,0x03,0xD3,0x58,0x20,0x6E,0x60,
    0x00,0x00,0x00,0x4D,0x30,0x1B,0x90,0x09,0xFD,0x61,0x00,0x06,0xB2,0x00,0x00,0x10,0x00,0x69,0x87,0x00,0x55,0x00,0x02,0x46,0xAC,0x40,0x00,0x00,0x00,0x00,0x05,0xED,
    0x84,0x2F,0x50,0x00,0x00,0x00,0x00,0x00,0x00,0x00,0x79,0x00,0x00,0x00,0x00,0x00,0x00,0x00,0x01,0xD2,0x00,0x00,0x00,0x00,0x00,0x00,0x00,0x09,0x90,0x00,0x00,0x00,
    0x00,0x00,0x00,0x00,0x0D,0x10,0x00,0x00,0x00,0x00,0x00,0x00,0x00,0x01,0x00,0x00,0x00,0x00,0x00,0x00,0x00,0x00,0x00,0x03,0x00,0x00,0x00,0x00,0x00,0x00,0x00,0x0D,
    0xA0,0x00,0x00,0x00,0x01,0xD5,0x00,0x0A,0x90,0x00,0x00,0x00,0x00,0xC7,0x00,0x0A,0x60,0x00,0x00,0x00,0x00,0xD3,0x00,0x0B,0x40,0x00,0x00,0x00,0x00,0xE0,0x00,0x0D,
    0x20,0x00,0x00,0x00,0x04,0xA0,0x00,0x1E,0x50,0x00,0x00,0x00,0x08,0xB7,0x00,0x4A,0xA1,0x00,0x00,0x00,0x0D,0x1B,0xB0,0x96,0x59,0x00,0x00,0x00,0x76,0x01,0xD3,0xD1,
    0x0E,0x50,0x00,0x03,0x90,0x00,0x0A,0x60,0x07,0xF4,0x00,0x27,0x00,0x00,0x78,0x00,0x01,0xDF,0x91,0x00,0x00,0x07,0x50,0x00,0x00,0x14,0x64,0x00,0x00,0x00,0x00,0x00,
    0x00,0x00,0x00,0x00,0x00,0x00,0x00,0x10,0x00,0x00,0x00,0x00,0x01,0x50,0x00,0xA9,0x00,0x00,0x00,0x00,0x02,0xF3,0x00,0x7A,0x00,0x00,0x00,0x00,0x05,0xB0,0x00,0x68,
    0x00,0x00,0x00,0x00,0x0B,0x40,0x50,0x56,0x2C,0xA0,0x00,0x00,0x3C,0x00,0xB3,0x5B,0x9C,0x90,0x00,0x00,0xCC,0x10,0xA6,0xC6,0x0C,0x30,0x00,0x07,0x6A,0x24,0xD6,0x65,
    0x3E,0x00,0x00,0x47,0x0A,0x59,0xB0,0x75,0xD9,0x00,0x20,0x00,0x0A,0x20,0x90,0x73,0x41,0x00,0x90,0x00,0x0B,0x20,0x93,0x10,0x00,0x01,0xE1,0x00,0x0D,0x20,0x5B,0x30,
    0x13,0x6C,0xF2,0x00,0x1F,0x20,0x05,0xBD,0xFE,0xC8,0x30,0x00,0x0E,0x00,0x00,0x00,0x00,0x00,0x00,0x00,0x02,0x00,0x00,0x00,0x00,0x00,0x00,0x00,0x00,0x00,0x00,0x03,
    0x91,0x00,0x00,0x00,0x28,0x30,0x01,0xF8,0x00,0x68,0x00,0x07,0xF1,0x02,0xF3,0x00,0x2F,0x00,0x00,0x40,0x04,0xE0,0x00,0x0C,0x00,0x05,0x00,0x07,0x90,0x00,0x0B,0x00,
    0x93,0x00,0x0D,0x40,0x00,0x0B,0x1A,0x50,0x00,0x5C,0x00,0x00,0x0C,0xB7,0x00,0x01,0xD6,0x00,0x00,0x2F,0xA0,0x00,0x1B,0x67,0xC3,0x00,0xCD,0x10,0x01,0xB7,0x00,0x9E,
    0x30,0x44,0x00,0x4B,0x40,0x00,0x1C,0x80,0x00,0x03,0x61,0x00,0x00,0x02,0x30,0x00,0x00,0xA5,0x00,0x00,0x00,0x00,0x00,0x00,0x00,0xE7,0x06,0x10,0x00,0x00,0x00,0x00,
    0x05,0xD0,0x07,0xB1,0x49,0xE7,0x00,0x00,0x0C,0x40,0x71,0x33,0x62,0x8D,0x00,0x00,0x5C,0x00,0x95,0x00,0x00,0x69,0x00,0x01,0xC9,0x30,0x75,0x00,0x00,0x59,0x00,0x0B,
    0x47,0x50,0x75,0x00,0x00,0x4A,0x00,0x53,0x07,0x50,0x75,0x00,0x00,0x4A,0x00,0x00,0x07,0x40,0x85,0x00,0x00,0x3B,0x00,0x00,0x08,0x40,0x94,0x00,0x00,0x3C,0x00,0x00,
    0x0A,0x40,0xC4,0x00,0x00,0x4D,0x00,0x00,0x0D,0x40,0xC3,0x00,0x15,0x8E,0x00,0x00,0x0C,0x10,0x40,0x00,0x06,0xFA,0x00,0x00,0x01,0x00,0x00,0x00,0x00,0x62,0x00,0x00,
    0x00,0x2B,0x10,0x00,0x00,0x00,0x00,0x00,0x00,0x4F,0x30,0x0B,0x70,0x00,0x00,0x00,0x00,0xB7,0x00,0x9B,0x40,0x06,0x30,0x00,0x04,0xD0,0x5B,0x40,0xAB,0xB9,0xF4,0x00,
    0x1D,0x90,0x3C,0x00,0x87,0x01,0xF2,0x00,0x97,0xC0,0x1B,0x00,0x78,0x03,0xC0,0x06,0x90,0xC0,0x1B,0x02,0x78,0x05,0x90,0x26,0x00,0xC0,0x2B,0x76,0x78,0x5B,0x60,0x00,
    0x00,0xD0,0x8F,0x60,0x78,0x7F,0x20,0x00,0x00,0xE0,0xB7,0x00,0x78,0x04,0x00,0x00,0x01,0xE0,0x00,0x00,0x78,0x00,0x00,0x00,0x04,0xD0,0x00,0x00,0x77,0x00,0x00,0x00,
    0x04,0xC0,0x00,0x00,0x86,0x00,0x00,0x00,0x00,0x50,0x00,0x00,0x85,0x00,0x00,0x00,0x00,0x00,0x00,0x00,0x72,0x00,0x00,0x00,0x00,0x00,0x00,0x00,0x00,0x00,0x00,0x00,
    0x00,0x08,0x40,0x04,0x10,0x00,0x00,0x00,0x00,0x0D,0xA0,0x09,0xE4,0x00,0x00,0x00,0x00,0x4E,0x10,0x00,0xA5,0x00,0x00,0x00,0x00,0xB6,0x00,0x00,0x01,0x44,0x00,0x00,
    0x04,0xC0,0x03,0x6A,0xDD,0xB8,0x20,0x00,0x1D,0xA0,0x26,0x47,0xC0,0x00,0x00,0x00,0xA4,0xC0,0x00,0x04,0xD0,0x00,0x00,0x08,0x50,0xC0,0x00,0x04,0xD8,0x92,0x00,0x22,
    0x00,0xC0,0x05,0xBC,0xD6,0x40,0x00,0x00,0x00,0xD0,0x00,0x03,0xA0,0x00,0x00,0x00,0x00,0xD0,0x00,0x03,0xA0,0x00,0x00,0x00,0x03,0xD2,0x45,0x79,0xB9,0xBD,0xE7,0x00,
    0x03,0xC5,0x74,0x10,0x00,0x00,0x00,0x00,0x00,0x70,0x00,0x00,0x00,0x00,0x00,0x00,0x00,0x00,0x00,0x11,0x00,0x00,0x00,0x00,0x00,0x96,0x00,0x5E,0x10,0x00,0x00,0x00,
    0x00,0xC9,0x00,0x79,0x00,0x00,0x00,0x00,0x03,0xE1,0x00,0xC2,0x00,0x10,0x00,0x00,0x0B,0x50,0x03,0x94,0x8C,0xF9,0x00,0x00,0x5E,0x50,0x0A,0xEC,0x51,0xF8,0x00,0x02,
    0xC5,0x70,0x36,0x11,0x05,0x80,0x00,0x1A,0x24,0x70,0x50,0x3E,0x02,0x00,0x00,0x31,0x05,0x70,0x00,0x0E,0x00,0x00,0x00,0x00,0x05,0x70,0x80,0x0D,0x05,0x81,0x00,0x00,
    0x07,0x63,0xD0,0x0C,0x00,0xBC,0x00,0x00,0x09,0x69,0x70,0x0D,0x00,0x1D,0x40,0x00,0x0C,0x41,0x03,0x5E,0x10,0x02,0x20,0x00,0x09,0x10,0x00,0xCE,0x00,0x00,0x00,0x00,
    0x00,0x00,0x00,0x38,0x00,0x00,0x00,0x00,0x00,0x00,0x00,0x7A,0x00,0x00,0x00,0x00,0x00,0x03,0xD1,0x00,0x3E,0x00,0x00,0x00,0x00,0x00,0x05,0xE1,0x00,0x1C,0x14,0x10,
    0x00,0x00,0x00,0x0A,0x60,0x00,0x4E,0xD9,0x20,0x00,0x00,0x00,0x2C,0x00,0x28,0x7C,0x00,0x00,0x00,0x00,0x00,0xAA,0x00,0x00,0x0C,0x7C,0xE6,0x00,0x00,0x04,0x8B,0x12,
    0xBA,0xAC,0x26,0xC1,0x00,0x00,0x2A,0x0B,0x10,0x91,0x1A,0x2B,0x50,0x00,0x00,0x71,0x0B,0x00,0x25,0x6A,0x31,0x00,0x00,0x00,0x00,0x0C,0x03,0x85,0x57,0x00,0x00,0x00,
    0x00,0x00,0x0C,0x00,0x05,0xD4,0x00,0x00,0x00,0x00,0x00,0x0E,0x00,0x04,0xBB,0x50,0x00,0x00,0x00,0x00,0x1F,0x00,0x6A,0x11,0xCC,0x62,0x00,0x00,0x00,0x0B,0x17,0x50,
    0x00,0x1A,0xFF,0xD8,0x00,0x00,0x00,0x00,0x00,0x00,0x00,0x23,0x00,0x00,0x00,0x05,0x60,0x11,0x48,0xDC,0x30,0x00,0x00,0x07,0xE1,0xC9,0x52,0x5F,0x30,0x00,0x00,0x0B,
    0x60,0x77,0x00,0x76,0x00,0x00,0x00,0x3D,0x00,0x3A,0x58,0xD2,0x00,0x00,0x00,0xB6,0x00,0x07,0xA5,0x00,0x00,0x00,0x04,0xAB,0x00,0x00,0x68,0x6A,0xCA,0x10,0x1B,0x1B,
    0x26,0x99,0xE9,0x53,0x22,0x00,0x71,0x0B,0x03,0x13,0xEA,0x10,0x00,0x00,0x00,0x0C,0x00,0x0C,0x76,0xA4,0x00,0x00,0x00,0x0D,0x00,0xA5,0x56,0x1D,0xA2,0x00,0x00,0x2D,
    0x19,0x50,0x67,0x03,0xEF,0xC4,0x00,0x4C,0x21,0x00,0x77,0x00,0x12,0x00,0x00,0x3B,0x00,0x00,0x87,0x00,0x00,0x00,0x00,0x02,0x00,0x00,0x32,0x00,0x00,0x00,0x00,0x00,
    0x17,0x00,0x05,0x93,0x00,0x00,0x00,0x00,0x2F,0x60,0x01,0xBB,0x00,0x00,0x00,0x00,0x7C,0x00,0x00,0x02,0x00,0x00,0x00,0x00,0xD3,0x00,0x13,0x58,0xBD,0xE7,0x00,0x08,
    0xC0,0x9B,0x96,0x32,0x00,0x00,0x00,0x3C,0xA3,0x00,0x25,0x9C,0x60,0x00,0x01,0xC2,0x83,0x00,0x25,0x30,0x00,0x00,0x09,0x30,0x83,0x00,0x26,0x9C,0x60,0x00,0x00,0x00,
    0x83,0x00,0x34,0x20,0x00,0x00,0x00,0x00,0x93,0x02,0x45,0x8C,0xE7,0x00,0x00,0x00,0xA3,0x02,0xE5,0x31,0xDB,0x00,0x00,0x00,0xC3,0x00,0xC0,0x01,0xE1,0x00,0x00,0x00,
    0xE2,0x00,0x96,0x68,0x71,0x00,0x00,0x00,0x90,0x00,0x20,0x00,0x00,0x00,0x00,0x00,0x00,0x00,0x05,0x10,0x00,0x00,0x00,0x00,0xA7,0x00,0x0C,0x60,0x00,0x00,0x00,0x00,
    0xD8,0x00,0x0C,0x23,0x10,0x00,0x00,0x04,0xD0,0x03,0x7E,0xB9,0x50,0x00,0x00,0x0C,0x40,0x26,0x88,0x50,0x00,0x00,0x00,0x7D,0x00,0x01,0xA0,0x8B,0x00,0x00,0x03,0xC8,
    0x50,0x18,0x33,0x6A,0xBE,0xE5,0x1B,0x27,0x68,0x98,0x75,0x3B,0x20,0x10,0x71,0x07,0x40,0x77,0xCD,0x2A,0x50,0x00,0x00,0x08,0x40,0x84,0x2B,0x09,0x40,0x00,0x00,0x09,
    0x40,0x57,0x79,0x09,0x40,0x00,0x00,0x0B,0x30,0x13,0x00,0x09,0x50,0x00,0x00,0x0D,0x20,0x00,0x00,0x0A,0x50,0x00,0x00,0x0E,0x10,0x00,0x03,0x4C,0x50,0x00,0x00,0x06,
    0x00,0x00,0x00,0xBF,0x10,0x00,0x00,0x00,0x00,0x00,0x00,0x25,0x00,0x00,0x00,0x02,0x20,0x30,0x00,0x20,0x00,0x00,0x00,0x06,0xD0,0xA8,0x00,0xC6,0x00,0x00,0x00,0x0A,
    0x70,0x87,0x00,0xD3,0x00,0x00,0x00,0x2D,0x00,0x84,0x01,0xC0,0x00,0x00,0x00,0x95,0x00,0xAA,0x65,0x76,0xBE,0x30,0x03,0xD4,0x3A,0xD3,0x09,0xED,0x61,0x00,0x1A,0x39,
    0x00,0x90,0x19,0x0C,0x30,0x00,0x72,0x19,0x00,0x96,0x72,0x0C,0x20,0x00,0x00,0x29,0x5A,0x6B,0x98,0x1D,0x00,0x00,0x00,0x29,0x38,0x0A,0x21,0xAA,0x00,0x00,0x00,0x39,
    0x0B,0x8B,0x00,0x98,0x00,0x00,0x00,0x69,0x07,0x00,0x03,0xAA,0x40,0x00,0x00,0x78,0x00,0x00,0x4A,0x12,0xE5,0x00,0x00,0x35,0x00,0x06,0x50,0x00,0x6F,0xC4,0x00,0x00,
    0x00,0x00,0x00,0x00,0x01,0x10,0x00,0x00,0x00,0x00,0x22,0x00,0x00,0x00,0x00,0x00,0x00,0x94,0x00,0xAA,0x69,0x20,0x00,0x00,0x00,0x00,0xC8,0x07,0x63,0xA6,0x00,0x00,
    0x00,0x00,0x03,0xD0,0x24,0x47,0xCC,0xE8,0x00,0x00,0x00,0x0A,0x50,0x99,0x6C,0x31,0xE4,0x00,0x00,0x00,0x3D,0x40,0x27,0x1C,0x47,0x70,0x00,0x00,0x01,0xB4,0x90,0x05,
    0xB3,0x03,0x40,0x00,0x00,0x09,0x33,0x80,0x39,0x70,0x07,0xC1,0x00,0x00,0x22,0x03,0x70,0x24,0xA8,0x58,0x00,0x00,0x00,0x00,0x04,0x70,0x58,0x2E,0x6A,0x10,0x00,0x00,
    0x00,0x06,0x64,0x41,0xB7,0x73,0xD4,0x00,0x00,0x00,0x09,0x60,0x2B,0x34,0x90,0x6F,0xB6,0x10,0x00,0x0A,0x64,0x81,0x05,0xA0,0x05,0x65,0x10,0x00,0x06,0x30,0x01,0x7B,
    0x70,0x00,0x00,0x00,0x00,0x00,0x00,0x00,0x6E,0x20,0x00,0x00,0x00,0x00,0x00,0x00,0x00,0x01,0x00,0x00,0x00,0x00,0x00,0x00,0x00,0x07,0x40,0x00,0x00,0x00,0x00,0x04,
    0x70,0x07,0xF0,0x00,0x00,0x00,0x00,0x00,0xF3,0x06,0xB0,0x00,0x00,0x00,0x00,0x00,0xE2,0x06,0x80,0x00,0x00,0x00,0x00,0x00,0xE0,0x07,0x60,0x00,0x00,0x00,0x00,0x00,
    0xD0,0x07,0x50,0x00,0x00,0x00,0x00,0x01,0xC0,0x07,0x40,0x00,0x00,0x00,0x00,0x05,0x90,0x08,0x30,0x00,0x00,0x00,0x00,0x0A,0x50,0x08,0x30,0x00,0x06,0x00,0x00,0x4B,
    0x00,0x07,0x50,0x00,0x0C,0x00,0x03,0xB1,0x00,0x03,0xC3,0x01,0x7F,0x20,0x47,0x00,0x00,0x00,0x6D,0xFF,0xD9,0x10,0x00,0x00,0x01,0x71,0x00,0x00,0x00,0x00,0x00,0x00,
    0x00,0xD7,0x00,0x00,0x00,0x00,0x00,0x00,0x00,0xB4,0x02,0x60,0x00,0x00,0x00,0x01,0x00,0xA3,0x1B,0xB1,0x00,0x00,0x00,0x08,0xB0,0xA3,0x84,0x00,0x00,0x00,0x00,0x01,
    0x90,0xB2,0x00,0x00,0x00,0x00,0x00,0x00,0x01,0xC7,0x9D,0xFA,0x00,0x00,0x05,0xAA,0xBA,0x7B,0x31,0x10,0x00,0x00,0x00,0x20,0x4C,0x0C,0x20,0x00,0x00,0x00,0x00,0x00,
    0x87,0x0C,0x10,0x00,0x00,0x00,0x00,0x02,0xD1,0x0C,0x00,0x00,0x01,0x10,0x00,0x0B,0x50,0x0C,0x00,0x00,0x04,0x30,0x00,0x97,0x00,0x0C,0x00,0x00,0x08,0x60,0x1A,0x50,
    0x00,0x08,0x81,0x02,0x5E,0x90,0x51,0x00,0x00,0x00,0x8D,0xFE,0xC8,0x20,0x00,0x00,0x00,0x00,0x00,0x10,0x00,0x00,0x00,0x00,0x00,0x50,0x00,0xA8,0x00,0x00,0x00,0x06,
    0x00,0xC6,0x00,0xD8,0x00,0x00,0x00,0x0A,0x90,0x6C,0x02,0xD0,0x00,0x00,0x00,0x02,0xF1,0x05,0x09,0x40,0x00,0x00,0x00,0x00,0x40,0x00,0x28,0x00,0x00,0x00,0x00,0x01,
    0x24,0x57,0xB9,0x9B,0xDD,0x40,0x9D,0xC9,0x75,0x31,0x00,0x00,0x00,0x00,0x00,0x00,0x1E,0x40,0x42,0x00,0x00,0x00,0x00,0x00,0x7C,0x10,0x2D,0x70,0x00,0x00,0x00,0x04,
    0xD1,0x00,0x04,0xF9,0x00,0x00,0x00,0x3B,0x20,0x00,0x00,0x7F,0x30,0x00,0x03,0x70,0x00,0x00,0x00,0x09,0x20,0x00,0x00,0x00,0x00,0x00,0x27,0x10,0x00,0x00,0x00,0x00,
    0x00,0x00,0x0E,0x60,0x00,0x00,0x00,0x00,0x2C,0x30,0x0C,0x40,0x00,0x00,0x00,0x00,0x0B,0x72,0x4D,0xCE,0xA0,0x00,0x00,0x06,0x9D,0xA6,0x4C,0x40,0x00,0x00,0x00,0x00,
    0x17,0x76,0x3B,0x20,0x00,0x00,0x00,0x00,0x06,0x72,0x0B,0x20,0x00,0x00,0x00,0x00,0x06,0xCC,0x6B,0x10,0x00,0x00,0x00,0x00,0x06,0x60,0x0B,0x10,0x00,0x00,0x00,0x00,
    0x05,0x62,0x4C,0x8A,0xDE,0xC2,0x06,0x79,0xAA,0x97,0x43,0x10,0x01,0x10,0x05,0x63,0x03,0x70,0x04,0x20,0x00,0x00,0x00,0x00,0x09,0xC0,0x03,0xE5,0x00,0x00,0x00,0x00,
    0x4C,0x10,0x00,0x7F,0x20,0x00,0x00,0x03,0xA1,0x00,0x00,0x0C,0x50,0x00,0x00,0x04,0x00,0x00,0x00,0x01,0x00,0x00,0x00,0x00,0x00,0x00,0x72,0x00,0x00,0x00,0x00,0x00,
    0x08,0x30,0xB9,0x00,0x00,0x00,0x00,0x00,0x07,0xA0,0xA5,0x00,0x00,0x00,0x00,0x00,0x04,0xA1,0xBA,0xCD,0x40,0x00,0x00,0x00,0x16,0xEB,0xCA,0x1F,0xA0,0x00,0x00,0x2E,
    0xB4,0xC0,0xA2,0x0F,0x30,0x00,0x00,0x0A,0x21,0xA0,0xB5,0x3E,0x00,0x00,0x00,0x05,0x78,0xB5,0xC6,0x5A,0x00,0x00,0x00,0x01,0x90,0xA0,0xA0,0x66,0x00,0x00,0x00,0x00,
    0xA0,0xA0,0xB5,0xBB,0xCE,0xD3,0x02,0x46,0xB7,0x86,0x42,0x00,0x00,0x00,0x49,0x72,0x0B,0x40,0x08,0x50,0x00,0x00,0x00,0x00,0x5E,0x30,0x03,0xED,0x30,0x00,0x00,0x02,
    0xD3,0x00,0x00,0x3E,0xB0,0x00,0x00,0x3A,0x20,0x00,0x00,0x03,0xA0,0x00,0x00,0x30,0x00,0x00,0x00,0x00,0x00,0x00,0x00,0x00,0x00,0x01,0x8A,0x30,0x00,0x00,0x00,0x00,
    0x9B,0xBB,0xBF,0x60,0x00,0x00,0x00,0x00,0x5B,0x00,0x5C,0x00,0x00,0x00,0x00,0x00,0x3C,0x00,0x78,0x00,0x00,0x00,0x00,0x00,0x2C,0x10,0x85,0x00,0x00,0x00,0x00,0x00,
    0x2B,0xC8,0xA3,0x00,0x00,0x00,0x00,0x00,0x49,0x15,0xB2,0x00,0x00,0x00,0x00,0x00,0x76,0x00,0xC0,0x00,0x00,0x00,0x00,0x00,0xC1,0x00,0xB0,0x00,0x00,0x41,0x00,0x07,
    0x90,0x00,0xA2,0x00,0x00,0xA2,0x00,0x4C,0x10,0x00,0x6A,0x20,0x26,0xF5,0x05,0xB1,0x00,0x00,0x06,0xBE,0xFD,0x91,0x25,0x00,0x00,0x00,0x00,0x00,0x00,0x00,0x00,0x1C,
    0x60,0x00,0x00,0x00,0x00,0x00,0x00,0x0A,0xB0,0x00,0x00,0x00,0x00,0x00,0x00,0x07,0x90,0x00,0x00,0x00,0x00,0x00,0x00,0x06,0x80,0x00,0x00,0x01,0x64,0x00,0x00,0x06,
    0x74,0x73,0x79,0x99,0x9F,0x80,0x03,0x7C,0xEA,0x60,0x2A,0x80,0x1F,0x30,0x58,0x78,0x50,0x00,0x0D,0x30,0x2E,0x00,0x00,0x07,0x40,0x30,0x4B,0x00,0x4B,0x00,0x00,0x0A,
    0x6A,0x20,0xC3,0x00,0x79,0x00,0x00,0x3F,0xB1,0x07,0x80,0x00,0xC6,0x00,0x00,0xAB,0x00,0x6A,0x01,0x77,0xF1,0x00,0x00,0x51,0x18,0x60,0x00,0x9F,0x90,0x00,0x00,0x00,
    0x31,0x00,0x00,0x39,0x00,0x00,0x00,0x00,0x00,0x00,0x00,0x05,0xC2,0x00,0x00,0x04,0x88,0x00,0x00,0xF4,0x00,0x29,0xDB,0x62,0x00,0x00,0xD1,0x00,0x00,0xB7,0x00,0x0B,
    0x40,0xB1,0x00,0x06,0x70,0x67,0x07,0x50,0xB1,0x00,0x9C,0x88,0x7D,0x26,0x50,0xA1,0x01,0xC6,0x5B,0x02,0x06,0x60,0xA2,0x00,0x00,0x1D,0x63,0x07,0x60,0xA2,0x00,0x18,
    0xAD,0x51,0x08,0x60,0xA3,0x00,0x00,0x1A,0x01,0x24,0x30,0xB3,0x00,0x14,0x7D,0x85,0x10,0x00,0xB4,0x0B,0xD8,0x40,0x00,0x00,0x10,0xC4,0x00,0x00,0x00,0x00,0x00,0x5C,
    0xF3,0x00,0x00,0x00,0x00,0x00,0x09,0xE0,0x00,0x00,0x00,0x00,0x00,0x01,0x40,0x00,0x00,0x00,0x0C,0x60,0x00,0x00,0x00,0x00,0x00,0x0B,0xA0,0x00,0x00,0x00,0x00,0x00,
    0x0C,0x50,0x00,0x00,0x00,0x00,0x00,0x0E,0x10,0x33,0x00,0x00,0x00,0x24,0x7E,0xAB,0xCF,0x70,0x00,0x5E,0xD8,0xA8,0x00,0x0E,0x70,0x00,0x00,0x00,0xC3,0x00,0x0F,0x10,
    0x00,0x00,0x03,0xC0,0x00,0x2E,0x00,0x00,0x00,0x0B,0x50,0x00,0x4C,0x00,0x00,0x00,0x5C,0x00,0x00,0x8A,0x00,0x00,0x03,0xD2,0x00,0x00,0xC7,0x00,0x00,0x2C,0x30,0x02,
    0x03,0xF2,0x00,0x04,0xB2,0x00,0x03,0xDF,0xB0,0x00,0x16,0x00,0x00,0x00,0x8D,0x20,0x00,0x00,0x00,0x00,0x00,0x11,0x00,0x00,0x00,0x00,0x4B,0x20,0x00,0x00,0x00,0x00,
    0x00,0x00,0x3F,0x10,0x00,0x00,0x00,0x00,0x00,0x00,0x4C,0x00,0x00,0x00,0x00,0x00,0x00,0x00,0x69,0x00,0x00,0x00,0x00,0x00,0x00,0x01,0xAC,0xDB,0x10,0x00,0x00,0x00,
    0x08,0xC9,0xD4,0x4F,0x3D,0xCD,0xFF,0x90,0x00,0x01,0xD0,0x3C,0x0C,0x10,0x0F,0x30,0x00,0x05,0x80,0x59,0x0A,0x20,0x1D,0x00,0x00,0x0B,0x10,0x77,0x09,0x30,0x39,0x00,
    0x00,0x57,0x00,0xB4,0x08,0x54,0xAA,0x00,0x02,0xA0,0x12,0xE0,0x07,0x31,0x00,0x00,0x19,0x10,0xAE,0x70,0x00,0x00,0x00,0x00,0x51,0x00,0x47,0x00,0x00,0x00,0x00,0x00,
    0x00,0x00,0x00,0x49,0x00,0x00,0x00,0x00,0x00,0x00,0x00,0x00,0x8D,0x10,0x00,0x00,0x00,0x00,0x00,0x00,0x01,0xE6,0x7C,0xB1,0x00,0x00,0x00,0x00,0x00,0x09,0x74,0x2A,
    0xD2,0x00,0x00,0x00,0x00,0x00,0x69,0x82,0x6D,0x20,0x00,0x00,0x00,0x00,0x03,0x60,0x0B,0xE2,0x00,0x00,0x00,0x00,0x00,0x00,0x00,0x8B,0x6B,0x30,0x00,0x00,0x00,0x00,
    0x00,0x4C,0x75,0x13,0xDA,0x40,0x00,0x00,0x00,0x3A,0x92,0x0E,0x50,0x1B,0xFE,0xB8,0x10,0x17,0x61,0x13,0x5F,0xAD,0xC2,0x46,0x41,0x00,0x00,0x04,0xB9,0xB9,0x13,0xF3,
    0x00,0x00,0x00,0x00,0x00,0x01,0xD2,0x04,0xC0,0x00,0x00,0x00,0x00,0x00,0x0B,0x60,0x07,0x90,0x00,0x00,0x00,0x00,0x00,0xA7,0x03,0x2D,0x50,0x00,0x00,0x00,0x00,0x3A,
    0x40,0x04,0xFD,0x00,0x00,0x00,0x00,0x00,0x30,0x00,0x00,0x72,0x00,0x00,0x00,0x00,0x00,0x00,0x00,0x00,0x00,0x10,0x00,0x00,0x00,0x00,0x00,0x00,0x00,0xD7,0x00,0x00,
    0x00,0x00,0x00,0x00,0x00,0xB8,0x00,0x00,0x00,0x00,0x16,0x81,0x00,0xC4,0x00,0x00,0x00,0x1A,0xB9,0x51,0x00,0xE2,0x55,0x00,0x00,0x00,0x00,0x01,0x79,0xE8,0x7F,0x70,
    0x00,0x13,0x6A,0xC9,0x25,0xA0,0x0F,0x10,0x5B,0xA7,0xD1,0x00,0x08,0x70,0x1D,0x00,0x00,0x04,0xB0,0x70,0x0C,0x20,0x3C,0x00,0x00,0x0A,0x14,0xB7,0x3C,0x00,0x5A,0x00,
    0x01,0xBC,0xA4,0x2A,0x95,0x00,0x98,0x00,0x01,0xB4,0x00,0x04,0xB0,0x01,0xE5,0x00,0x00,0x00,0x00,0x2B,0x10,0xAD,0xE0,0x00,0x00,0x00,0x02,0xA1,0x00,0x3E,0x40,0x00,
    0x00,0x00,0x16,0x00,0x00,0x00,0x00,0x00,0x00,0x00,0x00,0x00,0x00,0x21,0x00,0x00,0x00,0x00,0x00,0x00,0x00,0x6E,0x10,0x00,0x00,0x00,0x01,0x10,0x00,0x5D,0x00,0x00,
    0x00,0x66,0xAE,0xE3,0x00,0x69,0x00,0x00,0x00,0x99,0x23,0xE1,0x00,0x95,0x00,0x00,0x00,0x77,0x03,0xC0,0x01,0xC8,0xCD,0x30,0x00,0x6C,0xC5,0xA2,0x99,0xD2,0x2F,0x30,
    0x00,0x67,0x03,0x90,0x05,0x90,0x1D,0x00,0x00,0x5D,0xD6,0x80,0x09,0x40,0x3B,0x00,0x00,0x56,0x05,0x81,0x1D,0x00,0x59,0x00,0x00,0x55,0x06,0xA5,0x87,0x00,0x87,0x00,
    0x14,0xAA,0x62,0x02,0xC0,0x00,0xD5,0x00,0x5D,0x61,0x00,0x0B,0x30,0x8A,0xF1,0x00,0x00,0x00,0x00,0x94,0x00,0x2F,0x90,0x00,0x00,0x00,0x03,0x10,0x00,0x03,0x00,0x00,
    0x00,0x00,0x00,0x00,0x92,0x00,0x00,0x00,0x04,0xA1,0x00,0xD7,0x00,0x00,0x00,0x00,0xD3,0x00,0xD2,0x00,0x00,0x00,0x02,0xB8,0x79,0xFD,0xEA,0x00,0x02,0xA9,0xA7,0x24,
    0x70,0x00,0x00,0x05,0x00,0x36,0x4B,0x89,0xBE,0xA1,0x0D,0x77,0x77,0x63,0x11,0x08,0xF9,0x7A,0x00,0x06,0xC0,0x00,0x06,0x20,0x93,0x00,0x2A,0xB9,0xDA,0x10,0x00,0x00,
    0x6A,0x8E,0x21,0x5E,0x10,0x00,0x00,0x00,0x77,0x00,0x69,0x00,0x00,0x00,0x03,0xC0,0x00,0x96,0x00,0x00,0x00,0x2C,0x20,0x00,0xE2,0x00,0x00,0x05,0xA2,0x02,0x9B,0xB0,
    0x00,0x00,0x45,0x00,0x00,0x9E,0x30,0x00,0x00,0x00,0x00,0x00,0x12,0x00,0x00,0x00,0x00,0x00,0x00,0x01,0x10,0x00,0x00,0x00,0x00,0x00,0x0B,0x12,0xE1,0x00,0x00,0x00,
    0x00,0x00,0x4D,0x10,0xD0,0x4C,0x10,0x00,0x00,0x00,0xB3,0x00,0xA3,0xC5,0x00,0x00,0x00,0x07,0xC3,0x00,0xC9,0x10,0x00,0x00,0x00,0x49,0x66,0x37,0xA0,0x00,0x70,0x00,
    0x01,0x60,0x66,0x00,0x92,0x04,0xE0,0x00,0x00,0x00,0x86,0x03,0x3C,0xFE,0x90,0x00,0x00,0x00,0x63,0x09,0x80,0x00,0x00,0x00,0x00,0x00,0x23,0x5A,0xB9,0xAC,0xEF,0xB1,
    0x09,0xCB,0x86,0x49,0x71,0x10,0x01,0x10,0x00,0x00,0x00,0x09,0x60,0x00,0x00,0x00,0x00,0x00,0x00,0x09,0x50,0x00,0x00,0x00,0x00,0x00,0x00,0x09,0x50,0x00,0x00,0x00,
    0x00,0x00,0x00,0x09,0x40,0x00,0x00,0x00,0x00,0x00,0x00,0x07,0x20,0x00,0x00,0x00,0x00,0x00,0x00,0x00,0x00,0x00,0x00,0x00,0x00,0x00,0x08,0x20,0x00,0x00,0x00,0x00,
    0x00,0x00,0x0F,0x70,0x00,0x00,0x00,0x00,0x00,0x00,0x4C,0x02,0x20,0x00,0x00,0x00,0x00,0x00,0xB9,0xBC,0x50,0x00,0x00,0x00,0x00,0x06,0x67,0x80,0x06,0xCD,0xFF,0x90,
    0x00,0x04,0x04,0xA7,0x94,0xB0,0x0B,0xA0,0x02,0x47,0xAA,0xB3,0x12,0xC0,0x0A,0x60,0x29,0x86,0x03,0x84,0x22,0xC0,0x0C,0x40,0x00,0x0A,0x63,0xB7,0x21,0xC4,0x9F,0x10,
    0x00,0x07,0x53,0x71,0x11,0xC0,0x88,0x00,0x00,0x05,0x89,0xC8,0x21,0xC0,0x00,0x00,0x04,0xCD,0x83,0x00,0x02,0xC0,0x00,0x00,0x00,0x30,0x00,0x00,0x02,0xC0,0x00,0x00,
    0x00,0x00,0x00,0x00,0x02,0xB0,0x00,0x00,0x00,0x00,0x00,0x00,0x02,0x90,0x00,0x00,0x00,0x00,0x00,0x00,0x01,0x50,0x00,0x00,0x00,0x00,0x00,0x02,0x61,0x00,0x00,0x00,
    0x00,0x15,0x69,0xCC,0xFC,0x00,0x00,0x00,0x00,0x04,0x53,0x04,0xF3,0x00,0x00,0x00,0x00,0x48,0x10,0x07,0xB0,0x00,0x00,0x00,0x00,0x06,0xA0,0x0C,0x50,0x00,0x00,0x00,
    0x00,0x00,0x58,0x3D,0x00,0x00,0x00,0x00,0x00,0x00,0x08,0xD6,0x00,0x00,0x00,0x00,0x00,0x00,0x07,0xF3,0x00,0x00,0x00,0x00,0x00,0x00,0x7B,0x3D,0x30,0x00,0x00,0x00,
    0x00,0x19,0x90,0x04,0xF8,0x10,0x00,0x00,0x17,0xA4,0x00,0x00,0x6F,0xE8,0x30,0x00,0x21,0x00,0x00,0x00,0x06,0xDD,0xCA,0x20,0x00,0x00,0x00,0x00,0x01,0x30,0x00,0x00,
    0x00,0x00,0x00,0x00,0x2B,0xF8,0x00,0x00,0x00,0x00,0x20,0x4A,0xB7,0x30,0x00,0x00,0x00,0x01,0xF9,0x41,0x00,0x00,0x00,0x00,0x00,0x00,0xE3,0x00,0x00,0x00,0x00,0x00,
    0x00,0x00,0xF1,0x02,0x7D,0xC2,0x00,0x00,0x00,0x01,0xE7,0x97,0x29,0xC0,0x00,0x00,0x00,0x04,0xB4,0x40,0x0C,0x50,0x00,0x00,0x00,0x07,0x70,0x76,0x2E,0x10,0x00,0x00,
    0x00,0x0C,0x20,0x07,0xC8,0x00,0x00,0x00,0x00,0x3A,0x00,0x04,0xEA,0x10,0x00,0x00,0x00,0xB2,0x00,0x6D,0x28,0xD5,0x00,0x00,0x07,0x31,0x5A,0x81,0x00,0x9F,0xD8,0x51,
    0x43,0x01,0x20,0x00,0x00,0x08,0xDC,0xA7,0x00,0x00,0x00,0x05,0x35,0x9E,0xA1,0x9C,0xDF,0xFE,0x19,0xB4,0x15,0xF4,0x4B,0x00,0xA5,0x06,0x90,0x06,0xB0,0x0D,0x00,0xD1,
    0x06,0x90,0x09,0x80,0x0C,0x46,0x82,0x06,0x92,0x4E,0x40,0x07,0x00,0x00,0x06,0x91,0xEC,0x00,0x00,0x00,0x00,0x06,0x90,0x41,0x00,0x00,0x00,0x00,0x06,0x90,0x00,0x00,
    0x00,0x00,0x00,0x06,0x80,0x00,0x00,0x00,0x00,0x00,0x06,0x80,0x00,0x00,0x00,0x00,0x00,0x07,0x60,0x00,0x00,0x00,0x00,0x00,0x07,0x40,0x00,0x00,0x00,0x00,0x00,0x06,
    0x10,0x00,0x00,0x00,0x00,0x00,0x02,0x6B,0xE7,0x00,0x00,0x02,0xDB,0xA7,0x31,0xEF,0x30,0x00,0x00,0x97,0x00,0x00,0xE7,0x00,0x00,0x00,0x49,0x00,0x02,0xD0,0x00,0x00,
    0x00,0x1A,0x00,0x39,0xC0,0x00,0x00,0x00,0x09,0x56,0x42,0x00,0x00,0x00,0x00,0x00,0x00,0x00,0x00,0x00,0x00,0x00,0x09,0x20,0x08,0x40,0x00,0x00,0x00,0x6F,0x40,0x01,
    0xDB,0x20,0x00,0x03,0xD4,0x00,0x00,0x2E,0xD1,0x00,0x4C,0x30,0x00,0x00,0x04,0xF5,0x06,0x71,0x00,0x00,0x00,0x00,0x53,0x00,0x00,0x00,0x00,0x00,0x00,0x00,0x00,0x00,
    0x00,0x00,0x00,0x40,0x00,0x00,0x00,0x00,0x00,0xBA,0x00,0x00,0x00,0x00,0x00,0x7B,0x00,0x00,0x00,0x32,0x00,0x69,0x64,0x6C,0xD5,0x1E,0x20,0x68,0x8B,0x34,0xF4,0x0C,
    0x10,0x58,0x59,0x04,0xA0,0x1D,0x04,0xA8,0x3A,0x07,0x90,0x7F,0xB6,0x68,0x2D,0x8A,0x50,0x65,0x00,0x68,0x0A,0x00,0x00,0x00,0x00,0x68,0x02,0x00,0x00,0x00,0x00,0x78,
    0x00,0x00,0x00,0x00,0x00,0x77,0x00,0x00,0x00,0x00,0x00,0x87,0x00,0x00,0x00,0x00,0x00,0x95,0x00,0x00,0x00,0x00,0x00,0x91,0x00,0x00,0x00,0x00,0x00,0x20,0x00,0x01,
    0x23,0x46,0x79,0xAC,0xEF,0xB1,0x1B,0xDA,0x76,0x42,0x17,0x80,0x01,0x20,0x00,0x01,0x02,0x68,0x14,0xD0,0x00,0x00,0x00,0x08,0xFF,0xFF,0x33,0xB0,0x00,0x00,0x00,0x03,
    0xA2,0x39,0x02,0xB0,0x00,0x00,0x00,0x00,0xA0,0x38,0x03,0xB0,0x00,0x00,0x00,0x00,0x55,0x20,0x03,0xB0,0x00,0x00,0x00,0x00,0x00,0x00,0x04,0xB0,0x00,0x00,0x00,0x00,
    0x00,0x00,0x04,0xB0,0x00,0x00,0x00,0x00,0x00,0x00,0x06,0xB0,0x00,0x00,0x00,0x00,0x00,0x03,0x8C,0xA0,0x00,0x00,0x00,0x00,0x00,0x00,0x8F,0x50,0x00,0x00,0x00,0x00,
    0x00,0x00,0x07,0x00,0x00,0x00,0x00,0x00,0x00,0x08,0x80,0x00,0x00,0x00,0x00,0x00,0x00,0x04,0xF0,0x00,0x00,0x00,0x00,0x00,0x15,0x02,0xD0,0x00,0x00,0x00,0x00,0x00,
    0x2F,0x32,0xC0,0x53,0x00,0x00,0x00,0x00,0x5A,0x26,0xEE,0xD4,0x00,0x00,0x00,0x00,0xBB,0xFE,0xD5,0x00,0x00,0x00,0x00,0x02,0x90,0x02,0xB4,0x7A,0xDF,0xC1,0x36,0x7C,
    0x97,0x66,0x42,0x11,0x00,0x10,0x16,0x51,0x00,0x00,0x00,0x00,0x00,0x00,0x00,0x00,0x21,0x25,0x8D,0xD6,0x00,0x00,0x00,0x00,0x6E,0x74,0x20,0xCD,0x10,0x00,0x00,0x00,
    0x1E,0x00,0x00,0xC3,0x00,0x00,0x00,0x00,0x0B,0x10,0x14,0xE1,0x00,0x00,0x00,0x00,0x08,0xA9,0x86,0x51,0x00,0x00,0x00,0x00,0x01,0x10,0x00,0x00,0x00,0x00,0x00,0x00,
    0x00,0x00,0x02,0x9C,0x40,0x00,0x00,0x00,0x00,0x2D,0xDB,0xAF,0x60,0x00,0x27,0x7C,0xD5,0x2C,0x13,0x96,0x00,0x00,0x0E,0x31,0xE5,0x4F,0xEB,0x83,0x00,0x00,0x0A,0x21,
    0xC0,0x75,0x10,0x00,0x00,0x00,0x09,0x36,0x90,0xB1,0xC3,0x09,0xB0,0x00,0x07,0x62,0x01,0xB0,0xB2,0x6A,0x20,0x00,0x03,0x10,0x08,0x50,0xA6,0x50,0x00,0x00,0x00,0x00,
    0x2C,0x00,0xA1,0x00,0x00,0x50,0x00,0x00,0xB2,0x00,0xA0,0x00,0x00,0xC1,0x00,0x1A,0x30,0x00,0x77,0x21,0x39,0xF4,0x00,0x61,0x00,0x00,0x08,0xDF,0xEB,0x60,0x00,0x00,
    0x00,0x23,0x00,0x00,0x00,0x00,0x00,0x00,0x00,0x7E,0x00,0x00,0x00,0x00,0x00,0x00,0x00,0xD8,0x70,0x00,0x00,0x00,0x00,0x00,0x08,0xA0,0x59,0x00,0x00,0x00,0x00,0x00,
    0x5C,0x10,0x06,0xC2,0x00,0x00,0x00,0x04,0xC5,0x8A,0x92,0x6E,0x70,0x00,0x00,0x6A,0x10,0x01,0x13,0x88,0xFD,0x82,0x18,0x97,0xAE,0xA8,0xE9,0xAE,0x37,0x75,0x30,0x2C,
    0x28,0x56,0x70,0x6C,0x00,0x00,0x00,0x0B,0x09,0x15,0x70,0x96,0x00,0x00,0x00,0x0B,0x44,0x16,0x78,0xE2,0x00,0x00,0x00,0x02,0x00,0x06,0x73,0x70,0x00,0x00,0x00,0x00,
    0x00,0x07,0x60,0x00,0x00,0x00,0x00,0x00,0x00,0x07,0x50,0x00,0x00,0x00,0x00,0x00,0x00,0x07,0x40,0x00,0x00,0x00,0x00,0x00,0x00,0x06,0x10,0x00,0x00,0x00,0x00,0x00,
    0x00,0x56,0x10,0x00,0x00,0x00,0x00,0x00,0x18,0xEA,0x20,0x00,0x00,0x00,0x00,0x17,0xAC,0x10,0x00,0x00,0x00,0x00,0x00,0x11,0x0B,0x30,0x00,0x00,0x00,0x00,0x00,0x00,
    0x0A,0x57,0x40,0x00,0x00,0x00,0x24,0x69,0xBF,0x64,0x43,0x47,0xBE,0x91,0x38,0x62,0xAE,0x00,0x5D,0x53,0x1A,0xD1,0x00,0x03,0xCA,0x74,0x1C,0x00,0x0B,0x60,0x00,0x1C,
    0x2A,0x3D,0x0C,0x00,0x0E,0x10,0x00,0xA4,0x0B,0x00,0x0B,0x78,0xAA,0x30,0x19,0x30,0x0D,0x00,0x08,0x10,0x00,0x00,0x21,0x00,0x0E,0x00,0x00,0x00,0x00,0x00,0x00,0x00,
    0x2F,0x00,0x00,0x00,0x00,0x00,0x00,0x00,0x1D,0x00,0x00,0x00,0x00,0x00,0x00,0x00,0x02,0x00,0x00,0x00,0x00,0x00,0x00,0x00,0x00,0x00,0x00,0x00,0x00,0x00,0x00,0x00,
    0x00,0x0C,0x80,0x00,0x00,0x00,0x00,0x00,0x00,0x07,0x90,0x00,0x00,0x00,0x00,0x00,0x01,0x39,0xBA,0xDB,0x20,0x00,0x00,0x01,0x88,0x79,0x81,0x00,0x00,0x00,0x00,0x00,
    0x03,0x6B,0xEE,0xB0,0x00,0x00,0x00,0x00,0x27,0x99,0xAC,0xE6,0x00,0x00,0x00,0x00,0x6C,0x32,0x14,0xE4,0x00,0x00,0x00,0x00,0x0D,0xBD,0xFF,0x60,0x00,0x00,0x00,0x00,
    0x03,0x53,0x21,0x71,0x00,0x00,0x00,0x00,0x08,0x40,0x06,0xA1,0x00,0x00,0x00,0x12,0x36,0xB7,0x7B,0x99,0xBD,0xD6,0x4C,0xA8,0xDF,0xFE,0xEF,0xF8,0x00,0x00,0x00,0x00,
    0x2B,0x00,0x00,0xBD,0x10,0x00,0x00,0x00,0x0C,0x12,0x36,0xE1,0x00,0x00,0x00,0x00,0x0A,0xDB,0x99,0x81,0x00,0x00,0x00,0x00,0x03,0x00,0x00,0x00,0x00,0x00,0x23,0x35,
    0x67,0x9B,0xDD,0x50,0x8C,0x75,0x96,0x10,0x1C,0xD0,0x59,0x00,0x7A,0x00,0x09,0x80,0x48,0x00,0x77,0x35,0x09,0x70,0x57,0x28,0xCC,0xA6,0x18,0x70,0x57,0x00,0xA2,0x00,
    0x08,0x70,0x66,0x01,0xB5,0x50,0x07,0x80,0x75,0x09,0x31,0xC9,0x07,0x80,0x84,0x85,0x00,0x29,0x08,0x80,0x93,0x00,0x00,0x00,0x08,0x80,0xC7,0x79,0xBC,0xEF,0x8A,0x80,
    0xD5,0x42,0x11,0x00,0x9F,0x70,0x50,0x00,0x00,0x00,0x3F,0x20,0x00,0x00,0x00,0x00,0x04,0x00,0x00,0x00,0x00,0x02,0x81,0x00,0x00,0x00,0x00,0x00,0x00,0x01,0xF5,0x00,
    0x00,0x00,0x00,0x00,0x00,0x03,0xD0,0x00,0x20,0x00,0x00,0x00,0x00,0x08,0x96,0xAE,0xD2,0x00,0x00,0x00,0x48,0xBE,0xC9,0x62,0x00,0x00,0x00,0x00,0x01,0x79,0x03,0x40,
    0x00,0x00,0x00,0x00,0x01,0xC1,0x02,0xF3,0x00,0x00,0x00,0x00,0x1C,0x50,0x00,0xF1,0x00,0x00,0x00,0x00,0x5D,0x00,0x00,0xF6,0xA9,0x00,0x00,0x03,0xBC,0x02,0xAC,0xF9,
    0x51,0x00,0x00,0x3B,0x1B,0x00,0x00,0xE0,0x00,0x00,0x03,0xA1,0x1B,0x00,0x01,0xD0,0x00,0x00,0x15,0x00,0x2B,0x23,0x46,0xEA,0xCE,0xE8,0x00,0x00,0x5B,0x77,0x53,0x11,
    0x01,0x22,0x00,0x00,0x58,0x00,0x00,0x00,0x00,0x00,0x00,0x00,0x01,0x00,0x00,0x00,0x00,0x00,0x00,0x00,0x00,0x00,0x31,0x00,0x00,0x00,0x00,0x00,0x00,0x00,0x7E,0x10,
    0x00,0x00,0x00,0x26,0x00,0x00,0x3E,0x00,0x00,0x00,0x00,0x1F,0x40,0x00,0x2D,0x00,0x00,0x00,0x00,0x0D,0x30,0x00,0x2C,0x00,0x00,0x00,0x00,0x0C,0x20,0x72,0x2B,0x1B,
    0xB1,0x00,0x00,0x0B,0x63,0x77,0x2D,0xA9,0xC0,0x00,0x03,0x8E,0xA2,0x68,0xAA,0x08,0x70,0x00,0x03,0x4C,0x02,0xB8,0x38,0x0A,0x40,0x00,0x00,0x0C,0x16,0x84,0x36,0x8E,
    0x00,0x20,0x00,0x0C,0x83,0x64,0x34,0x46,0x00,0x63,0x14,0xAA,0x10,0x47,0x00,0x00,0x00,0x96,0x5E,0x60,0x00,0x1C,0x41,0x01,0x49,0xF8,0x00,0x00,0x00,0x02,0xAD,0xFE,
    0xDA,0x50,0x00,0x00,0x00,0x01,0x81,0x00,0x00,0x00,0x00,0x07,0x30,0x00,0xB6,0x00,0x00,0x00,0x00,0x0C,0x60,0x00,0x94,0x00,0x00,0x00,0x00,0x2D,0x00,0x00,0x83,0x00,
    0x00,0x00,0x00,0x79,0x8F,0x70,0x83,0x00,0x00,0x00,0x01,0xC4,0x1E,0x40,0x84,0xCA,0x20,0x00,0x08,0x60,0x3B,0x00,0x92,0x1A,0xC0,0x00,0x36,0x48,0x94,0x00,0xA3,0x00,
    0x20,0x00,0x20,0x04,0xE1,0x00,0xB3,0x00,0x00,0x00,0x00,0x0C,0x5A,0x40,0xB3,0x00,0x00,0x00,0x00,0x96,0x01,0xBA,0x91,0x00,0x00,0x00,0x19,0x60,0x00,0x07,0xFB,0x62,
    0x00,0x00,0x41,0x00,0x00,0x00,0x3C,0xFF,0xE9,0x20,0x00,0x00,0x00,0x00,0x00,0x22,0x00,0x00,0x00,0x00,0x00,0x00,0x03,0x00,0x00,0x00,0x2D,0x30,0x00,0x0C,0x40,0x00,
    0x00,0x4D,0x10,0x00,0x4C,0xBE,0x40,0x00,0xA5,0x00,0x02,0x91,0x1E,0x60,0x02,0xD7,0xBE,0x55,0x84,0x87,0x00,0x09,0x45,0x19,0x80,0x18,0x80,0x00,0xA9,0xBE,0x58,0x51,
    0x86,0x40,0x00,0x77,0x1C,0x28,0x56,0x17,0xA0,0x00,0x47,0x4C,0x0A,0x40,0x4C,0x9C,0xA1,0x27,0x10,0x0B,0x24,0xA0,0x08,0xC1,0x00,0x00,0x0E,0x23,0x4C,0x2D,0x20,0x00,
    0x04,0x5B,0x00,0x06,0xC6,0x00,0x00,0x06,0xF5,0x00,0x1B,0x80,0x00,0x00,0x00,0x40,0x03,0xC6,0x00,0x00,0x00,0x00,0x02,0x99,0x20,0x00,0x00,0x00,0x00,0x14,0x10,0x00,
    0x00,0x00,0x00,0x00,0x09,0xA1,0x00,0x00,0x00,0x00,0x00,0x00,0x04,0xF2,0x00,0x00,0x00,0x00,0x00,0x00,0x02,0xF0,0x00,0x00,0x00,0x00,0x00,0x00,0x02,0xE0,0x00,0x00,
    0x00,0x00,0x00,0x00,0x02,0xD4,0x7B,0xEC,0x10,0x00,0x01,0x8A,0xAA,0xD5,0x31,0x10,0x00,0x00,0x00,0x12,0x05,0xC0,0x00,0x00,0x00,0x00,0x00,0x00,0x07,0xB5,0x00,0x00,
    0x00,0x00,0x00,0x00,0x0D,0x2A,0x30,0x00,0x00,0x00,0x00,0x00,0x69,0x02,0xD2,0x00,0x00,0x00,0x00,0x04,0xC1,0x00,0x5E,0x50,0x00,0x00,0x01,0x8A,0x10,0x00,0x08,0xFC,
    0x61,0x00,0x16,0x20,0x00,0x00,0x00,0x8C,0xCB,0x50,0x00,0x00,0x00,0x00,0x00,0x00,0x00,0x00,0x00,0x00,0x02,0x58,0xCF,0xC2,0x00,0x00,0x00,0x00,0x79,0xD9,0x41,0x00,
    0x00,0x00,0x00,0x00,0x00,0xA6,0x00,0x00,0x00,0x00,0x00,0x00,0x00,0xA5,0x00,0x21,0x00,0x00,0x00,0x00,0x02,0xBA,0xAD,0xDC,0x30,0x00,0x00,0x4A,0xB9,0xE5,0x10,0x00,
    0x00,0x00,0x00,0x00,0x01,0xE7,0x00,0x00,0x00,0x00,0x00,0x00,0x06,0xA5,0x60,0x00,0x00,0x00,0x00,0x00,0x1E,0x30,0x94,0x00,0x00,0x00,0x00,0x01,0xC8,0x00,0x1D,0x50,
    0x00,0x00,0x00,0x5C,0x60,0x00,0x03,0xFA,0x20,0x00,0x06,0x51,0x00,0x00,0x00,0x6F,0xFC,0x73,0x00,0x00,0x00,0x00,0x00,0x02,0x44,0x31,0x00,0x00,0x00,0x00,0x00,0x00,
    0x00,0x00,0x00,0x00,0x0A,0x80,0x00,0x00,0x00,0x00,0x00,0x00,0x09,0xB0,0x00,0x00,0x00,0x00,0x00,0x00,0x09,0x70,0x00,0x00,0x00,0x00,0x00,0x00,0x0B,0x30,0x00,0x00,
    0x00,0x00,0x00,0x00,0x0C,0x08,0x60,0x00,0x01,0x10,0x00,0x00,0x1C,0x6B,0x76,0x46,0x9E,0xE5,0x39,0xAC,0xC9,0x2B,0x39,0xA2,0x07,0xF5,0x07,0x50,0x73,0x0D,0x05,0x90,
    0x07,0xB0,0x00,0x00,0x75,0x69,0x02,0xA0,0x09,0x60,0x00,0x00,0x08,0xE3,0x01,0xC3,0x5D,0x80,0x00,0x00,0x0A,0xCA,0x00,0xC5,0x42,0x00,0x00,0x02,0xB6,0x0C,0x70,0x10,
    0x00,0x00,0x00,0x58,0x20,0x03,0x90,0x00,0x00,0x00,0x00,0x00,0x00,0x24,0x7B,0xE6,0x00,0x00,0x00,0x00,0x9E,0xA5,0x15,0xD5,0x00,0x00,0x00,0x00,0x00,0x00,0x29,0x10,
    0x00,0x00,0x00,0x00,0x00,0x19,0x90,0x00,0x00,0x00,0x00,0x00,0x02,0x38,0xD8,0xAC,0xEF,0xB1,0x19,0xCB,0x97,0x54,0xE1,0x10,0x01,0x20,0x00,0x00,0x00,0x00,0xF0,0x00,
    0x00,0x00,0x00,0x00,0x00,0x00,0xE2,0x00,0x00,0x00,0x00,0x00,0x00,0x00,0xE2,0x00,0x00,0x00,0x00,0x00,0x00,0x00,0xF2,0x00,0x00,0x00,0x00,0x00,0x00,0x04,0xF1,0x00,
    0x00,0x00,0x00,0x00,0x06,0xCE,0xD0,0x00,0x00,0x00,0x00,0x00,0x00,0x7F,0x60,0x00,0x00,0x00,0x00,0x00,0x00,0x05,0x00,0x00,0x00,0x00,0x00,0x00,0x00,0x03,0x61,0x00,
    0x00,0x00,0x00,0x00,0x00,0x04,0xF2,0x00,0x00,0x00,0x00,0x00,0x00,0x07,0x81,0x56,0x30,0x00,0x00,0x00,0x24,0x7D,0xDD,0xA7,0x30,0x00,0x00,0x03,0x76,0x9A,0x00,0x13,
    0x00,0x00,0x00,0x00,0x00,0xC5,0x69,0x8F,0x70,0x00,0x00,0x00,0x08,0x72,0x50,0x78,0x10,0x00,0x00,0x00,0xBA,0x00,0x09,0x70,0x00,0x00,0x00,0x03,0xE1,0x00,0x05,0xC8,
    0xBE,0xE4,0x00,0x2B,0xC3,0xA8,0x74,0xE2,0x00,0x10,0x02,0xB2,0xB0,0x00,0x00,0xC2,0x00,0x00,0x48,0x10,0xC0,0x00,0x00,0xC3,0x00,0x00,0x10,0x00,0xE0,0x00,0x00,0xD2,
    0x00,0x00,0x00,0x01,0xE0,0x00,0x79,0xE0,0x00,0x00,0x00,0x00,0x50,0x00,0x2E,0x90,0x00,0x00,0x00,0x00,0x00,0x00,0x03,0x10,0x00,0x00,0x00,0x00,0x00,0x01,0x30,0x00,
    0x00,0x00,0x00,0x00,0x00,0x00,0x03,0xEC,0x00,0x00,0x00,0x00,0x00,0x00,0x00,0x00,0x3A,0x00,0x00,0x00,0x00,0x00,0x00,0x13,0x01,0x36,0x9C,0xD4,0x00,0x00,0x00,0x00,
    0x6C,0x98,0x63,0x13,0xFE,0x10,0x00,0x00,0x00,0xD5,0x09,0xA0,0x05,0x40,0x00,0x00,0x00,0x02,0xB0,0x0B,0x60,0x00,0x00,0x00,0x00,0x00,0x00,0x00,0x1D,0x34,0xC9,0xAD,
    0xED,0x40,0x06,0x79,0x99,0xC9,0x64,0xE4,0x00,0x13,0x10,0x03,0x52,0x00,0xC0,0x04,0xC0,0x00,0x00,0x00,0x00,0x00,0x01,0x9C,0x8C,0x40,0x00,0x00,0x00,0x00,0x00,0x00,
    0x01,0xCE,0x81,0x00,0x00,0x00,0x00,0x00,0x00,0x3B,0x72,0xCE,0x40,0x00,0x00,0x00,0x00,0x5A,0xA3,0x00,0x09,0xF3,0x00,0x00,0x00,0x00,0x20,0x00,0x00,0x00,0x88,0x00,
    0x00,0x00,0x00,0x00,0x00,0x00,0x00,0x00,0x00,0x00,0x00,0x00,0x02,0xD9,0x00,0x00,0x00,0x00,0x00,0x00,0x00,0x4D,0x10,0x00,0x00,0x00,0x00,0x10,0x00,0x13,0x69,0xDB,
    0x10,0x00,0x00,0x7A,0x99,0x85,0x31,0x7F,0x80,0x00,0x01,0xD4,0x00,0x02,0x52,0x51,0x00,0x00,0x03,0xA0,0x4A,0xDC,0x94,0x00,0x00,0x00,0x00,0x00,0x02,0x96,0x00,0x00,
    0x00,0x00,0x00,0x05,0x70,0x76,0x68,0x10,0x00,0x00,0x00,0x08,0x90,0x79,0x74,0x00,0x00,0x00,0x00,0x0D,0x93,0x84,0x00,0x00,0x00,0x00,0x00,0x78,0x06,0xD4,0x00,0x00,
    0x00,0x00,0x04,0x90,0x00,0x3C,0x93,0x00,0x00,0x00,0x37,0x00,0x00,0x01,0x8F,0xEB,0x98,0x60,0x00,0x00,0x00,0x00,0x03,0x9A,0x85,0x10,0x00,0x00,0x00,0x41,0x00,0x00,
    0x00,0x00,0x00,0x00,0xBE,0x10,0x00,0x00,0x00,0x00,0x00,0x06,0x00,0x00,0x00,0x00,0x31,0x02,0x46,0x9B,0xEA,0x10,0x00,0xB9,0x98,0x57,0x20,0x8F,0x80,0x03,0xE0,0x12,
    0x09,0xA0,0x51,0x00,0x04,0x70,0x2D,0x39,0x70,0x00,0x00,0x00,0x02,0x30,0x0B,0x40,0x00,0x00,0x00,0x01,0xC4,0x0D,0x10,0x00,0x00,0x00,0x00,0x13,0x6D,0x78,0xAD,0xE8,
    0x5B,0xCA,0x74,0xB5,0x00,0x00,0x00,0x01,0x00,0x03,0xC0,0x72,0x00,0x00,0x00,0x00,0x2D,0x30,0x4E,0x70,0x00,0x00,0x06,0xC3,0x00,0x07,0xF6,0x00,0x02,0x85,0x00,0x00,
    0x00,0x9A,0x00,0x00,0x00,0x00,0x00,0x00,0x01,0x00,0x00,0x00,0x12,0x45,0x8C,0xE5,0x00,0x00,0x00,0x01,0x88,0x64,0x11,0xEA,0x00,0x00,0x00,0x00,0x15,0x8A,0xB2,0xE1,
    0x00,0x00,0x00,0x00,0x03,0x22,0x36,0xA0,0x00,0x00,0x00,0x00,0x9B,0xBA,0xA7,0x60,0x00,0x00,0x00,0x00,0x00,0x00,0xC6,0x00,0x00,0x00,0x00,0x00,0x13,0x45,0xCB,0xAC,
    0xEE,0x80,0x5C,0xB9,0x76,0x43,0x96,0x00,0x02,0x30,0x00,0x00,0x71,0x00,0x86,0x00,0x00,0x00,0x00,0x00,0x9B,0x00,0x86,0x00,0x00,0x00,0x00,0x00,0x17,0x00,0x97,0x00,
    0x00,0x00,0x00,0x00,0x00,0x00,0xA7,0x00,0x00,0x00,0x00,0x00,0x00,0x55,0xD6,0x00,0x00,0x00,0x00,0x00,0x00,0x1D,0xF2,0x00,0x00,0x00,0x00,0x00,0x00,0x04,0x50,0x00,
    0x00,0x00,0x00,0x02,0x21,0x47,0xDA,0x10,0x00,0x00,0x00,0x01,0xFE,0x93,0x9D,0x30,0x00,0x00,0x00,0x00,0xD1,0x36,0xE2,0x00,0x00,0x00,0x00,0x00,0xDF,0xDB,0x91,0x26,
    0x00,0x00,0x00,0x00,0xB2,0x00,0x25,0xCB,0x00,0x00,0x00,0x00,0x4C,0xEF,0xEC,0x81,0x00,0x00,0x00,0x00,0x00,0x05,0x80,0x00,0x00,0x00,0x12,0x34,0x56,0x79,0xD8,0x9B,
    0xDD,0x40,0x69,0x86,0x42,0x11,0xC0,0x00,0x00,0x00,0x00,0x05,0xC2,0x00,0xC0,0x00,0x00,0x00,0x00,0x00,0x96,0x00,0xD0,0x00,0x00,0x00,0x00,0x00,0x00,0x01,0xE0,0x00,
    0x00,0x00,0x00,0x00,0x01,0x46,0xE0,0x00,0x00,0x00,0x00,0x00,0x00,0x9F,0xA0,0x00,0x00,0x00,0x00,0x00,0x00,0x08,0x20,0x00,0x00,0x00,0x00,0x00,0x00,0x00,0x03,0x30,
    0x00,0x00,0x00,0x00,0x88,0x00,0x0A,0xB0,0x00,0x00,0x00,0x00,0x4E,0x00,0x3E,0x9A,0xE6,0x00,0x00,0x00,0x2C,0x01,0xB2,0x14,0xE4,0x00,0x00,0x82,0x1B,0x05,0x5C,0x2D,
    0x30,0x00,0x00,0x7D,0x1B,0x00,0x06,0xC3,0x00,0x00,0x00,0x05,0x1B,0x01,0x79,0x2D,0x20,0x00,0x00,0x00,0x1B,0x03,0x34,0x6D,0xBC,0xE8,0x00,0x06,0xAB,0x8B,0x86,0x3B,
    0x20,0x00,0x29,0xD7,0x1B,0x01,0x50,0x0A,0x30,0x00,0x1A,0x50,0x2B,0x00,0xD5,0x0A,0x30,0x00,0x00,0x00,0x3B,0x00,0x22,0x0A,0x40,0x00,0x00,0x00,0x5B,0x00,0x00,0x0B,
    0x50,0x00,0x00,0x00,0x7A,0x00,0x04,0x9E,0x40,0x00,0x00,0x00,0x45,0x00,0x00,0x8E,0x10,0x00,0x00,0x00,0x00,0x00,0x00,0x03,0x00,0x00,0x00,0x00,0x00,0x00,0x00,0x00,
    0x00,0x00,0x00,0x00,0x43,0x00,0x08,0xA0,0x00,0x00,0x00,0x00,0x4F,0x30,0x05,0xC0,0x00,0x00,0x00,0x00,0x04,0x10,0x05,0x91,0xA6,0x00,0x00,0x03,0x59,0xC9,0x07,0x60,
    0x38,0x00,0x1B,0xC8,0x52,0x00,0x09,0x55,0x71,0x00,0x00,0x47,0xAE,0xB2,0x8D,0xA7,0x30,0x00,0x00,0x69,0x27,0x70,0x1C,0x73,0x00,0x00,0x00,0x18,0x37,0x20,0x3A,0x96,
    0x00,0x00,0x00,0x01,0xA2,0x00,0x85,0xA3,0x00,0x00,0x02,0x70,0x94,0xC4,0xC0,0xA1,0x00,0x21,0x09,0x71,0x94,0x28,0x60,0xB1,0x00,0x74,0x06,0x06,0xF1,0x2A,0x00,0x85,
    0x13,0xD7,0x00,0x00,0x30,0x61,0x00,0x1B,0xEE,0xA2,0x00,0x00,0x00,0x21,0x00,0x00,0x00,0x02,0x35,0x7A,0xFE,0x40,0x00,0x00,0x05,0x98,0x52,0xDC,0x20,0x00,0x00,0x00,
    0x00,0x01,0xE2,0x00,0x00,0x00,0x00,0x00,0x05,0xB0,0x00,0x00,0x00,0x4B,0x88,0x89,0x70,0x00,0x00,0x00,0x2B,0x00,0x00,0x00,0x00,0x00,0x00,0x2A,0x00,0x00,0x00,0x00,
    0x00,0x00,0x39,0x00,0x00,0x00,0x00,0x03,0x00,0x29,0x00,0x00,0x00,0x00,0x09,0x20,0x1C,0x00,0x00,0x00,0x00,0x3E,0x40,0x07,0xC4,0x10,0x02,0x59,0xFF,0x40,0x00,0x4A,
    0xDE,0xFD,0xCA,0x61,0x00,0x00,0x01,0x40,0x00,0x00,0x00,0x00,0x00,0x00,0xE3,0x00,0x00,0x5E,0x60,0x00,0x01,0xC9,0x92,0xDB,0x6D,0x40,0x00,0x68,0xD3,0x10,0xB3,0x72,
    0x00,0x00,0x26,0xDA,0x60,0x93,0x73,0x00,0x00,0x12,0xC3,0x64,0x84,0x08,0x60,0x57,0x8A,0xB6,0x31,0x74,0x5B,0xD0,0x24,0x1B,0x30,0xB6,0x73,0x05,0xA0,0x00,0x97,0x01,
    0x8A,0xCD,0xB2,0x00,0x28,0x36,0xB6,0xA8,0x12,0xF3,0x00,0x00,0x04,0x80,0x77,0x01,0xF0,0x00,0x00,0x06,0x80,0x77,0x3B,0xE0,0x00,0x00,0x05,0x50,0x77,0x0A,0x70,0x00,
    0x00,0x00,0x00,0x76,0x00,0x00,0x00,0x00,0x00,0x00,0x65,0x00,0x00,0x00,0x00,0x00,0x00,0x21,0x00,0x00,0x00,0x00,0x00,0x08,0x90,0x02,0x00,0x00,0x00,0x02,0x04,0xC0,
    0x6F,0x30,0x00,0x00,0x0C,0x42,0xA3,0x71,0x00,0x00,0x01,0x03,0x34,0xB7,0x8A,0xCE,0x80,0x1C,0x89,0x86,0x53,0x21,0x0C,0xF6,0x79,0x07,0xEF,0xFF,0xD3,0x14,0x00,0xD3,
    0x01,0x80,0x06,0xA0,0x00,0x00,0x20,0x00,0x55,0x93,0x10,0x00,0x00,0x00,0x00,0x05,0xD9,0xCD,0x20,0x00,0x00,0x2D,0xC8,0xD5,0x1D,0x70,0x00,0x00,0x0C,0x01,0xB0,0x0B,
    0x40,0x00,0x00,0x1B,0x01,0xB0,0x6D,0x40,0x00,0x00,0x39,0x02,0xB0,0x7E,0x10,0x00,0x00,0x01,0x02,0xB0,0x02,0x00,0x00,0x00,0x00,0x02,0xA0,0x00,0x00,0x00,0x00,0x00,
    0x00,0x50,0x00,0x00,0x00,0x00,0x00,0x00,0x25,0x8B,0x90,0x00,0x00,0x00,0x00,0x29,0xAD,0x74,0x10,0x00,0x00,0x00,0x00,0x00,0x0A,0x90,0x11,0x00,0x00,0x00,0x00,0x20,
    0x09,0x70,0x6E,0x10,0x00,0x00,0x00,0xC5,0x08,0x60,0xB5,0x00,0x00,0x00,0x00,0x59,0x08,0x55,0x30,0x00,0x00,0x00,0x01,0x34,0x5B,0xA9,0xAC,0xEE,0xB1,0x2B,0xDA,0x75,
    0x4A,0x61,0x10,0x01,0x10,0x00,0x00,0x00,0x08,0x50,0x00,0x00,0x00,0x00,0x00,0x00,0x08,0x50,0x00,0x00,0x00,0x00,0x00,0x00,0x09,0x50,0x00,0x00,0x00,0x00,0x00,0x00,
    0x09,0x40,0x00,0x00,0x00,0x00,0x00,0x00,0x09,0x30,0x00,0x00,0x00,0x00,0x00,0x00,0x09,0x20,0x00,0x00,0x00,0x00,0x00,0x00,0x06,0x00,0x00,0x00,0x00,0x00,0x00,0x00,
    0x00,0x00,0x00,0x00,0x00,0x00,0x00,0x00,0x00,0xBC,0x20,0x00,0x00,0x00,0x00,0x00,0x00,0x1B,0x40,0x20,0x00,0x00,0x00,0x22,0x12,0x58,0xBE,0xC3,0x00,0x00,0x00,0x4F,
    0xEE,0xB8,0x41,0x00,0x00,0x00,0x00,0x3D,0x00,0x00,0x01,0x50,0x00,0x00,0x00,0x4C,0x00,0x20,0x01,0xF5,0x00,0x00,0x00,0x79,0x20,0x77,0x03,0xE1,0x00,0x00,0x00,0xA6,
    0x84,0x2E,0x07,0x80,0x00,0x00,0x00,0xE1,0x5C,0x06,0x0C,0x10,0x00,0x00,0x04,0xC0,0x1E,0x00,0x47,0x00,0x00,0x00,0x0B,0x50,0x02,0x00,0x90,0x00,0x00,0x00,0x4C,0x12,
    0x34,0x69,0xBB,0xDF,0xB1,0x01,0xC2,0x4A,0x85,0x32,0x10,0x01,0x30,0x09,0x40,0x00,0x00,0x00,0x00,0x00,0x00,0x12,0x00,0x00,0x00,0x00,0x00,0x00,0x00,0x00,0x00,0x00,
    0x02,0xB5,0x00,0x00,0x00,0x00,0x00,0x00,0x00,0x00,0x6E,0x00,0x00,0x00,0x00,0x00,0x00,0x00,0x00,0x01,0x36,0x60,0x00,0x00,0x00,0x00,0x33,0x26,0x9D,0xD8,0x40,0x00,
    0x00,0x00,0x00,0x5F,0xEB,0x73,0x65,0x00,0x00,0x00,0x00,0x00,0x4C,0x00,0x08,0xB5,0x00,0x00,0x00,0x00,0x00,0x4A,0x46,0x69,0x50,0x00,0x00,0x00,0x00,0x00,0x68,0x47,
    0x02,0x94,0x97,0x00,0x00,0x00,0x00,0x95,0x48,0x58,0xE7,0x30,0x00,0x00,0x00,0x00,0xC2,0x57,0x30,0x74,0x00,0x00,0x00,0x00,0x02,0xC0,0x74,0x00,0x1B,0x00,0x00,0x00,
    0x00,0x08,0x60,0x94,0x60,0x05,0x90,0x04,0x00,0x00,0x2B,0x02,0xEA,0x0B,0x30,0x9A,0x19,0x10,0x01,0xA2,0x04,0xB0,0x05,0x70,0x09,0xEE,0x30,0x08,0x20,0x00,0x00,0x00,
    0x00,0x00,0x4A,0x30,0x00,0x00,0x00,0x00,0x00,0x00,0x00,0x00,0x00,0x00,0x00,0x01,0x47,0xAD,0xD5,0x00,0x00,0x00,0x08,0xBC,0x86,0xC3,0x10,0x00,0x00,0x00,0x00,0x1E,
    0x10,0xB7,0x00,0x00,0x00,0x00,0x00,0x0E,0x00,0xA6,0x00,0x00,0x00,0x00,0x00,0x0E,0x24,0xBB,0xAC,0xDD,0x30,0x49,0xA9,0x8D,0x42,0xA6,0x00,0x00,0x00,0x01,0x00,0x4B,
    0x00,0x96,0x00,0x00,0x00,0x00,0x00,0x78,0x00,0x96,0x00,0x00,0x00,0x00,0x00,0xD2,0x00,0x96,0x00,0x00,0x00,0x00,0x07,0x80,0x00,0x95,0x00,0x00,0x00,0x00,0x5A,0x00,
    0x00,0x95,0x00,0x00,0x00,0x02,0x50,0x00,0x00,0x93,0x00,0x00,0x00,0x00,0x00,0x00,0x00,0x91,0x00,0x00,0x00,0x00,0x00,0x00,0x00,0x30,0x00,0x00,0x00,0x00,0x00,0x1A,
    0x40,0x00,0x00,0x00,0x00,0x0B,0xB0,0x01,0x00,0x00,0x00,0x08,0x80,0x07,0xC1,0x02,0x81,0x07,0x70,0x3D,0x70,0x00,0xAA,0x07,0x63,0x92,0x00,0x00,0x15,0x08,0x51,0x00,
    0x00,0x00,0x01,0x3A,0x98,0xAD,0x91,0x1C,0xEC,0xA8,0x64,0x3A,0xF5,0x00,0x00,0x00,0x00,0x08,0xC0,0x00,0x23,0x46,0x88,0x19,0x70,0x00,0x68,0x54,0x43,0x0C,0x30,0x00,
    0x00,0x00,0x00,0x0D,0x00,0x00,0x01,0x23,0x45,0x7D,0x10,0x0A,0xEC,0xA8,0x77,0x66,0x20,0x00,0x00,0x10,0x00,0x3A,0x20,0x00,0x00,0x00,0x00,0x00,0xB9,0x00,0x0E,0x50,
    0x00,0x00,0x00,0x00,0x02,0xE4,0x00,0x0C,0x30,0x00,0x00,0x00,0x00,0x0B,0x50,0x00,0x0C,0x7B,0xE6,0x00,0x00,0x00,0x94,0x50,0x5C,0xBE,0x51,0xDD,0x20,0x00,0x00,0x10,
    0xD5,0x3B,0x0B,0x01,0x40,0x00,0x00,0x00,0x04,0xC0,0x3B,0x0B,0xCD,0x30,0x00,0x00,0x00,0x1D,0x20,0x48,0x02,0x3F,0x20,0x00,0x00,0x00,0xBC,0x10,0x76,0x73,0x4B,0x00,
    0x00,0x00,0x09,0x68,0x30,0xA3,0x09,0xB5,0x00,0x00,0x00,0x74,0x09,0x31,0xB0,0x04,0xF5,0x00,0x00,0x00,0x00,0x0C,0x38,0x31,0x8B,0x3E,0xB4,0x00,0x00,0x00,0x0D,0x34,
    0x16,0x40,0x03,0xEF,0xD9,0x10,0x00,0x07,0x00,0x00,0x00,0x00,0x12,0x10,0x00,0x00,0x00,0x48,0x02,0x25,0x8C,0xD5,0x00,0x00,0x00,0xBB,0x0B,0x84,0x21,0xCC,0x00,0x00,
    0x07,0x90,0x06,0xA9,0xA3,0xF4,0x00,0x00,0x66,0x23,0x02,0xA1,0x48,0xC0,0x00,0x01,0x20,0x7B,0x00,0xDD,0xBA,0x40,0x00,0x00,0x01,0xD2,0x01,0x46,0x9B,0x60,0x00,0x00,
    0x0A,0x60,0x01,0x43,0x94,0x00,0x00,0x00,0x7C,0x50,0x00,0x24,0x9C,0xBE,0xE4,0x06,0x84,0x55,0xAA,0x85,0x69,0x00,0x21,0x55,0x05,0x50,0x05,0x30,0x39,0x00,0x00,0x00,
    0x06,0x50,0x03,0xC0,0x3A,0x00,0x00,0x00,0x09,0x50,0x00,0x20,0x3B,0x00,0x00,0x00,0x0B,0x30,0x00,0x01,0x6B,0x00,0x00,0x00,0x06,0x10,0x00,0x0A,0xF8,0x00,0x00,0x00,
    0x00,0x00,0x00,0x00,0x92,0x00,0x00,0x00,0x00,0x02,0x10,0x00,0x00,0x00,0x00,0x00,0x00,0x02,0xE5,0x00,0x07,0x72,0x00,0x00,0x00,0x00,0x7E,0x00,0x01,0xCE,0x20,0x02,
    0x12,0x20,0x04,0x00,0x00,0x1A,0x40,0x07,0x53,0xA0,0x00,0x00,0x00,0x00,0x00,0x0D,0x50,0xC1,0x00,0x00,0x27,0x00,0x00,0x3F,0x10,0x6A,0x00,0x00,0x0A,0x60,0x00,0x15,
    0x00,0x0A,0xC6,0x20,0x29,0xF8,0x00,0x00,0x00,0x00,0x4A,0xDF,0xED,0x93,0x00,0x00,0x00,0x00,0x00,0x05,0x20,0x00,0x00,0x00,0x00,0x2B,0x20,0x0A,0xD0,0x00,0x00,0x00,
    0x00,0x0A,0xA0,0x0E,0x60,0x00,0x00,0x00,0x00,0x01,0x60,0x5C,0x00,0x00,0x00,0x01,0x00,0x00,0x00,0xC4,0x06,0xA4,0x00,0x07,0x42,0x50,0x06,0xA0,0x00,0x9F,0x40,0x0D,
    0x40,0xA0,0x2C,0x10,0x00,0x07,0x50,0x4E,0x00,0xA1,0xB4,0x00,0x40,0x00,0x00,0x23,0x00,0x4D,0x70,0x00,0x75,0x00,0x00,0x00,0x00,0x8C,0xA3,0x11,0x6F,0x40,0x00,0x00,
    0x1A,0x50,0x5A,0xEF,0xEC,0x70,0x00,0x04,0x71,0x00,0x00,0x00,0x00,0x00,0x00,0x00,0x00,0x02,0x47,0xCD,0x30,0x00,0x00,0x19,0xAB,0x72,0x2F,0x50,0x00,0x00,0x00,0x08,
    0x80,0x2D,0x00,0x00,0x00,0x04,0x0B,0x20,0x69,0x00,0x00,0x00,0x78,0x3B,0x00,0xA5,0x00,0x00,0x00,0xC2,0xB3,0x32,0xE1,0x00,0x00,0x00,0x07,0x60,0x6F,0x80,0x00,0x00,
    0x00,0x54,0x00,0x05,0x00,0x8C,0x70,0x03,0x04,0x02,0x81,0x00,0x06,0xE5,0x1C,0x09,0x10,0x9C,0x03,0x20,0x21,0x7B,0x04,0x90,0x04,0x00,0xB2,0x00,0xA5,0x00,0x9B,0x41,
    0x02,0x9E,0x40,0x20,0x00,0x06,0xCE,0xFE,0xDA,0x30,0x00,0x11,0x00,0x04,0x50,0x00,0x00,0x00,0x00,0x2F,0x30,0x04,0xF2,0x00,0x00,0x00,0x00,0x0E,0x20,0x02,0xE0,0x1D,
    0xC2,0x00,0x00,0x0C,0x74,0x03,0xB0,0x01,0x74,0x00,0x00,0x0B,0x29,0x05,0x84,0x79,0x30,0x00,0x0B,0x0B,0x05,0x8C,0xC9,0x53,0x00,0x00,0x3D,0x0B,0x01,0x2C,0x4E,0x00,
    0x00,0x00,0x6B,0x0B,0x00,0x1C,0x1C,0x00,0x00,0x00,0x22,0x0C,0x00,0x68,0x29,0x00,0x00,0x00,0x00,0x0D,0x00,0xB2,0x37,0x00,0x01,0x40,0x00,0x1D,0x04,0x90,0x27,0x00,
    0x03,0x70,0x00,0x4C,0x2A,0x00,0x1B,0x21,0x2A,0xC0,0x00,0x5B,0x50,0x00,0x06,0xDF,0xEB,0x50,0x00,0x15,0x00,0x00,0x00,0x00,0x00,0x00,0x00,0x00,0x00,0x38,0x00,0x00,
    0x00,0x00,0x00,0x00,0x00,0x7F,0x10,0x00,0x00,0x00,0x00,0x00,0x01,0xE9,0x90,0x00,0x00,0x00,0x00,0x00,0x08,0xB0,0x59,0x00,0x00,0x00,0x00,0x00,0x3E,0x41,0x06,0xB2,
    0x00,0x00,0x00,0x02,0xC3,0x5E,0x20,0x7E,0x71,0x00,0x00,0x2C,0x30,0x02,0x00,0x06,0xFF,0xB6,0x05,0xB2,0x00,0x15,0xAD,0x40,0x13,0x20,0x25,0x00,0x7C,0xB6,0x7C,0x30,
    0x00,0x00,0x00,0x00,0x01,0x05,0xA1,0x28,0x40,0x00,0x00,0x17,0x10,0x0C,0x50,0x06,0xF7,0x00,0x00,0x8A,0x38,0x03,0xD0,0x00,0x36,0x00,0x00,0xE4,0x0B,0x10,0x00,0x64,
    0x00,0x00,0x00,0x70,0x03,0xC4,0x11,0x5F,0x80,0x00,0x00,0x00,0x00,0x3B,0xEF,0xEB,0x60,0x00,0x00,0x0B,0x60,0x00,0x03,0x80,0x00,0x00,0x07,0xA0,0x00,0x05,0xF3,0x00,
    0x00,0x06,0x60,0x00,0x09,0x70,0x00,0x00,0x06,0x60,0x00,0x1A,0x00,0x00,0x01,0x06,0x8C,0x10,0x74,0x6C,0xD4,0x0A,0x06,0x44,0x2E,0xD9,0x31,0xCB,0x1E,0x07,0x40,0x0C,
    0x00,0x00,0xA6,0x4B,0x07,0x40,0x0B,0x9B,0xB3,0x96,0x24,0x08,0x40,0x0A,0x10,0x00,0xA6,0x00,0x09,0x40,0x0A,0x10,0x00,0xB6,0x00,0x0B,0x40,0x0C,0xAD,0xFB,0xE5,0x00,
    0x0D,0x40,0x0C,0x32,0x18,0xF3,0x00,0x0E,0x30,0x04,0x00,0x03,0xD0,0x00,0x08,0x10,0x00,0x00,0x00,0x30,0x00,0x01,0x00,0x00,0x00,0x00,0x00,0x00,0x00,0x1E,0x60,0x00,
    0x00,0x00,0x00,0x00,0x00,0x0A,0x60,0x00,0x01,0x58,0x30,0x00,0x00,0x09,0x40,0x08,0xCE,0xB7,0x20,0x00,0x00,0x09,0xBB,0x00,0x00,0x00,0x00,0x00,0x05,0x09,0x25,0x00,
    0x36,0xAE,0xA1,0x00,0x0D,0x19,0x10,0xDB,0x74,0x16,0xF6,0x00,0x2F,0x1A,0x10,0x86,0x00,0x06,0xD0,0x00,0x4C,0x0A,0x10,0x4B,0x9B,0x58,0x80,0x00,0x02,0x0B,0x10,0x1C,
    0x00,0x0A,0x40,0x00,0x00,0x0C,0x10,0x0B,0x9A,0xAB,0x00,0x00,0x00,0x0E,0x10,0x01,0x00,0x00,0x00,0x00,0x00,0x2F,0x23,0x46,0x79,0xBD,0xEE,0x70,0x00,0x3F,0x4A,0x85,
    0x31,0x01,0x23,0x20,0x00,0x0A,0x00,0x00,0x00,0x00,0x00,0x00,0x00,0x00,0x13,0x7A,0xEC,0x40,0x00,0x00,0x9A,0x88,0x61,0x0C,0xB0,0x00,0x00,0x57,0x04,0xA1,0x1B,0x60,
    0x00,0x00,0x48,0x39,0xC9,0x2B,0x40,0x00,0x00,0x38,0x19,0x71,0x0C,0x40,0x00,0x00,0x28,0x28,0x2C,0x1D,0x30,0x00,0x00,0x28,0x64,0x69,0x4F,0x20,0x00,0x00,0x2F,0xED,
    0xBA,0xDE,0x06,0x40,0x02,0x02,0x02,0x50,0x78,0x04,0xE8,0x1B,0x04,0x01,0xC9,0x00,0x00,0x28,0xA8,0x09,0x00,0x13,0x02,0x00,0x00,0xC2,0x05,0x70,0x00,0x01,0xA1,0x00,
    0x00,0x00,0x99,0x31,0x02,0xCD,0x30,0x00,0x00,0x05,0xBE,0xFE,0xDA,0x30,0x00,0x00,0x0A,0x90,0x00,0x00,0x00,0x00,0x00,0x1D,0x30,0x00,0x00,0x00,0x00,0x00,0x74,0x7B,
    0xE6,0x00,0x00,0x00,0x1B,0x96,0x31,0xBC,0x00,0x00,0x00,0x0A,0x35,0x82,0xA7,0x00,0x00,0x00,0x07,0x73,0x00,0xA5,0x00,0x00,0x00,0x06,0x88,0x92,0xB4,0x00,0x00,0x00,
    0x06,0x60,0x00,0xC3,0x00,0x00,0x00,0x05,0xA8,0x87,0xF1,0x00,0x00,0x01,0x01,0x20,0x00,0x40,0x4D,0xB2,0x0A,0x02,0x00,0xB4,0x00,0x01,0x87,0x4C,0x0A,0x00,0x4A,0x00,
    0x10,0x00,0x99,0x06,0x70,0x00,0x00,0x93,0x00,0x53,0x00,0xB9,0x31,0x12,0x8F,0x50,0x00,0x00,0x07,0xCE,0xFE,0xC9,0x20,0x00,0x00,0x06,0x70,0x00,0x00,0x00,0x00,0x00,
    0x04,0xE0,0x00,0x00,0x00,0x00,0x00,0x03,0xE8,0xBE,0x70,0x00,0x00,0x4C,0x97,0xC1,0x2C,0x30,0x00,0x00,0x07,0x23,0xA4,0x02,0x00,0x00,0x00,0x00,0x11,0xC7,0xBE,0xA1,
    0x00,0x00,0xBA,0x99,0xB2,0x0D,0x70,0x00,0x00,0x4A,0x01,0xA3,0x7B,0x00,0x00,0x00,0x0A,0x55,0x91,0x00,0x00,0x00,0x00,0x00,0x00,0x20,0x00,0x7A,0x60,0x09,0x02,0x01,
    0xC8,0x00,0x07,0xE5,0x3D,0x08,0x00,0x19,0x02,0x00,0x11,0x8A,0x04,0x60,0x00,0x02,0x80,0x00,0x42,0x00,0xA8,0x31,0x01,0xD9,0x00,0x00,0x00,0x06,0xBE,0xFE,0xCA,0x20,
    0x00,0x00,0x00,0x26,0x10,0x00,0x00,0x00,0x00,0x00,0x00,0x0B,0x80,0x89,0x00,0x00,0x00,0x00,0x00,0x03,0xB1,0x27,0x10,0x00,0x00,0x02,0x02,0x69,0xFD,0x90,0x00,0x00,
    0x00,0x0B,0xFD,0xA6,0xA3,0x00,0x00,0x00,0x00,0x09,0x63,0x89,0x58,0x06,0x00,0x00,0x00,0x09,0x54,0x68,0x3C,0x2E,0x20,0x00,0x00,0x0A,0xCF,0xDF,0x37,0xD6,0x00,0x00,
    0x00,0x0C,0x45,0x0A,0x04,0xF4,0x00,0x10,0x00,0x67,0x02,0x10,0x3A,0x2C,0x43,0x50,0x03,0x90,0x00,0x5A,0x70,0x01,0xBE,0x80,0x15,0x43,0x31,0x07,0x40,0x04,0xC8,0x40,
    0x00,0xD4,0x28,0x00,0x00,0x40,0x3C,0x10,0x02,0xB0,0x06,0x92,0x01,0xB5,0x00,0x00,0x00,0x00,0x00,0x4B,0xEF,0xEB,0x00,0x00,0x00,0x00,0x00,0x00,0x00,0x11,0x00,0x00,
    0x02,0x01,0x36,0xAC,0xB6,0x00,0x00,0x07,0xFF,0xDD,0x91,0x00,0x00,0x00,0x04,0xC1,0x29,0x8A,0xEB,0x10,0x00,0x03,0xC7,0xB7,0x42,0x4E,0x10,0x00,0x04,0xB2,0xA8,0x96,
    0x57,0x00,0x00,0x05,0x90,0x71,0x33,0xA2,0x00,0x00,0x07,0x80,0x43,0xD1,0x10,0x00,0x00,0x0A,0x48,0x00,0xB1,0x4D,0x50,0x00,0x0D,0x3C,0x00,0xB1,0x02,0x50,0x00,0x4A,
    0x11,0x04,0xC0,0x07,0x61,0x00,0xA4,0x44,0x13,0xC3,0x02,0xBB,0x03,0x93,0xB2,0x80,0x43,0x37,0x02,0x19,0x18,0x60,0x79,0x30,0x1C,0xC2,0x41,0x02,0x00,0x04,0xBE,0xFD,
    0x91,0x00,0x00,0x00,0x00,0x26,0x10,0x00,0x00,0x00,0x65,0x00,0x8C,0x20,0x00,0x00,0x00,0x2D,0x14,0x80,0x00,0x00,0x00,0x00,0x13,0x59,0xCC,0x70,0x00,0x00,0x0F,0xFD,
    0x96,0xF1,0x73,0x00,0x00,0x1C,0x2C,0x29,0x34,0xC2,0x00,0x01,0xA3,0x88,0x1D,0x9B,0x10,0x00,0x06,0xCA,0xA0,0x01,0x81,0x81,0x00,0x00,0x09,0x1B,0x2B,0x77,0xA8,0x00,
    0x00,0xB9,0x67,0x59,0x30,0x03,0x00,0x00,0x72,0x00,0x20,0x00,0x48,0x50,0x03,0x35,0x30,0x7C,0x00,0x06,0xE6,0x0A,0x51,0xA0,0x07,0x01,0x70,0x01,0x1E,0x10,0x6B,0x41,
    0x01,0xBC,0x30,0x05,0x00,0x04,0xAD,0xFF,0xEB,0x40,0x00,0x00,0x00,0x02,0x00,0x00,0x00,0x00,0x00,0x00,0x00,0x08,0xC0,0x00,0x00,0x00,0x00,0x00,0x00,0x04,0xC0,0x00,
    0x00,0x00,0x00,0x00,0x00,0x02,0xC0,0x9B,0x30,0x00,0x00,0x00,0x07,0x80,0xD0,0x07,0x50,0x00,0x00,0x02,0xAC,0x60,0xC1,0x00,0x00,0x00,0x00,0x03,0x1E,0x10,0x97,0xAA,
    0x10,0x00,0x00,0x00,0x0D,0x79,0xBA,0x30,0x00,0x00,0x00,0x7B,0xAD,0x20,0x1A,0x0A,0x60,0x00,0x00,0x01,0x0B,0x35,0x0B,0x2E,0x30,0x00,0x00,0x01,0x6E,0x71,0x05,0xE6,
    0x00,0x00,0x26,0xAC,0x6C,0x20,0x1B,0xE1,0x00,0x00,0x1A,0x60,0x0C,0x24,0xB5,0x5B,0x00,0x10,0x00,0x02,0x7E,0x14,0x00,0x0A,0x80,0x80,0x00,0x00,0xBC,0x00,0x00,0x01,
    0xCB,0xE1,0x00,0x00,0x12,0x00,0x00,0x00,0x1A,0xF3,0x00,0x00,0x00,0x00,0x00,0x00,0x00,0x20,0x00,0x00,0x02,0x20,0x00,0x0B,0x60,0x00,0x00,0x00,0x0B,0xE2,0x00,0x9C,
    0x60,0x00,0x00,0x53,0x97,0x10,0x9A,0x30,0x00,0x00,0x00,0x8B,0x00,0x00,0x79,0x00,0x00,0x00,0x00,0x5A,0x03,0x50,0x69,0x35,0x9D,0xE4,0x00,0x4D,0x9C,0xF2,0x6B,0x7C,
    0x83,0x10,0x00,0x4A,0x05,0x90,0x76,0x0A,0x60,0x00,0x00,0x58,0x08,0x80,0x94,0x09,0x60,0x00,0x00,0x7A,0x87,0x20,0xC0,0x09,0x60,0x00,0x00,0xB1,0x00,0x06,0x70,0x09,
    0x60,0x00,0x01,0xA0,0x00,0x2A,0x00,0x09,0x50,0x00,0x08,0x30,0x00,0x71,0x00,0x09,0x50,0x00,0x25,0x00,0x00,0x00,0x00,0x09,0x50,0x00,0x00,0x00,0x00,0x00,0x00,0x09,
    0x40,0x00,0x00,0x00,0x00,0x00,0x00,0x08,0x10,0x00,0x00,0x00,0x00,0x00,0x00,0x01,0x00,0x00,0x00,0x00,0x46,0x00,0x00,0x00,0x00,0x00,0x00,0x00,0x2F,0x30,0x00,0x00,
    0x00,0x00,0x00,0x00,0x0E,0x00,0x00,0x00,0x00,0x00,0x00,0x00,0x0C,0x00,0x00,0x00,0x00,0x00,0x00,0x00,0x0C,0x74,0x00,0x00,0x36,0x40,0x00,0x8B,0xED,0x74,0x68,0xBC,
    0xCA,0xA1,0x00,0x22,0x0A,0x01,0x53,0x6A,0x00,0x00,0x00,0x00,0x0C,0x81,0x00,0x2D,0x00,0x00,0x00,0x02,0xAC,0x10,0x00,0x1C,0x00,0x00,0x03,0x9D,0x4B,0x00,0x00,0x0D,
    0x00,0x00,0x4F,0x91,0x2B,0x00,0x00,0x0D,0x00,0x00,0x02,0x00,0x3C,0x00,0x00,0x0E,0x00,0x00,0x00,0x06,0xBB,0x00,0x01,0x2E,0x00,0x00,0x00,0x01,0xC8,0x00,0x08,0xEC,
    0x00,0x00,0x00,0x00,0x21,0x00,0x00,0xA5,0x00,0x00,0x00,0x01,0xB3,0x02,0xC3,0x00,0x00,0x00,0x00,0x00,0xC5,0x00,0xC6,0x4B,0x40,0x00,0x00,0x00,0xA3,0x00,0x85,0x06,
    0x80,0x00,0x00,0x00,0xA2,0x00,0x66,0x00,0x00,0x00,0x00,0x03,0xBC,0xA0,0x3A,0x9D,0x30,0x00,0x01,0x88,0xC2,0x05,0xAD,0x51,0x20,0x00,0x00,0x00,0xA1,0x44,0x1B,0x08,
    0xC0,0x00,0x00,0x00,0xAA,0x10,0x08,0x8D,0x20,0x00,0x00,0x29,0xE1,0x00,0x08,0xE2,0x00,0x00,0x49,0xD3,0xB0,0x03,0xB8,0xB3,0x00,0x00,0x29,0x10,0xC1,0x57,0x10,0x3C,
    0x00,0x32,0x00,0x15,0xE1,0x00,0x00,0x08,0xA0,0x92,0x00,0x0A,0xE0,0x00,0x00,0x00,0xAD,0xF1,0x00,0x01,0x70,0x00,0x00,0x00,0x08,0xE1,0x00,0x01,0xB3,0x00,0x00,0x10,
    0x00,0x00,0x00,0x00,0xB6,0x00,0x02,0xD9,0x00,0x00,0x00,0x00,0x93,0x00,0x00,0x2B,0x00,0x00,0x00,0x00,0x82,0x00,0x00,0x26,0xCD,0x40,0x00,0x14,0xBC,0x82,0xE6,0x31,
    0x8D,0x20,0x03,0xA8,0xB3,0x00,0xE2,0x36,0xE4,0x00,0x00,0x00,0x76,0x50,0xFE,0xDB,0x82,0x00,0x00,0x01,0xB7,0x01,0xD0,0x00,0x00,0x00,0x00,0x6C,0xB3,0x02,0xB0,0x00,
    0x00,0x00,0x5D,0xB1,0x93,0x05,0x80,0x00,0x00,0x00,0x15,0x00,0xA3,0x0A,0x30,0x00,0x00,0x00,0x00,0x05,0xC2,0x2B,0x00,0x00,0x00,0x00,0x00,0x06,0xF0,0x92,0x00,0x00,
    0x00,0x00,0x00,0x00,0x45,0x40,0x00,0x00,0x00,0x00,0x00,0x00,0x01,0x00,0x00,0x00,0x00,0x00,0x00,0x00,0x04,0x00,0x00,0x00,0x00,0x00,0x00,0x00,0x00,0x0B,0x90,0x00,
    0x00,0x00,0x00,0x00,0x00,0x00,0x09,0x70,0x00,0x00,0x00,0x00,0x00,0x00,0x00,0x08,0x50,0x00,0x00,0x00,0x00,0x00,0x00,0x00,0x07,0x30,0x33,0x47,0xBE,0xB2,0x00,0x00,
    0x02,0x6C,0xD8,0x6D,0x74,0x15,0xFA,0x00,0x00,0x38,0x79,0x20,0x2D,0x03,0x46,0xE2,0x00,0x00,0x00,0x07,0x57,0x0D,0x88,0x39,0x90,0x00,0x00,0x00,0x0A,0x80,0x0B,0x10,
    0x0D,0x30,0x00,0x00,0x03,0xBB,0x30,0x08,0xCC,0xCC,0x00,0x00,0x03,0x9C,0x28,0x40,0x01,0x00,0x00,0x00,0x00,0x2E,0xB1,0x09,0x42,0x35,0x68,0xAC,0xFD,0x50,0x01,0x00,
    0x3C,0x58,0x85,0x32,0x10,0x12,0x10,0x00,0x00,0x8F,0x20,0x00,0x00,0x00,0x00,0x00,0x00,0x00,0x09,0x00,0x00,0x00,0x00,0x00,0x00,0x00,0x01,0x92,0x00,0x00,0x00,0x00,
    0x00,0x00,0x00,0x00,0xE6,0x00,0x00,0x00,0x00,0x00,0x00,0x00,0x00,0xC2,0x00,0x00,0x16,0x50,0x00,0x00,0x00,0x00,0xB0,0x05,0x79,0x9B,0xF5,0x00,0x00,0x00,0x00,0xA5,
    0x24,0x50,0x1B,0x30,0x00,0x00,0x03,0x9D,0xE8,0x20,0x07,0x81,0x01,0x00,0x00,0x00,0x10,0x90,0x01,0x44,0x70,0x4F,0x20,0x00,0x00,0x00,0xB9,0x6A,0xF5,0xB6,0x92,0x00,
    0x00,0x00,0x18,0xB0,0x06,0x82,0xAA,0x30,0x00,0x00,0x04,0xC5,0xA0,0x1B,0x13,0x91,0xD9,0x20,0x00,0x9E,0x31,0x90,0x94,0x16,0x90,0x2D,0xFA,0x10,0x11,0x03,0x95,0x30,
    0x2E,0x60,0x00,0x00,0x00,0x00,0x26,0x90,0x00,0x03,0x00,0x00,0x00,0x00,0x00,0x3F,0x71,0x67,0x89,0xBD,0xFC,0x10,0x00,0x00,0x09,0x20,0x56,0x31,0x00,0x13,0x00,0x00,
    0x00,0x00,0x30,0x00,0x02,0x82,0x00,0x00,0x00,0x00,0xAA,0x00,0x00,0xE6,0x00,0x00,0x00,0x00,0x88,0x00,0x00,0xC3,0x00,0x00,0x00,0x00,0x85,0x00,0x00,0xC2,0x40,0x00,
    0x00,0x00,0x88,0x60,0x59,0xEB,0x81,0x00,0x01,0x7B,0xFA,0x40,0x22,0xC0,0x00,0x00,0x00,0x22,0x82,0x30,0x13,0xD9,0xCE,0x90,0x00,0x00,0x8A,0x4A,0xA9,0xC3,0x11,0x00,
    0x00,0x04,0xE2,0x00,0x00,0xE0,0x00,0x00,0x01,0x8A,0xA2,0x00,0x13,0xEA,0xA0,0x00,0x5E,0x90,0xA2,0x02,0xEE,0xE9,0x40,0x00,0x17,0x00,0xB2,0x00,0x00,0xC0,0x00,0x00,
    0x00,0x07,0xE1,0x13,0x47,0xEA,0xDF,0xC3,0x00,0x06,0xD1,0x98,0x53,0x10,0x01,0x31,0x00,0x01,0x40,0x00,0x00,0x00,0x00,0x00,0x00,0x00,0x20,0x00,0x00,0x00,0x00,0x00,
    0x00,0x00,0x00,0x9B,0x00,0x00,0x00,0x00,0x00,0x00,0x00,0x00,0x4B,0x00,0x11,0x36,0xBD,0x40,0x00,0x00,0x00,0x39,0x00,0x9A,0x42,0x4E,0x30,0x00,0x00,0x00,0x38,0x21,
    0x77,0x25,0xB6,0x00,0x00,0x00,0x26,0xAE,0xA3,0x7F,0xEE,0xA4,0x00,0x00,0x00,0x34,0x47,0x00,0x93,0x09,0x90,0x00,0x00,0x00,0x00,0x37,0x40,0xC1,0x09,0xA9,0xDE,0x60,
    0x00,0x00,0x8A,0x10,0xC7,0x8C,0x42,0x10,0x00,0x01,0x7C,0x87,0x03,0x90,0x09,0x00,0x00,0x00,0x1D,0x91,0x47,0x07,0x55,0x5C,0xBE,0xB1,0x00,0x00,0x00,0x67,0x0B,0x0B,
    0x63,0x17,0xB1,0x00,0x00,0x02,0x86,0x47,0x07,0x30,0x0A,0x30,0x00,0x00,0x07,0xF3,0xA0,0x05,0x74,0x67,0x30,0x00,0x00,0x00,0x73,0x20,0x01,0x20,0x00,0x00,0x00,0x00,
    0x01,0x00,0x00,0x00,0x00,0x00,0x00,0x00,0x07,0xD0,0x00,0x00,0x96,0x00,0x00,0x00,0x02,0xD0,0x00,0x2B,0xB5,0x00,0x00,0x00,0x01,0xB0,0x05,0x72,0x00,0xB6,0x00,0x00,
    0x01,0xB5,0x24,0x0C,0x25,0xC2,0x00,0x03,0xAD,0xD6,0x1D,0x04,0x38,0x00,0x00,0x00,0x11,0x90,0x01,0x00,0x10,0x00,0x00,0x00,0x01,0xB7,0x09,0x97,0xBC,0x40,0x00,0x00,
    0x19,0xB0,0x1B,0x49,0x70,0x00,0x00,0x17,0xD7,0x90,0x52,0x27,0xB8,0xAD,0xC1,0xCC,0x22,0x9C,0xEF,0x89,0x83,0xC4,0x10,0x00,0x03,0x90,0x1B,0x06,0x63,0xC6,0x00,0x00,
    0x25,0x90,0x9E,0xDD,0xA6,0xA6,0x00,0x00,0x3F,0x80,0xA8,0x30,0x00,0x85,0x00,0x00,0x09,0x30,0x00,0x00,0x00,0x21,0x00,0x00,0x00,0x00,0x00,0x00,0x00,0x00,0x00,0x00,
    0x00,0x00,0x00,0x1E,0x40,0x00,0x00,0x00,0x06,0xC2,0x00,0x1F,0x30,0x00,0x00,0x00,0x00,0x84,0x00,0x3B,0x00,0x00,0x00,0x00,0x00,0x15,0x71,0x74,0x01,0x51,0x00,0x03,
    0x6A,0xC9,0x50,0x93,0x9E,0xA2,0x00,0x36,0x51,0x23,0x02,0xEE,0x81,0x00,0x00,0x00,0xB5,0x1C,0x57,0x16,0xA0,0x00,0x00,0x03,0xB0,0x33,0x15,0x05,0xB0,0x00,0x00,0x1A,
    0x20,0x97,0x04,0x66,0x70,0x00,0x00,0x40,0x2A,0xC0,0x00,0x9B,0x30,0x00,0x00,0x00,0x0A,0xD2,0x00,0x3F,0x10,0x00,0x00,0x00,0x87,0x5A,0x00,0xBA,0xB1,0x00,0x00,0x07,
    0x70,0x02,0x3A,0x40,0xBE,0x71,0x00,0x63,0x00,0x01,0x40,0x00,0x2C,0xFE,0x90,0x00,0x00,0xB5,0x00,0x00,0x72,0x00,0x00,0x00,0x00,0x00,0x97,0x12,0x00,0xC9,0x00,0x00,
    0x00,0x00,0x00,0x85,0x2D,0x31,0xE1,0x00,0x00,0x00,0x00,0x00,0x74,0x32,0x17,0x70,0x00,0x00,0x00,0x01,0x58,0xCD,0xA3,0x0B,0x27,0xCC,0x10,0x00,0x00,0x44,0x74,0x21,
    0x68,0xB9,0x30,0x00,0x00,0x02,0x61,0x64,0xA6,0x30,0x6B,0x00,0x00,0x00,0x00,0x95,0x77,0x40,0x73,0x77,0x00,0x00,0x00,0x00,0x05,0x85,0x83,0x09,0xB2,0x00,0x00,0x00,
    0x02,0xB4,0x84,0x5D,0x04,0xE0,0x00,0x00,0x00,0x7E,0x40,0x84,0x00,0x1B,0x9A,0x10,0x00,0x00,0x02,0x05,0xB4,0x17,0xA3,0x0A,0xD6,0x10,0x00,0x00,0x05,0xF2,0x11,0x00,
    0x01,0xCF,0xEA,0x20,0x00,0x00,0x50,0x00,0x00,0x00,0x01,0x10,0x00,0x00,0x00,0x01,0x00,0x00,0x00,0x00,0x00,0x00,0x00,0x00,0x06,0xD0,0x00,0x05,0x90,0x00,0x00,0x00,
    0x00,0x03,0xC0,0x00,0x07,0xD0,0x00,0x00,0x00,0x00,0x02,0xA1,0x36,0x0C,0x40,0x00,0x00,0x00,0x00,0x7B,0xE9,0xA7,0x3A,0x00,0x00,0x00,0x00,0x00,0x03,0x84,0xA0,0xA2,
    0x16,0x91,0x00,0x01,0x23,0x58,0xBC,0xAA,0xBB,0xC8,0x40,0x00,0x03,0xA8,0x52,0xA2,0x07,0x05,0xB0,0x00,0x00,0x00,0x00,0x1A,0xCD,0x67,0x25,0x90,0x00,0x00,0x00,0x00,
    0x8A,0x44,0x00,0xA8,0x50,0x00,0x00,0x00,0x08,0x81,0xA7,0x30,0x4F,0x10,0x00,0x00,0x02,0xA5,0x37,0xD1,0x00,0x8D,0x90,0x00,0x00,0x27,0x2A,0x82,0xA2,0x4A,0x70,0xCC,
    0x50,0x00,0x00,0x00,0x13,0xD1,0x30,0x00,0x1C,0xFE,0x80,0x00,0x00,0x1C,0x90,0x00,0x00,0x00,0x11,0x00,0x00,0x00,0x01,0x00,0x00,0x00,0x00,0x00,0x00,0x00,0x00,0x00,
    0x00,0x02,0x10,0x00,0x00,0x00,0x00,0x13,0x69,0xEE,0xA0,0x00,0x00,0x00,0x00,0x48,0xC9,0x20,0x00,0x00,0x00,0x00,0x00,0x00,0xA7,0x00,0x00,0x00,0x00,0x00,0x00,0x00,
    0xC4,0x37,0xA9,0x10,0x00,0x00,0x02,0x58,0xEA,0x86,0x42,0x00,0x00,0x00,0x58,0x56,0xB5,0x60,0x00,0x00,0x00,0x00,0x00,0x09,0x65,0x80,0x00,0x00,0x00,0x00,0x00,0x2E,
    0x16,0x50,0x00,0x00,0x00,0x00,0x00,0xB6,0x07,0x40,0x00,0x00,0x50,0x00,0x09,0x90,0x07,0x50,0x00,0x00,0xC0,0x01,0xA7,0x00,0x04,0xC3,0x10,0x29,0xF1,0x28,0x20,0x00,
    0x00,0x5B,0xEF,0xEC,0x91,0x12,0x02,0x58,0xDD,0x50,0x1E,0xFD,0xA8,0x9F,0xA0,0x0B,0x30,0x00,0x0E,0x50,0x09,0x40,0x00,0x0D,0x30,0x09,0x64,0x87,0x0C,0x30,0x09,0x86,
    0x41,0x0C,0x30,0x0A,0x30,0x00,0x0C,0x40,0x0B,0x20,0x00,0x0D,0x50,0x0E,0x89,0xCE,0x8F,0x50,0x0C,0x54,0x20,0x6F,0x40,0x01,0x00,0x00,0x1E,0x10,0x00,0x00,0x00,0x03,
    0x00,0x00,0x00,0x00,0x00,0x00,0x00,0x00,0x00,0x00,0x00,0x00,0x00,0x05,0xC2,0x00,0x00,0x00,0x00,0x00,0x00,0x01,0xF2,0x00,0x00,0x02,0x15,0x93,0x00,0x00,0xE0,0x00,
    0x00,0x0E,0xEC,0xE9,0x00,0x00,0xC0,0x00,0x00,0x0B,0x00,0x94,0x00,0x24,0xDA,0xDE,0x40,0x0A,0x00,0x84,0x89,0x64,0xC1,0x00,0x00,0x0A,0x66,0x83,0x20,0x00,0xB0,0x00,
    0x00,0x0A,0x00,0x93,0x4D,0x10,0xC0,0x00,0x00,0x0B,0x00,0xA3,0x0A,0x20,0xC0,0x00,0x00,0x0D,0xEE,0xE3,0x00,0x00,0xD0,0x00,0x00,0x0B,0x11,0xE2,0x00,0x00,0xE1,0x00,
    0x00,0x01,0x00,0x40,0x00,0x00,0xF1,0x00,0x00,0x00,0x00,0x00,0x00,0x9B,0xF0,0x00,0x00,0x00,0x00,0x00,0x00,0x1C,0xA0,0x00,0x00,0x00,0x00,0x00,0x00,0x02,0x10,0x00,
    0x00,0x00,0x00,0x00,0x05,0x36,0xCD,0x40,0x00,0x00,0x00,0x0D,0x94,0x1D,0x70,0x35,0x7C,0xD3,0x0A,0x60,0x0B,0x40,0x3C,0x31,0xE5,0x09,0x50,0x0A,0x40,0x1C,0x00,0xD1,
    0x09,0xBC,0x79,0x40,0x1D,0x87,0xD1,0x09,0x40,0x09,0x50,0x1C,0x20,0xD1,0x0A,0x30,0x08,0x60,0x1B,0x00,0xD2,0x0C,0x8B,0x78,0x70,0x3C,0x78,0xF1,0x0D,0x00,0x08,0x70,
    0x28,0x00,0xC0,0x4A,0x00,0x08,0x80,0x00,0x00,0x00,0xA3,0x00,0x08,0x90,0x00,0x00,0x04,0xA0,0x04,0x8C,0x80,0x00,0x00,0x2B,0x10,0x00,0x9F,0x50,0x00,0x02,0x81,0x00,
    0x00,0x08,0x00,0x00,0x00,0x00,0x00,0x00,0x00,0x00,0x00,0x00,0x00,0x25,0x9D,0xB2,0x00,0x00,0x00,0x00,0x1E,0xE9,0x46,0xF3,0x00,0x00,0x00,0x00,0x08,0xAB,0x96,0xB0,
    0x00,0x00,0x00,0x00,0x03,0x90,0x09,0x60,0x00,0x00,0x00,0x00,0x00,0xCA,0xAD,0x10,0x00,0x00,0x00,0x00,0x00,0x20,0x00,0x13,0x10,0x00,0x00,0x00,0x12,0x46,0x9B,0xCB,
    0x70,0x00,0x01,0xDE,0xB8,0x58,0x93,0x73,0x00,0x00,0x00,0x00,0x76,0x05,0xFE,0xB2,0x00,0x00,0x00,0x02,0xD8,0x15,0x70,0x00,0x00,0x00,0x00,0x0B,0x51,0x8B,0x70,0x00,
    0x00,0x00,0x01,0xA5,0x00,0x04,0xC9,0x51,0x00,0x00,0x27,0x10,0x00,0x00,0x07,0xEF,0xDA,0x96,0x00,0x00,0x00,0x00,0x00,0x17,0x97,0x40,0x00,0x00,0x01,0x30,0x00,0x00,
    0x00,0x00,0x00,0x01,0xE2,0x00,0x00,0x00,0x00,0x00,0x00,0x75,0x06,0x80,0x00,0x67,0xAE,0x50,0x2C,0xC8,0x20,0x00,0x68,0x1B,0x66,0xA9,0x50,0xB5,0x00,0x47,0x0A,0x30,
    0x00,0xAB,0x60,0x10,0x37,0x0A,0x20,0x39,0x89,0x71,0x80,0x3E,0xDA,0x22,0x40,0x00,0x4B,0xD0,0x37,0x09,0x20,0x00,0x47,0x20,0x00,0x37,0x09,0x37,0xAA,0xC5,0x10,0x00,
    0x67,0x2A,0x20,0xD1,0xC1,0x00,0x00,0x68,0x4E,0x14,0x90,0xA0,0x00,0x01,0x11,0x03,0x1B,0x10,0xB0,0x00,0x26,0x00,0x01,0xB4,0x00,0xB3,0x01,0x9A,0x00,0x18,0x20,0x00,
    0x3B,0xEF,0xC5,0x00,0x00,0x00,0x00,0x10,0x00,0x00,0x00,0x00,0x00,0x00,0x00,0xAD,0x10,0x00,0x00,0x00,0x04,0x50,0x00,0x05,0x33,0x10,0x00,0x1D,0xDD,0xF3,0x24,0x8C,
    0xD9,0x20,0x00,0x0D,0x10,0xE0,0x36,0x51,0x20,0x00,0x00,0x0B,0x10,0xD0,0x0B,0x20,0xD5,0x00,0x00,0x0A,0x10,0xC0,0x05,0x31,0xA0,0x00,0x00,0x0A,0xD7,0xC0,0x01,0x39,
    0x9A,0xDF,0xC1,0x0A,0x10,0xC9,0xA8,0x53,0x21,0x00,0x10,0x0B,0x10,0xC0,0x23,0x6A,0xEB,0x10,0x00,0x0C,0x10,0xC0,0x6A,0x31,0x2F,0x10,0x00,0x0C,0x10,0xC0,0x2C,0xBB,
    0x0F,0x00,0x00,0x06,0x02,0xA0,0x29,0x00,0x0E,0x00,0x00,0x00,0x00,0x10,0x4B,0x56,0x5E,0x00,0x00,0x00,0x00,0x00,0x15,0x00,0x69,0x00,0x00,0x00,0x00,0x00,0x00,0x00,
    0x00,0x00,0x00,0x00,0x00,0x01,0x36,0xAE,0x50,0x00,0x00,0x00,0x0A,0xEC,0x84,0x1C,0xD0,0x00,0x00,0x00,0x03,0xDA,0xC9,0x0E,0x30,0x00,0x00,0x00,0x00,0xD0,0x02,0x5D,
    0x00,0x00,0x00,0x00,0x00,0xAD,0xFF,0xF9,0x68,0x30,0x00,0x13,0x57,0xCF,0xB9,0xB7,0x65,0x30,0x00,0x03,0x96,0x09,0x60,0x04,0x50,0x00,0x00,0x00,0x4B,0x88,0x54,0x76,
    0xF2,0x00,0x00,0x00,0x47,0x18,0x47,0x25,0x80,0x00,0x00,0x00,0x5A,0x78,0x30,0x8B,0x10,0x00,0x00,0x00,0x56,0x2B,0x70,0x8C,0x30,0x00,0x00,0x25,0xBB,0x7C,0x27,0x62,
    0xD9,0x30,0x00,0x29,0x40,0x0D,0x31,0x00,0x2D,0xEC,0x50,0x00,0x00,0x0E,0x00,0x00,0x00,0x00,0x00,0x00,0x00,0x06,0x00,0x00,0x00,0x00,0x00,0x00,0x00,0x00,0x18,0x10,
    0x00,0x00,0x00,0x00,0x00,0x00,0x0E,0xA0,0x00,0x00,0x00,0x00,0x00,0x00,0x1F,0x30,0x00,0x00,0x00,0x00,0x00,0x00,0x5C,0x46,0x9B,0xEE,0x80,0x06,0xAA,0x98,0xE7,0x43,
    0x10,0x00,0x00,0x00,0x10,0x04,0xB0,0x00,0x00,0x00,0x00,0x00,0x00,0x1D,0x76,0xAE,0xC2,0x00,0x00,0x00,0x00,0xA8,0x92,0x13,0xF2,0x00,0x00,0x00,0x09,0x64,0xCC,0xC2,
    0xE1,0x00,0x00,0x00,0x96,0x05,0x60,0x00,0xC2,0x00,0x00,0x29,0x30,0x06,0xBB,0xC3,0xB3,0x00,0x00,0x30,0x00,0x09,0x40,0x00,0xA4,0x00,0x00,0x00,0x00,0x0D,0x20,0x00,
    0xB5,0x00,0x00,0x00,0x00,0x1D,0x00,0x15,0xD6,0x00,0x00,0x00,0x00,0x02,0x00,0x0A,0xF3,0x00,0x00,0x00,0x00,0x00,0x00,0x01,0x80,0x00,0x00,0x00,0x00,0x00,0x00,0x00,
    0x00,0x00,0x00,0x00,0x00,0x9D,0x20,0x6D,0xDF,0xE4,0x00,0x00,0x00,0x05,0x20,0x39,0x00,0xE4,0x00,0x00,0x01,0x48,0xC9,0x4D,0xD4,0xC1,0x00,0x07,0x9D,0x63,0x00,0x56,
    0x00,0xB1,0x00,0x00,0x09,0x30,0x30,0x88,0x93,0xB2,0x00,0x00,0x0A,0x59,0x31,0xB0,0x01,0xD2,0x00,0x00,0x3E,0xA1,0x09,0x20,0x09,0xE0,0x00,0x00,0x59,0x00,0x22,0x03,
    0x40,0x40,0x00,0x00,0x00,0x06,0x9B,0xC9,0x60,0x00,0x00,0x00,0x00,0x00,0x08,0x60,0x00,0x00,0x00,0x00,0x00,0x06,0x7C,0xCB,0x80,0x00,0x00,0x00,0x00,0x02,0x29,0x40,
    0x00,0x00,0x00,0x01,0x23,0x45,0x6C,0xBA,0xCE,0xFC,0x30,0x01,0x98,0x64,0x32,0x11,0x01,0x35,0x30,0x00,0x00,0x00,0x03,0x00,0x00,0x00,0x00,0x00,0x00,0x20,0x0D,0x40,
    0x00,0x00,0x00,0x00,0x00,0xB4,0x0B,0x30,0x00,0x00,0x00,0x00,0x00,0x86,0x7D,0xC4,0x55,0x9E,0x80,0x00,0x17,0xC8,0x4B,0x20,0xA5,0x18,0x90,0x00,0x00,0x75,0x5B,0x10,
    0x93,0x05,0x70,0x00,0x00,0x84,0x1B,0x00,0x9C,0xC5,0x70,0x00,0x00,0x87,0x6B,0x00,0xA1,0x03,0x80,0x00,0x00,0x81,0x0B,0x00,0xB0,0x03,0x90,0x00,0x13,0xB8,0x9D,0xE8,
    0xCC,0xB3,0xA0,0x2C,0xB7,0x62,0x22,0x00,0xC0,0x02,0xB0,0x00,0x02,0xD4,0x1C,0x33,0xA0,0x02,0xC0,0x00,0x2B,0x30,0x02,0x39,0x40,0x03,0xD0,0x01,0x71,0x00,0x00,0x48,
    0x00,0x8C,0xC0,0x00,0x00,0x00,0x02,0x70,0x00,0x1D,0x60,0x00,0x00,0x00,0x00,0x00,0x00,0x02,0x00,0x00,0x00,0x00,0x51,0x00,0x00,0x00,0x00,0x00,0x00,0x00,0xCC,0x00,
    0x00,0x00,0x00,0x00,0x00,0x00,0x8A,0x00,0x00,0x00,0x00,0x00,0x00,0x00,0x78,0x12,0x00,0x00,0x00,0x00,0x00,0x15,0xBE,0xFE,0x20,0x00,0x00,0x00,0x03,0xEE,0xEA,0x76,
    0x76,0x00,0x00,0x00,0x01,0x34,0xAE,0xCB,0xA9,0x10,0x00,0x08,0xEB,0x76,0xF7,0x00,0x00,0x00,0x00,0x00,0x00,0x0A,0xDA,0x50,0x00,0x00,0x00,0x00,0x00,0x68,0x94,0xB5,
    0x00,0x00,0x00,0x00,0x05,0xA0,0xA4,0x1D,0x50,0x00,0x00,0x00,0x68,0x00,0xA4,0x03,0xE8,0x00,0x00,0x08,0x50,0x00,0xB4,0x00,0x4E,0xD8,0x30,0x41,0x00,0x00,0xE5,0x00,
    0x02,0x88,0x61,0x00,0x00,0x00,0xE4,0x00,0x00,0x00,0x00,0x00,0x00,0x00,0x51,0x00,0x00,0x00,0x00,0x00,0x00,0x02,0x50,0x00,0x00,0x00,0x00,0x00,0x00,0x01,0xF5,0x00,
    0x00,0x00,0x00,0x00,0x00,0x00,0xC3,0x00,0x00,0x00,0x00,0x00,0x00,0x24,0xDB,0xDD,0x10,0x00,0x00,0x00,0x07,0xFE,0xFA,0x79,0x20,0x00,0x00,0x00,0x05,0x30,0xB0,0x5C,
    0x20,0x00,0x00,0x00,0x03,0xC0,0xA1,0x60,0x00,0x00,0x00,0x00,0x00,0x12,0xB6,0x9B,0xDD,0x20,0x00,0x08,0xA8,0x7D,0xE5,0x00,0x00,0x00,0x00,0x00,0x00,0x5A,0xB7,0x60,
    0x00,0x00,0x00,0x00,0x04,0xC1,0xC0,0x8A,0x10,0x00,0x00,0x00,0x5C,0x20,0xD0,0x08,0xE9,0x30,0x00,0x07,0x91,0x01,0xD0,0x00,0x7F,0xFD,0x50,0x43,0x00,0x04,0xD0,0x00,
    0x00,0x10,0x00,0x00,0x00,0x04,0xC0,0x00,0x00,0x00,0x00,0x00,0x00,0x00,0x50,0x00,0x00,0x00,0x00,0x00,0x00,0x00,0x00,0x00,0x00,0x10,0x00,0x00,0x00,0x00,0x79,0x00,
    0x00,0x00,0x8D,0x10,0x00,0x00,0x00,0x4D,0x00,0x8A,0x01,0xD6,0x00,0x00,0x00,0x00,0x3A,0x00,0x1A,0x08,0x30,0x00,0x00,0x00,0x00,0x28,0x00,0x00,0x01,0x54,0x00,0x00,
    0x00,0x13,0x7C,0xB4,0x59,0xCC,0x95,0x00,0x00,0x02,0xDE,0xEA,0x40,0x00,0x96,0x00,0x00,0x00,0x00,0x00,0xD5,0x00,0x25,0xBC,0xB3,0x00,0x00,0x00,0x06,0xCA,0xB2,0x13,
    0x85,0x00,0x00,0x00,0x00,0x1D,0x65,0x32,0x23,0xAB,0xBD,0xFB,0x10,0x00,0xB4,0x65,0x4A,0x75,0xA6,0x10,0x01,0x00,0x08,0x40,0x75,0x00,0x00,0x95,0x00,0x00,0x00,0x11,
    0x00,0x95,0x00,0x00,0x95,0x00,0x00,0x00,0x00,0x00,0xC4,0x00,0x00,0xA4,0x00,0x00,0x00,0x00,0x00,0xD3,0x00,0x00,0xA3,0x00,0x00,0x00,0x00,0x00,0x30,0x00,0x00,0x91,
    0x00,0x00,0x00,0x00,0x00,0x00,0x00,0x00,0x10,0x00,0x00,0x00,0x00,0x00,0x00,0x00,0x03,0x00,0x00,0x00,0x00,0x00,0x00,0x00,0x0D,0x80,0x00,0x00,0x00,0x00,0x00,0x00,
    0x0E,0x30,0x00,0x00,0x00,0x00,0x00,0x00,0x59,0x00,0x00,0x00,0x00,0x03,0x8C,0x40,0xB3,0x5B,0xD6,0x00,0x06,0x85,0x2F,0x45,0x87,0x53,0xF9,0x00,0x00,0x40,0x3C,0x17,
    0x10,0x05,0x30,0x00,0x00,0x65,0x77,0x00,0x5B,0x00,0x00,0x00,0x00,0x09,0xD2,0x00,0x3A,0x00,0x00,0x00,0x00,0x03,0xF3,0x00,0x5C,0x00,0x00,0x00,0x00,0x0B,0x5D,0x10,
    0x95,0x80,0x00,0x00,0x00,0x76,0x09,0x42,0xC0,0x95,0x00,0x00,0x06,0x80,0x00,0x1B,0x40,0x1E,0x70,0x00,0x14,0x00,0x02,0xA4,0x00,0x07,0xFD,0x61,0x00,0x00,0x03,0x00,
    0x00,0x00,0x68,0x75,0x00,0x00,0x00,0x01,0xA2,0x00,0x00,0x00,0x00,0x01,0x20,0x00,0xC8,0x00,0x00,0x00,0x00,0x01,0xE5,0x00,0xA5,0x00,0x00,0x00,0x00,0x00,0xB5,0x00,
    0x93,0x06,0x30,0x00,0x00,0x00,0xA4,0x00,0x92,0x4F,0x90,0x00,0x02,0x00,0x87,0x95,0x96,0xA3,0x00,0x00,0x05,0xD0,0x88,0x41,0x95,0x00,0x00,0x00,0x00,0xE0,0x74,0x00,
    0x91,0x00,0x00,0x00,0x00,0xC1,0x64,0x00,0x91,0x00,0x00,0x40,0x00,0xA1,0x68,0x81,0x82,0x00,0x02,0x90,0x00,0x87,0xA5,0x00,0x4A,0x11,0x3B,0xC0,0x4A,0xD6,0x00,0x00,
    0x06,0xDF,0xEB,0x40,0x17,0x10,0x00,0x00,0x00,0x00,0x00,0x00,0x00,0x00,0x00,0x00,0x00,0x00,0x00,0x00,0x00,0x00,0x00,0x5E,0x70,0x00,0x00,0x00,0x00,0x00,0x00,0x06,
    0xB0,0x00,0x00,0x00,0x00,0x00,0x00,0x00,0x00,0x00,0x00,0x00,0x00,0x00,0x03,0x7D,0x70,0x08,0x70,0x00,0x00,0x00,0x37,0x6B,0x50,0x1E,0xB0,0x00,0x00,0x00,0x00,0x09,
    0x31,0xB5,0x00,0x00,0x01,0x24,0x7B,0x28,0xA8,0x10,0x00,0x00,0x07,0xA6,0x6E,0x28,0x4A,0x00,0x00,0x00,0x00,0x00,0xA7,0x09,0x34,0xB1,0x00,0x00,0x00,0x05,0xC0,0x09,
    0x40,0x8D,0x40,0x00,0x00,0x4C,0x10,0x0A,0x50,0x0B,0xFC,0x61,0x07,0x91,0x00,0x0B,0x50,0x01,0x79,0x86,0x12,0x00,0x03,0xAF,0x40,0x00,0x00,0x00,0x00,0x00,0x00,0x7E,
    0x10,0x00,0x00,0x00,0x00,0x00,0x00,0x03,0x00,0x00,0x00,0x00,0x00,0x00,0x03,0x40,0x00,0x00,0x00,0x00,0x00,0x00,0x03,0xF4,0x01,0x10,0x00,0x00,0x00,0x00,0x00,0xE2,
    0x01,0xCB,0x00,0x00,0x00,0x00,0x00,0xD1,0x00,0x17,0x00,0x00,0x00,0x00,0x36,0xEC,0xC6,0x00,0x00,0x00,0x00,0x29,0x86,0xD1,0x00,0x92,0x00,0x00,0x00,0x00,0x00,0xC0,
    0x09,0xD4,0x00,0x00,0x00,0x7D,0x20,0xC1,0x96,0x00,0x00,0x00,0x00,0x03,0x22,0xC8,0x00,0x00,0x00,0x00,0x00,0x04,0xA2,0xC4,0xA1,0x00,0x00,0x00,0x03,0xA9,0x00,0xC1,
    0x3D,0x60,0x00,0x00,0x8F,0x70,0x00,0xD2,0x03,0xEE,0x95,0x20,0x04,0x00,0x00,0xE3,0x00,0x3A,0xB8,0x60,0x00,0x00,0x5A,0xF2,0x00,0x00,0x00,0x00,0x00,0x00,0x0A,0xD0,
    0x00,0x00,0x00,0x00,0x00,0x00,0x01,0x20,0x00,0x00,0x00,0x00,0x00,0x00,0x00,0x02,0x20,0x00,0x00,0x00,0x00,0x00,0x00,0x04,0xF1,0x00,0x00,0x00,0x00,0x00,0x00,0x01,
    0xE1,0x41,0x00,0x00,0x04,0xB3,0x01,0x59,0xEA,0x71,0x00,0x00,0x00,0x8B,0x01,0x32,0xC4,0x40,0x00,0x00,0x00,0x00,0x00,0x7A,0xE7,0x20,0x00,0x00,0x53,0x00,0x00,0x02,
    0xC6,0x9C,0xEE,0x40,0x4E,0x44,0x99,0x86,0x43,0x11,0x00,0x00,0x03,0x10,0x02,0xEF,0xFF,0x90,0x00,0x00,0x00,0x07,0x00,0xB0,0x05,0xE1,0x00,0x00,0x00,0x56,0x00,0xCA,
    0x92,0xC0,0x00,0x00,0x00,0xC1,0x00,0xB0,0x00,0xC0,0x00,0x00,0x08,0xA0,0x00,0xDA,0xB2,0xE0,0x00,0x00,0x3F,0x50,0x02,0xB0,0x00,0xF1,0x00,0x00,0x0B,0x10,0x06,0x80,
    0x14,0xF2,0x00,0x00,0x00,0x00,0x05,0x30,0x1C,0xF1,0x00,0x00,0x00,0x00,0x00,0x00,0x02,0x70,0x00,0x00,0x00,0x00,0x00,0x00,0x02,0x30,0x00,0x00,0x00,0x01,0x35,0x8B,
    0xED,0xC5,0x00,0x00,0x00,0xAE,0xBA,0xB3,0x00,0x00,0x00,0x00,0x00,0x00,0x02,0xF3,0x00,0x00,0x00,0x00,0x00,0x00,0x00,0xF0,0x03,0x70,0x00,0x00,0x00,0x76,0x01,0xD0,
    0x09,0xD2,0x00,0x00,0x00,0x3F,0x22,0xD0,0x79,0x10,0x00,0x00,0x00,0x07,0x15,0xBA,0x30,0x00,0x00,0x00,0x00,0x00,0x0A,0x5A,0x30,0x00,0x00,0x00,0x00,0x00,0x3D,0x02,
    0xC1,0x00,0x00,0x00,0x00,0x01,0xD4,0x00,0x8C,0x10,0x00,0x00,0x00,0x4D,0x50,0x00,0x0D,0xE6,0x00,0x00,0x49,0x71,0x00,0x00,0x03,0xEF,0xD8,0x20,0x00,0x00,0x00,0x00,
    0x00,0x14,0x43,0x10,0x00,0x00,0x00,0x00,0x40,0x00,0x00,0x00,0x00,0x00,0x00,0x5C,0xD6,0x00,0x00,0x00,0x00,0x00,0x57,0x51,0x07,0x70,0x00,0x00,0x00,0x04,0x30,0xC1,
    0x2C,0x30,0x00,0x00,0x00,0x02,0xD0,0x41,0x71,0x00,0x00,0x00,0x00,0x00,0x00,0x13,0x68,0xAE,0x91,0x00,0x03,0xA7,0x7D,0xD4,0x21,0x0B,0xD6,0x00,0x0A,0x50,0x1A,0xA9,
    0xBB,0x83,0x00,0x00,0x0A,0x17,0x8C,0x20,0x00,0x00,0x00,0x00,0x00,0x00,0x8A,0x7A,0xE8,0x00,0x00,0x00,0x00,0x04,0xC7,0x41,0xC5,0x00,0x00,0x00,0x00,0x2B,0x11,0x88,
    0x80,0x00,0x00,0x00,0x02,0xA2,0x01,0x9B,0xC4,0x00,0x00,0x00,0x47,0x15,0x99,0x30,0x5E,0xC7,0x41,0x00,0x10,0x11,0x00,0x00,0x02,0x9B,0x96,0x00,0x00,0x00,0x53,0x00,
    0x00,0x00,0x00,0x00,0x00,0x00,0x7C,0x00,0x09,0x70,0x00,0x00,0x00,0x00,0x59,0x00,0x0A,0xA0,0x00,0x00,0x00,0x62,0x57,0x00,0x0D,0x20,0x00,0x00,0x00,0xC6,0x56,0x10,
    0x48,0x00,0x10,0x00,0x01,0xC3,0x9E,0xC0,0x84,0x7C,0xD4,0x00,0x05,0xDF,0xE8,0x01,0xDE,0xD5,0x00,0x00,0x09,0x00,0x54,0x03,0x00,0xB6,0x00,0x00,0x11,0x00,0x58,0x57,
    0x30,0xB3,0x00,0x00,0x00,0x16,0xC5,0x00,0x91,0xC0,0x00,0x00,0x38,0xC5,0x64,0x00,0x1C,0x90,0x00,0x00,0x9A,0x10,0x74,0x00,0x1C,0xB1,0x00,0x00,0x00,0x00,0x94,0x04,
    0xA3,0x9D,0x50,0x00,0x00,0x00,0xC3,0x33,0x00,0x0B,0xFE,0xA6,0x00,0x00,0x92,0x00,0x00,0x00,0x44,0x20,0x00,0x00,0x00,0x00,0x00,0x00,0x00,0x00,0x00,0x00,0x01,0x00,
    0x0A,0x90,0x00,0x00,0x00,0x40,0x0D,0x60,0x06,0xF0,0x00,0x00,0x00,0x59,0x5E,0x30,0x04,0xD0,0x00,0x00,0x00,0x05,0xF3,0x00,0x03,0xC0,0x00,0x00,0x00,0x1B,0xC1,0x00,
    0x03,0xD8,0xDC,0x30,0x03,0xA2,0x94,0x2D,0x78,0xC1,0x8D,0x10,0x03,0x02,0xE6,0x0A,0x23,0xA0,0xA3,0x00,0x00,0x0B,0x68,0x06,0x54,0xC7,0xE1,0x00,0x00,0x87,0x49,0x02,
    0xA7,0xA2,0x00,0x00,0x06,0x90,0x69,0x00,0x13,0x90,0x81,0x00,0x47,0x00,0x88,0x00,0x03,0x94,0xAE,0x30,0x00,0x27,0xD5,0x46,0x9B,0x95,0x1B,0xB0,0x00,0x08,0xE1,0x9B,
    0x50,0x00,0x02,0x90,0x00,0x00,0x20,0x00,0x00,0x00,0x00,0x00,0x00,0x00,0x00,0x10,0x25,0x8B,0xE7,0x00,0x01,0x6A,0xE8,0xBB,0x8D,0x41,0x9F,0x20,0x01,0x5C,0x40,0x66,
    0x0A,0x30,0x8A,0x00,0x00,0x09,0x50,0x39,0x3C,0xB5,0xB6,0x00,0x00,0x08,0x74,0x1A,0x3B,0x20,0xD2,0x00,0x01,0x9E,0xB4,0x0A,0x0A,0x23,0xE0,0x00,0x00,0x08,0x30,0x09,
    0x7D,0x77,0x70,0x00,0x00,0x08,0x32,0x20,0x0A,0x10,0x00,0x00,0x00,0x08,0xA7,0x00,0x3C,0x9B,0x10,0x00,0x16,0xBA,0x20,0x04,0x8D,0x41,0x00,0x00,0x2B,0x50,0x00,0x00,
    0x0B,0x00,0x00,0x00,0x00,0x00,0x01,0x23,0x5C,0x9B,0xDF,0xC1,0x00,0x00,0x3B,0xA7,0x42,0x10,0x01,0x20,0x00,0x00,0x00,0x00,0x00,0x00,0x00,0x00,0x00,0x00,0x03,0x00,
    0x2E,0x50,0x00,0x00,0x00,0x00,0x0C,0x60,0x0C,0x40,0x00,0x00,0x00,0x00,0x08,0x75,0x7D,0xDD,0x40,0x00,0x00,0x04,0xAD,0xB7,0x4C,0x20,0x00,0x00,0x00,0x00,0x07,0x51,
    0x1C,0x10,0x00,0x00,0x00,0x00,0x07,0xAB,0x3C,0x10,0x00,0x00,0x00,0x00,0x07,0x40,0x0C,0x00,0x00,0x00,0x00,0x00,0x07,0xBC,0x4D,0x00,0x00,0x00,0x00,0x00,0x07,0x40,
    0x0C,0x00,0x00,0x00,0x00,0x00,0x07,0x53,0x5D,0x89,0xBE,0xC1,0x19,0xAA,0x96,0x99,0x18,0x30,0x00,0x00,0x00,0x03,0xC0,0xA4,0x05,0xE1,0x00,0x00,0x00,0x02,0xB5,0x50,
    0x00,0x52,0x00,0x00,0x00,0x05,0x93,0x35,0x79,0xBC,0x70,0x00,0x00,0x09,0xB8,0x64,0x32,0x24,0x50,0x00,0x00,0x00,0x00,0x63,0x00,0x00,0x00,0x00,0x00,0x00,0x9E,0x00,
    0x00,0x00,0x00,0x00,0x00,0x6C,0x00,0x00,0x00,0x00,0x08,0x40,0x5B,0x00,0x00,0x00,0x00,0x0C,0x80,0x5A,0x14,0x20,0x00,0x00,0x1D,0x24,0xAE,0xFF,0xA0,0x00,0x00,0x6C,
    0xED,0xDC,0x52,0x00,0x00,0x00,0xC1,0x00,0x59,0x00,0x00,0x00,0x05,0x60,0x00,0x58,0x00,0x00,0x00,0x03,0x00,0x34,0x9C,0xBB,0x30,0x00,0x00,0x00,0x43,0x78,0x00,0x00,
    0x00,0x00,0x00,0x01,0x8B,0x9B,0xDF,0xD4,0x24,0x7A,0xDE,0xCA,0x98,0x9B,0xEA,0x5A,0x95,0x20,0x00,0x00,0x00,0x00,0x00,0x7C,0xCD,0xCB,0xDE,0xF9,0x00,0x00,0x3C,0x13,
    0xB2,0x00,0x8F,0x10,0x00,0x2C,0x00,0x78,0x00,0x5C,0x00,0x00,0x2C,0x00,0x78,0x51,0x3C,0x00,0x00,0x2B,0x28,0xCA,0x61,0x3C,0x00,0x00,0x3A,0x00,0x75,0x00,0x2C,0x00,
    0x00,0x58,0x00,0x88,0x74,0x2C,0x00,0x00,0x76,0x39,0xD9,0x41,0x1D,0x00,0x00,0xB3,0x00,0x94,0x00,0x1E,0x00,0x02,0xC0,0x00,0x93,0x00,0x2F,0x00,0x09,0x30,0x00,0x91,
    0x00,0x3F,0x00,0x64,0x00,0x00,0x80,0x08,0xEC,0x00,0x10,0x00,0x00,0x10,0x00,0xD6,0x00,0x00,0x00,0x00,0x00,0x00,0x10,0x00,0x00,0x01,0x13,0x56,0x8B,0xEC,0x30,0x00,
    0x00,0x00,0x05,0xEA,0x8E,0x43,0x2F,0x70,0x00,0x00,0x00,0x00,0xB1,0x3C,0x52,0x9A,0x00,0x00,0x00,0x00,0x00,0x7A,0xBF,0xFF,0xF3,0x00,0x00,0x00,0x00,0x00,0x29,0x65,
    0x71,0x40,0x00,0x00,0x00,0x00,0x00,0x02,0xB0,0x39,0x10,0x00,0x00,0x00,0x00,0x00,0x0B,0x50,0x02,0xC5,0x00,0x00,0x00,0x00,0x00,0x88,0x20,0x86,0x2D,0xD8,0x30,0x00,
    0x00,0x09,0x82,0xC0,0x59,0x02,0xAC,0xB8,0x00,0x02,0xA5,0x04,0x80,0x48,0x00,0x00,0x00,0x00,0x26,0x10,0x09,0x30,0x39,0x00,0x00,0x00,0x00,0x00,0x00,0x3A,0x00,0x3A,
    0x00,0x00,0x00,0x00,0x00,0x02,0x81,0x00,0x5A,0x00,0x00,0x00,0x00,0x00,0x01,0x00,0x00,0x7A,0x00,0x00,0x00,0x00,0x00,0x00,0x00,0x00,0x24,0x00,0x00,0x00,0x00,0x00,
    0x00,0x20,0x00,0x00,0x00,0x00,0x00,0x04,0xF7,0x00,0x00,0x00,0x00,0x11,0x69,0x30,0x24,0x67,0xAD,0x40,0x2E,0x50,0x00,0x45,0xC1,0x0E,0x70,0x09,0x40,0xB2,0x05,0xB0,
    0x1F,0x10,0x06,0x54,0x98,0x0B,0x21,0x7B,0x00,0x06,0xC6,0x01,0xA5,0x0B,0xF3,0x00,0x0B,0xA0,0x08,0x40,0x02,0x40,0x00,0x02,0xED,0xFF,0xCC,0xEE,0xA1,0x00,0x00,0xA3,
    0x38,0x91,0x03,0xF3,0x00,0x00,0x74,0x5A,0xD9,0x23,0xE0,0x00,0x00,0x56,0x02,0x80,0x04,0xD0,0x00,0x00,0x3A,0x79,0xCA,0x9A,0xB0,0x00,0x00,0x1A,0x20,0x00,0x3F,0x80,
    0x00,0x00,0x02,0x00,0x00,0x0C,0x30,0x00,0x00,0x00,0x00,0x00,0x01,0x00,0x00,0x00,0x00,0x00,0x00,0x02,0x00,0x00,0x00,0x04,0x10,0x00,0x1F,0x60,0x00,0x00,0x0E,0x80,
    0x00,0x4C,0x00,0x00,0x00,0x3B,0x00,0x00,0xA2,0x00,0x00,0x00,0x91,0x00,0x03,0x72,0x6A,0x40,0x15,0xAB,0xE6,0x0A,0xEC,0x8D,0xF0,0x6B,0x31,0xA8,0x63,0x00,0x08,0xA0,
    0x2B,0x00,0x96,0x35,0x20,0x07,0x60,0x0D,0x95,0xA4,0x04,0xE0,0x08,0x50,0x0C,0x00,0xA3,0x00,0x60,0x0A,0x40,0x0C,0x00,0xB2,0x00,0x00,0x0C,0x30,0x0B,0x65,0xE0,0x00,
    0x00,0x1F,0x10,0x03,0x00,0x50,0x00,0x33,0x7C,0x00,0x00,0x00,0x00,0x00,0x1D,0xF7,0x00,0x00,0x00,0x00,0x00,0x06,0xA0,0x00,0x00,0x00,0x00,0x00,0x00,0x10,0x00,0x00,
    0x00,0x00,0x00,0x00,0x00,0xE8,0x00,0x00,0x00,0x00,0x2B,0x40,0x08,0xB1,0x00,0x00,0x00,0x00,0x05,0xA0,0x57,0x00,0x00,0x00,0x00,0x00,0x00,0x01,0x46,0x9A,0x30,0x00,
    0x00,0x01,0x8A,0xBA,0x86,0x42,0x00,0x00,0x00,0x00,0x03,0x50,0x29,0x61,0x00,0x00,0x00,0x00,0x4D,0x80,0x02,0xAD,0x10,0x00,0x00,0x28,0x81,0x00,0x00,0x03,0x10,0x00,
    0x00,0x17,0xDD,0xDE,0xFE,0xFC,0x20,0x00,0x00,0x02,0xA4,0xA0,0x96,0x2F,0x40,0x00,0x00,0x00,0xB0,0xB0,0x82,0x2C,0x00,0x00,0x00,0x00,0xA0,0x90,0x80,0x66,0x00,0x00,
    0x13,0x34,0xB5,0x96,0xA8,0xBC,0xDE,0xB0,0x27,0x53,0x10,0x00,0x00,0x00,0x00,0x00,0x00,0x00,0x04,0x00,0x00,0x00,0x00,0x00,0x00,0x00,0x0D,0x80,0x00,0x00,0x00,0x00,
    0x00,0x00,0x0A,0x60,0x00,0x00,0x00,0x00,0x00,0x00,0x09,0x30,0x00,0x05,0xCC,0x20,0x00,0x00,0x09,0x54,0x4D,0xC5,0x0C,0xB0,0x01,0x47,0xBE,0xB8,0x2D,0x00,0x0A,0x60,
    0x02,0x65,0x5F,0x00,0x0D,0x79,0x39,0x60,0x00,0x00,0xBD,0x83,0x0C,0x00,0x08,0x60,0x00,0x06,0xAA,0x4C,0x0D,0xAC,0x68,0x70,0x00,0x3C,0x1B,0x00,0x0C,0x00,0x08,0x80,
    0x02,0xB2,0x0C,0x00,0x0D,0x01,0x18,0x90,0x16,0x10,0x0E,0x00,0x2E,0xDF,0xED,0x90,0x00,0x00,0x1F,0x00,0x1C,0x21,0x2F,0x70,0x00,0x00,0x3D,0x00,0x03,0x00,0x0B,0x20,
    0x00,0x00,0x17,0x00,0x00,0x00,0x00,0x00,0x00,0x00,0x00,0x01,0x00,0x00,0x00,0x00,0x00,0x00,0x00,0x0A,0x90,0x00,0x00,0x00,0x00,0x24,0x00,0x06,0xB0,0x00,0x00,0x00,
    0x88,0x9F,0x50,0x05,0x84,0x60,0x00,0x00,0x93,0x0E,0x20,0x3A,0xEB,0x40,0x00,0x00,0x74,0x2D,0x01,0x58,0x60,0x72,0x00,0x00,0x7B,0x6D,0x02,0x05,0x40,0xB8,0x00,0x00,
    0x64,0x0C,0x0B,0x16,0x56,0xD1,0x00,0x00,0x69,0x7C,0x1C,0x6C,0x93,0xC0,0x00,0x00,0x76,0x1C,0x5F,0x87,0x30,0x30,0x00,0x00,0x84,0x0C,0x13,0x07,0x40,0x00,0x06,0x00,
    0xA8,0xAE,0x00,0x06,0x50,0x00,0x0B,0x00,0xA5,0x2E,0x00,0x02,0xC3,0x01,0x7F,0x20,0x30,0x09,0x00,0x00,0x4C,0xEF,0xD9,0x10,0x00,0x00,0x00,0x00,0x00,0x00,0x00,0x00,
    0x00,0x00,0x00,0x08,0x50,0x00,0x00,0x00,0x00,0x00,0x00,0x0B,0x71,0x41,0x00,0x00,0x00,0x00,0x13,0x6D,0xBB,0x82,0x00,0x00,0x00,0x00,0x35,0x5A,0x00,0x00,0x00,0x00,
    0x00,0x00,0x23,0x8A,0xBE,0x80,0x00,0x00,0x00,0x00,0x5C,0x53,0x1A,0xA0,0x00,0x00,0x00,0x00,0x3D,0xAA,0x49,0x70,0x00,0x00,0x00,0x00,0x1A,0x00,0x09,0x60,0x00,0x00,
    0x00,0x00,0x1D,0xAB,0x59,0x50,0x00,0x00,0x00,0x00,0x1B,0x56,0x3A,0x40,0x00,0x00,0x00,0x00,0x2A,0x35,0x7D,0xBB,0xDE,0xB1,0x4B,0xB8,0x64,0x22,0x11,0x00,0x00,0x00,
    0x00,0x00,0x09,0xA0,0x0B,0x40,0x00,0x00,0x00,0x00,0x5D,0x20,0x04,0xF4,0x00,0x00,0x00,0x04,0xB2,0x00,0x00,0xAA,0x00,0x00,0x00,0x46,0x00,0x00,0x00,0x14,0x00,0x00,
    0x00,0x00,0x00,0x00,0x00,0x00,0x00,0x00,0x00,0x00,0x00,0xDA,0x00,0x00,0x00,0x02,0x92,0x05,0xC5,0x00,0x00,0x00,0x00,0x7A,0x8E,0xA6,0x00,0x00,0x00,0x06,0x76,0xC0,
    0x44,0x00,0x00,0x00,0x01,0x59,0xC9,0x61,0x00,0x00,0x00,0x00,0x09,0x45,0x79,0xAC,0xD5,0x24,0x77,0x8B,0x42,0x00,0x00,0x00,0x26,0x30,0x96,0x79,0xDE,0x50,0x00,0x00,
    0x04,0xE7,0x42,0x0C,0x60,0x00,0x00,0x1B,0x89,0xAB,0x2A,0x50,0x00,0x00,0xA2,0x73,0x00,0x0A,0x50,0x00,0x19,0x30,0x8A,0xBB,0x39,0x60,0x00,0x61,0x00,0x93,0x00,0x09,
    0x70,0x00,0x00,0x00,0xB8,0x9B,0x8A,0x70,0x00,0x00,0x00,0x73,0x10,0x3F,0x40,0x00,0x00,0x00,0x00,0x00,0x07,0x00,0x00,0x00,0x00,0x00,0x00,0x26,0x00,0x00,0x00,0x00,
    0x00,0x00,0x00,0x1E,0x40,0x00,0x00,0x00,0x00,0x00,0x00,0x0C,0x20,0x00,0x00,0x05,0x6C,0xD3,0x02,0x5D,0xDC,0x30,0x00,0x0C,0x51,0xE3,0x03,0x5D,0x10,0x00,0x00,0x09,
    0x30,0xD0,0x00,0x0C,0x6A,0xDD,0x30,0x08,0x95,0xD2,0x99,0x85,0x31,0x00,0x00,0x07,0x61,0xC0,0x02,0x80,0x4C,0x60,0x00,0x07,0x40,0xC0,0x0A,0x50,0x02,0xC3,0x00,0x07,
    0xE9,0xC1,0x82,0x0B,0x20,0x00,0x00,0x08,0x40,0xC0,0x00,0x0C,0x78,0x10,0x00,0x09,0x40,0xD0,0x06,0x9E,0x74,0x00,0x00,0x0B,0xEE,0xE0,0x00,0x0B,0x10,0x00,0x00,0x09,
    0x21,0xC0,0x01,0x4D,0x9C,0xEE,0x40,0x00,0x00,0x33,0xA9,0x63,0x10,0x12,0x10,0x00,0x00,0x00,0x00,0x00,0x31,0x00,0x00,0x00,0x00,0x00,0x00,0x00,0xD8,0x00,0x00,0x00,
    0x00,0x26,0x9A,0x03,0xD2,0x88,0x00,0x00,0x29,0xBD,0x51,0x0A,0x66,0xC8,0x00,0x00,0x00,0x69,0x00,0x65,0x04,0x60,0x00,0x00,0x00,0xC1,0x00,0x31,0x4C,0xCE,0x90,0x00,
    0x08,0xCB,0xE4,0xDD,0x8D,0x15,0xE0,0x00,0x2E,0x51,0xE2,0xB3,0x0C,0x33,0xC0,0x00,0xA9,0x43,0xC0,0xB3,0x7D,0x62,0xC0,0x09,0x26,0x75,0x20,0xB0,0x0B,0x43,0xC0,0x21,
    0x03,0x20,0x00,0xC4,0x9D,0x62,0xD0,0x00,0x00,0x00,0x02,0xA0,0x19,0x01,0xE0,0x00,0x00,0x00,0x08,0x40,0x28,0x01,0xE0,0x00,0x00,0x00,0x29,0x00,0x14,0x3D,0xD0,0x00,
    0x00,0x01,0x80,0x00,0x00,0x09,0x60,0x00,0x00,0x01,0x00,0x00,0x00,0x00,0x00,0x00,0x00,0x00,0x00,0x00,0x00,0x00,0x00,0x00,0x00,0x59,0x20,0x00,0x4D,0x40,0x00,0x00,
    0x00,0x0A,0xB0,0x02,0xC9,0x20,0x00,0x00,0x00,0x00,0x12,0xC8,0x20,0x00,0x00,0x00,0x00,0x01,0x00,0xC3,0x00,0x00,0x00,0x00,0x24,0xAF,0x50,0xB4,0x37,0xAE,0xC1,0x3E,
    0xB6,0x7B,0x10,0xCE,0xFE,0x93,0x00,0x00,0x01,0xD1,0x00,0xD1,0x0E,0x20,0x00,0x00,0x09,0xC9,0x90,0xE0,0x0D,0x20,0x00,0x00,0x59,0x71,0x53,0xB0,0x0C,0x20,0x00,0x03,
    0xB0,0x82,0x07,0x60,0x0C,0x20,0x00,0x38,0x10,0xA2,0x0B,0x00,0x0C,0x20,0x00,0x10,0x00,0xD1,0x73,0x00,0x0C,0x10,0x00,0x00,0x00,0xC0,0x20,0x00,0x0C,0x10,0x00,0x00,
    0x00,0x20,0x00,0x00,0x0C,0x00,0x00,0x00,0x00,0x00,0x00,0x00,0x08,0x00,0x00,0x00,0x00,0x00,0x00,0x00,0x00,0x00,0x00,0x00,0x00,0x00,0x00,0x00,0x76,0x00,0x00,0x00,
    0x00,0x1A,0x50,0x00,0x4F,0x20,0x00,0x00,0x00,0x04,0xE0,0x00,0x2E,0x00,0x00,0x00,0x00,0x00,0x10,0x00,0x1D,0x00,0x00,0x00,0x00,0x01,0x20,0x00,0x2E,0x8C,0xD6,0x00,
    0x13,0x7E,0xE2,0xDC,0x9D,0x41,0xEB,0x04,0xEA,0x5D,0x30,0xA2,0x0C,0x31,0xF3,0x00,0x00,0x5A,0x00,0x75,0x7D,0x64,0xE0,0x00,0x01,0xCB,0xB3,0x56,0x0C,0x38,0x90,0x00,
    0x0B,0x49,0x23,0x2E,0xEF,0xDE,0x40,0x00,0x95,0x0A,0x00,0x04,0x1C,0x02,0x00,0x08,0x40,0x0C,0x00,0x00,0x0C,0x00,0x00,0x01,0x00,0x1D,0x00,0x00,0x1C,0x00,0x00,0x00,
    0x00,0x1B,0x00,0x00,0x1B,0x00,0x00,0x00,0x00,0x01,0x00,0x00,0x2A,0x00,0x00,0x00,0x00,0x00,0x00,0x00,0x17,0x00,0x00,0x00,0x00,0x00,0x00,0x00,0x00,0x00,0x00,0x00,
    0x00,0x00,0x00,0x00,0x93,0x00,0x00,0x00,0x00,0x00,0x09,0x60,0x00,0xC6,0x00,0x00,0x00,0x00,0x00,0x03,0xC1,0x00,0xD1,0x23,0x00,0x00,0x00,0x00,0x00,0x00,0x36,0xEB,
    0xA5,0x00,0x00,0x00,0x00,0x03,0x10,0x48,0x72,0x41,0x00,0x00,0x01,0x37,0xAE,0x80,0x5C,0xB9,0x61,0x00,0x00,0x03,0x83,0x3B,0x00,0x0B,0x36,0x9C,0xEC,0x10,0x00,0x00,
    0xB3,0x49,0xBA,0x57,0x81,0x00,0x00,0x00,0x06,0xBB,0x60,0xA1,0x02,0xC0,0x00,0x00,0x00,0x3A,0x55,0x33,0x92,0x57,0xEC,0xE8,0x00,0x02,0xA1,0x65,0x0A,0x5C,0x52,0xA0,
    0x00,0x00,0x05,0x00,0xA4,0x82,0x05,0x80,0xB0,0x00,0x00,0x00,0x00,0xD5,0x20,0x00,0x10,0xC0,0x00,0x00,0x00,0x00,0xC1,0x00,0x00,0x46,0xE0,0x00,0x00,0x00,0x00,0x10,
    0x00,0x00,0x2D,0x90,0x00,0x00,0x00,0x00,0x00,0x00,0x00,0x02,0x00,0x00,0x00,0x00,0x00,0x34,0x00,0x00,0x00,0x22,0x00,0x00,0x00,0x2D,0x90,0x05,0xAD,0xB5,0x00,0x00,
    0x00,0x01,0x40,0x01,0x20,0x00,0x00,0x00,0x00,0x00,0x00,0x23,0x69,0xEB,0x10,0x00,0x13,0x7D,0xB0,0x8A,0x41,0x98,0x00,0x06,0xC7,0x2C,0x30,0x2A,0x45,0x91,0x00,0x00,
    0x00,0x68,0x00,0x03,0x00,0x00,0x00,0x00,0x02,0xDB,0x82,0x02,0x57,0xAD,0xD5,0x00,0x1B,0x48,0x58,0xC8,0xA8,0x10,0xC8,0x01,0xB3,0x28,0x04,0x75,0xAD,0xB1,0xC3,0x18,
    0x20,0x38,0x01,0x91,0x65,0x00,0xE1,0x00,0x00,0x58,0x00,0xB1,0x78,0x73,0xE0,0x00,0x00,0x87,0x00,0xC7,0x64,0x4E,0xB0,0x00,0x00,0x43,0x00,0x30,0x00,0x09,0x40,0x00,
    0x00,0x00,0x00,0x00,0x31,0x00,0x00,0x00,0x00,0x00,0x51,0x00,0x9E,0x00,0x00,0x00,0x00,0x07,0xE9,0x00,0xC6,0x00,0x00,0x00,0x03,0x9D,0x30,0x02,0xB0,0x00,0x00,0x00,
    0x00,0x0B,0x40,0x09,0x44,0x7C,0xD6,0x00,0x01,0x3C,0x96,0x2E,0xDD,0x45,0xE7,0x06,0xEC,0xAE,0x21,0xA1,0x2F,0x03,0x10,0x00,0x00,0xBC,0x52,0x10,0x0E,0x00,0x00,0x00,
    0x07,0x9A,0x7A,0x11,0x0D,0x01,0x00,0x00,0x5B,0x1B,0x01,0xA3,0x0D,0x0B,0x80,0x05,0x90,0x0C,0x06,0xD0,0x0D,0x01,0xE9,0x02,0x00,0x2C,0x06,0x30,0x0E,0x00,0x39,0x00,
    0x00,0x5C,0x00,0x04,0x4E,0x00,0x00,0x00,0x00,0x39,0x00,0x03,0xFB,0x00,0x00,0x00,0x00,0x00,0x00,0x00,0x53,0x00,0x00,0x00,0x02,0xB0,0x00,0x09,0x30,0x00,0x00,0x00,
    0x00,0x03,0xE1,0x00,0x0C,0x60,0x00,0x00,0x00,0x00,0x07,0x51,0x00,0x1E,0x10,0x00,0x00,0x00,0x00,0x08,0x08,0xA0,0x78,0x90,0x00,0x00,0x00,0x00,0x63,0x2D,0x21,0xC1,
    0x3A,0x10,0x00,0x00,0x06,0xFF,0xF6,0x08,0x60,0x07,0xC2,0x00,0x00,0x03,0x43,0x90,0x2B,0x00,0x21,0xAE,0x71,0x00,0x00,0x19,0x24,0x93,0x9C,0xB6,0x18,0xA9,0x10,0x02,
    0xDC,0x75,0x10,0x00,0x00,0x00,0x00,0x00,0x02,0x71,0x54,0x35,0x68,0xBE,0x60,0x00,0x00,0x38,0xBB,0x40,0x2D,0x42,0x0C,0xC0,0x00,0x00,0x09,0x50,0x00,0x0B,0x00,0x1D,
    0x10,0x00,0x00,0x00,0x00,0x00,0x0A,0x89,0xAB,0x10,0x00,0x00,0x00,0x00,0x00,0x03,0x00,0x00,0x00,0x00,0x00,0x00,0x02,0x10,0x00,0x0B,0x50,0x00,0x00,0x00,0x05,0xE2,
    0x00,0x0A,0x90,0x00,0x00,0x00,0x06,0xB0,0x00,0x08,0x60,0x00,0x00,0x00,0x0B,0x32,0x51,0x09,0x50,0x00,0x00,0x00,0x3D,0xBB,0x81,0x09,0x9C,0xD2,0x00,0x00,0x91,0xC1,
    0x03,0x8C,0x44,0xE1,0x00,0x01,0x10,0xB5,0x86,0x0A,0x15,0x80,0x00,0x59,0xAA,0xD6,0x30,0x0C,0x5B,0xDE,0xC0,0x14,0x10,0xA0,0x28,0xAF,0x62,0x10,0x00,0x00,0x90,0xA0,
    0xD2,0x49,0xA0,0x00,0x00,0x01,0xD5,0xC8,0xD0,0xB4,0x6A,0x00,0x00,0x07,0xE7,0x10,0x46,0xA0,0x0C,0xA1,0x00,0x01,0x10,0x00,0x78,0x00,0x03,0xFE,0x92,0x00,0x00,0x02,
    0x20,0x00,0x00,0x24,0x42,0x00,0x00,0x00,0x99,0x00,0x00,0x00,0x00,0x00,0x00,0x00,0x5C,0x00,0x00,0x00,0x00,0x00,0x00,0x00,0x4A,0x00,0x12,0x00,0x00,0x00,0x00,0x01,
    0x6C,0xAA,0x5E,0x10,0x00,0x00,0x00,0x7F,0xED,0x93,0xC6,0x00,0x00,0x00,0x00,0x00,0x48,0x07,0x80,0x00,0x00,0x00,0x00,0x00,0x59,0x6E,0x8B,0xDE,0xA0,0x36,0x89,0x98,
    0x8A,0xB3,0x11,0x00,0x00,0x16,0x41,0x00,0x5C,0x10,0x00,0x00,0x00,0x00,0x00,0x08,0xE8,0xAE,0xA1,0x00,0x00,0x00,0x01,0x9D,0x52,0x05,0xE0,0x00,0x00,0x00,0x3A,0x38,
    0xAC,0x93,0xC0,0x00,0x00,0x17,0x70,0x08,0x30,0x02,0xE0,0x00,0x00,0x31,0x00,0x0A,0x43,0x46,0xF0,0x00,0x00,0x00,0x00,0x06,0x10,0x09,0xC0,0x00,0x00,0x00,0x00,0x00,
    0x00,0x03,0x40,0x00,0x00,0x00,0x00,0x00,0x00,0x00,0x01,0x00,0x00,0x00,0x00,0x00,0x00,0x00,0x1E,0x60,0x00,0x00,0x00,0x37,0xA8,0x00,0x0A,0x70,0x00,0x00,0x5A,0xD7,
    0x41,0x00,0x07,0x50,0x00,0x00,0x00,0xE2,0x00,0x00,0x06,0x50,0x00,0x00,0x01,0x90,0x00,0x00,0x39,0xBC,0xE5,0x00,0x06,0x68,0xDA,0x99,0x68,0x61,0x00,0x4C,0xBC,0xA8,
    0x1E,0x40,0x06,0x60,0x00,0x1A,0x29,0x57,0x0D,0x1B,0x16,0x60,0x00,0x0B,0x18,0x55,0x1B,0x07,0x36,0x70,0x00,0x0C,0x16,0x62,0x98,0x00,0x07,0x70,0x00,0x0A,0x00,0x10,
    0xC2,0x00,0x08,0x80,0x00,0x00,0x00,0x00,0x00,0x00,0x09,0x80,0x00,0x00,0x00,0x00,0x00,0x01,0xCF,0x60,0x00,0x00,0x00,0x00,0x00,0x00,0x3D,0x10,0x00,0x00,0x00,0x00,
    0x00,0x00,0x00,0x00,0x00,0x00,0x01,0x5A,0xDA,0x10,0x15,0xB9,0x10,0x02,0x9C,0x64,0x90,0x3E,0x64,0xE8,0x00,0x00,0x0B,0x20,0xC0,0x0D,0x13,0x90,0x00,0x00,0x0A,0x85,
    0xB0,0x0C,0x28,0x10,0x00,0x00,0x0A,0x10,0xA0,0x0B,0x29,0x20,0x00,0x00,0x0A,0x95,0xA0,0x0B,0x20,0xB3,0x00,0x00,0x0A,0x00,0xA0,0x0A,0x20,0x2D,0x00,0x00,0x0A,0x16,
    0xD5,0x0A,0x35,0x4E,0x30,0x02,0x6D,0xA3,0xB0,0x0A,0x22,0xBF,0x40,0x1C,0xA2,0x00,0xD0,0x09,0x20,0x05,0x00,0x00,0x00,0x01,0xD0,0x0A,0x20,0x00,0x00,0x00,0x00,0x01,
    0xC0,0x0A,0x20,0x00,0x00,0x00,0x00,0x00,0x30,0x0A,0x10,0x00,0x00,0x00,0x00,0x00,0x00,0x08,0x00,0x00,0x00,0x00,0x00,0x00,0x00,0x01,0x00,0x00,0x00,0x00,0x00,0x00,
    0x00,0x00,0x00,0xA4,0x00,0x00,0x02,0x59,0xB1,0x82,0x03,0xE3,0x00,0x07,0xC9,0x7C,0x10,0x69,0x0A,0x20,0x00,0x00,0x93,0x0D,0x00,0x01,0x41,0x00,0x00,0x00,0x88,0x5B,
    0x02,0x24,0x7B,0xE7,0x00,0x00,0x84,0x0B,0x03,0xD6,0x31,0xE4,0x00,0x00,0x85,0x4B,0x00,0xA0,0x01,0xA0,0x00,0x00,0x86,0x2B,0x00,0x85,0x56,0x40,0x00,0x00,0x92,0x0C,
    0x30,0x20,0x62,0x08,0x91,0x00,0xAA,0x8C,0x03,0x50,0x4B,0x00,0x9A,0x8E,0x92,0x0C,0x1A,0x46,0x00,0x05,0x01,0x02,0x00,0x2B,0x57,0x0A,0x51,0x1B,0x40,0x00,0x00,0x3A,
    0x00,0x01,0x9E,0xFD,0x90,0x00,0x00,0x15,0x00,0x00,0x00,0x00,0x00,0x00,0x00,0x00,0x02,0x10,0x00,0x00,0x00,0x00,0x02,0x80,0x04,0xD0,0x00,0x00,0x00,0x00,0x05,0xD1,
    0x02,0xB0,0x24,0x00,0x00,0x00,0x0B,0x23,0x01,0x94,0xB6,0x00,0x00,0x00,0x63,0x07,0xB2,0xB5,0x00,0x00,0x00,0x07,0xA9,0x73,0xC1,0x90,0x00,0x70,0x00,0x0B,0x50,0x00,
    0x00,0xB3,0x39,0xC0,0x00,0x00,0x48,0xCC,0x11,0xFC,0xDA,0x30,0x00,0x00,0xB2,0x0D,0x20,0xD0,0x28,0x00,0x00,0x00,0xBC,0x7B,0x00,0xB6,0xA5,0x00,0x00,0x00,0xA0,0x0A,
    0x00,0xA1,0x00,0x03,0x00,0x00,0xC7,0x4A,0x20,0x90,0x00,0x08,0x20,0x02,0xA0,0x0A,0x30,0x92,0x01,0x5E,0x60,0x07,0x60,0x3D,0x30,0x2B,0xFF,0xD8,0x10,0x05,0x20,0x5E,
    0x00,0x00,0x00,0x00,0x00,0x00,0x00,0x02,0x00,0x00,0x00,0x00,0x00,0x00,0x00,0x00,0x04,0x40,0x00,0x00,0x00,0x00,0x00,0x00,0x04,0xF0,0x00,0x00,0x00,0x00,0x13,0x93,
    0x02,0xC0,0x00,0x00,0x00,0x03,0xFD,0xDA,0x01,0xB0,0x00,0x00,0x00,0x00,0xC0,0xA5,0x04,0xDB,0x20,0x01,0x00,0x00,0xC3,0xA3,0x58,0x90,0x17,0x7C,0xE1,0x00,0xC3,0xA1,
    0x02,0x85,0x4E,0x03,0xC0,0x00,0xB3,0xA6,0x7B,0x86,0x4C,0x04,0x90,0x01,0xFD,0xA2,0x0C,0x10,0x0C,0x07,0x80,0x04,0x80,0xA1,0x37,0x2A,0x1B,0x6F,0x40,0x07,0x50,0xA2,
    0xB9,0x7A,0x7B,0x15,0x00,0x0B,0x10,0xA6,0xA2,0x00,0x2B,0x20,0x00,0x38,0x00,0xB2,0x00,0x00,0x0B,0x20,0x00,0x70,0x07,0xE2,0x00,0x00,0x0B,0x10,0x00,0x00,0x02,0xE1,
    0x00,0x00,0x0B,0x00,0x00,0x00,0x00,0x10,0x00,0x00,0x09,0x00,0x00,0x00,0x00,0x00,0x00,0x00,0x02,0x00,0x00,0x00,0x05,0x82,0x00,0x00,0x00,0x07,0xC1,0x00,0x00,0x00,
    0x0A,0x10,0x00,0x00,0x45,0x53,0x48,0xDC,0x40,0x0C,0x10,0x00,0x1D,0xD0,0x0C,0x00,0x00,0x0A,0x80,0x0C,0x69,0xB7,0x08,0x70,0x0C,0x00,0x00,0x07,0x80,0x0C,0x00,0x00,
    0x07,0x90,0x0C,0x7A,0xB9,0x07,0x90,0x0C,0x00,0x00,0x08,0xA0,0x0D,0x00,0x02,0x09,0xB0,0x1E,0x9A,0xBA,0xAD,0xB0,0x0B,0x00,0x00,0x3F,0x80,0x02,0x00,0x00,0x0D,0x30,
    0x00,0x00,0x00,0x02,0x00,0x00,0x00,0x00,0x00,0x25,0x73,0x00,0x00,0x00,0x00,0x68,0xBE,0xEC,0x83,0x00,0x00,0x00,0x00,0x24,0x9D,0x00,0x00,0x00,0x00,0x00,0x00,0x00,
    0xD5,0x35,0x00,0x00,0x00,0x00,0x00,0x08,0x50,0x1C,0xD2,0x00,0x00,0x00,0x03,0xCD,0xBB,0x96,0xD8,0x00,0x00,0x00,0x08,0xB6,0x44,0x00,0x22,0x00,0x00,0x00,0x00,0x00,
    0x2F,0x30,0x00,0x00,0x00,0x00,0x00,0x01,0x4F,0xAC,0xB0,0x00,0x00,0x00,0x00,0x79,0x8E,0x41,0x00,0x00,0x00,0x00,0x00,0x00,0x0E,0x00,0x00,0x00,0x00,0x00,0x12,0x34,
    0x5E,0x8A,0xBD,0xEE,0x70,0x2E,0xEB,0x86,0x43,0x21,0x00,0x02,0x20,0x00,0x00,0x00,0x00,0x00,0x00,0x00,0x00,0x00,0x00,0x00,0x00,0x00,0x00,0x00,0x00,0x00,0x00,0x00,
    0x00,0x03,0xD2,0x00,0x00,0x00,0x00,0x27,0xA6,0x04,0xE1,0x00,0x00,0x00,0x5B,0xF8,0x30,0x09,0x60,0x00,0x00,0x00,0x02,0xE2,0x00,0x0C,0x00,0x00,0x00,0x00,0x08,0x42,
    0xC1,0x66,0x4A,0xEA,0x00,0x00,0x48,0x57,0xB4,0xB8,0xD5,0x10,0x00,0x06,0xF9,0xB1,0x18,0x30,0xB6,0x00,0x00,0x02,0x40,0xB2,0x13,0x70,0xB2,0x00,0x00,0x00,0x15,0xDD,
    0x60,0x44,0xC0,0x00,0x00,0x00,0x57,0xC0,0x00,0x0A,0x90,0x00,0x00,0x00,0x00,0xA2,0x52,0x0A,0xC2,0x00,0x00,0x00,0x25,0xB7,0x10,0x87,0x5E,0x60,0x00,0x1C,0xC5,0x00,
    0x5A,0x50,0x09,0xFD,0x61,0x00,0x00,0x00,0x10,0x00,0x00,0x68,0x75,0x00,0x07,0x60,0x00,0x00,0x00,0x00,0x00,0x04,0xD7,0x00,0x00,0x00,0x00,0x00,0x00,0x00,0x00,0x00,
    0x00,0x00,0x00,0x03,0x7C,0xE8,0x00,0x00,0x00,0x4D,0x96,0x31,0xCC,0x00,0x00,0x00,0x0D,0x00,0x00,0xD5,0x00,0x00,0x00,0x0B,0x69,0x91,0xE0,0x00,0x00,0x00,0x0B,0x10,
    0x04,0x80,0x00,0x00,0x00,0x0B,0x67,0x88,0x29,0x50,0x00,0x00,0x0B,0x73,0x00,0x7A,0x30,0x00,0x00,0x0B,0x07,0x86,0x30,0x00,0x00,0x00,0x0B,0x00,0x3B,0x60,0x00,0x00,
    0x00,0x0D,0x16,0x41,0x9D,0x61,0x00,0x00,0x8E,0xB3,0x00,0x04,0xDF,0xC9,0x40,0xD8,0x00,0x00,0x00,0x02,0x21,0x00,0x10,0x00,0x00,0x00,0x00,0x00,0x00,0x00,0x00,0x00,
    0x00,0x01,0x20,0x00,0x00,0x00,0x00,0x27,0x10,0x01,0xF4,0x00,0x00,0x00,0x00,0x0C,0x60,0x01,0xD1,0x10,0x00,0x00,0x01,0x28,0x96,0x8B,0xED,0xEA,0x00,0x00,0xAE,0xA9,
    0x93,0x18,0x20,0x00,0x00,0x00,0x00,0x01,0x61,0x07,0x00,0x00,0x00,0x00,0x00,0x00,0x0D,0x60,0x00,0x00,0x00,0x00,0x00,0x12,0x3D,0x76,0x79,0xBD,0xD5,0x2B,0xC9,0x64,
    0x2C,0x00,0x00,0x00,0x00,0x00,0x00,0x00,0x19,0x00,0x00,0x00,0x00,0x00,0x00,0x55,0x8B,0xAD,0xE7,0x00,0x00,0x00,0x00,0x7B,0x43,0x11,0xFC,0x00,0x00,0x00,0x00,0x2B,
    0x00,0x01,0xE2,0x00,0x00,0x00,0x00,0x0B,0x35,0x7B,0xD0,0x00,0x00,0x00,0x00,0x07,0x32,0x11,0x00,0x00,0x00,0x00,0x00,0x00,0x00,0x06,0x00,0x00,0x00,0x00,0x76,0x00,
    0x1E,0x20,0x00,0x00,0x01,0x4C,0x57,0xAC,0xBD,0xD3,0x07,0xB8,0x6B,0x20,0x91,0x00,0x00,0x00,0x00,0x06,0x02,0x51,0x00,0x00,0x00,0x07,0x70,0x00,0x0E,0x20,0x00,0x00,
    0x0B,0x24,0x10,0x78,0x00,0x00,0x01,0x93,0x1D,0x42,0xD5,0x8D,0xA0,0x03,0xA7,0xC3,0x09,0x42,0x06,0xD0,0x00,0x07,0x20,0x43,0x60,0x06,0x90,0x00,0xCB,0x96,0x10,0xC4,
    0x07,0x80,0x00,0x41,0x01,0x20,0x21,0x0A,0x60,0x01,0x26,0x97,0x10,0x00,0x0E,0x30,0x0C,0xD6,0x00,0x00,0x08,0xBE,0x00,0x00,0x00,0x00,0x00,0x03,0xF7,0x00,0x00,0x00,
    0x00,0x00,0x00,0x30,0x00,0x00,0x00,0x00,0x00,0x02,0x00,0x00,0x00,0x00,0x00,0x38,0x00,0x0D,0x33,0x20,0x00,0x00,0x12,0x3D,0x78,0x9E,0xCD,0xC1,0x00,0x01,0xDD,0x9A,
    0x62,0x46,0x51,0x00,0x00,0x00,0x00,0x93,0x31,0x60,0x95,0x00,0x00,0x00,0x03,0xD9,0x10,0xC6,0xCC,0x50,0x00,0x00,0x45,0xC3,0x16,0xB4,0xB0,0x00,0x00,0x00,0x48,0xD6,
    0x10,0x94,0xC9,0xDE,0x80,0x00,0x02,0xB8,0x38,0x75,0x31,0x00,0x00,0x49,0xAB,0xD0,0x05,0x79,0xDD,0x20,0x00,0x01,0x2A,0xB9,0x19,0x51,0x1D,0x20,0x00,0x01,0xA1,0xB3,
    0x37,0x89,0x3C,0x10,0x00,0x28,0x10,0xC0,0x08,0x40,0x0B,0x20,0x00,0x10,0x01,0xD0,0x08,0x64,0x5E,0x20,0x00,0x00,0x01,0xB0,0x03,0x00,0x09,0x00,0x00,0x00,0x00,0x10,
    0x00,0x00,0x00,0x00,0x00,0x00,0x00,0x02,0x71,0x00,0x00,0x00,0x00,0x00,0x00,0x00,0xD9,0x00,0x00,0x00,0x00,0x00,0x00,0x00,0xAB,0x9E,0xB0,0x00,0x00,0x00,0x00,0x00,
    0x87,0x20,0x00,0x00,0x00,0x00,0x00,0x00,0x88,0x68,0xCE,0x50,0x00,0x00,0x3D,0x99,0xC7,0x31,0x2F,0xA0,0x00,0x00,0x1F,0x00,0x77,0x36,0x32,0x00,0x00,0x00,0x1E,0x00,
    0x8C,0x73,0x22,0x00,0x00,0x00,0x2C,0x59,0x89,0x12,0xA8,0x00,0x00,0x00,0x59,0x00,0x0A,0xEE,0xA2,0x00,0x00,0x00,0x86,0x21,0x02,0x71,0x05,0xD8,0x00,0x00,0xC2,0xB3,
    0x60,0x97,0x00,0x4D,0x30,0x03,0xB5,0xC0,0xA1,0x00,0x47,0x00,0x00,0x0A,0x37,0x40,0x3B,0x30,0x1F,0xA0,0x00,0x56,0x00,0x00,0x03,0xBE,0xEC,0x70,0x00,0x20,0x00,0x00,
    0x00,0x00,0x00,0x00,0x00,0x00,0x00,0x00,0x02,0x58,0x80,0x00,0x00,0x00,0x00,0x2A,0xCA,0xD8,0x30,0x00,0x00,0x00,0x00,0x03,0x90,0x87,0x00,0x00,0x00,0x00,0x00,0x02,
    0xB4,0xCB,0xCD,0x50,0x00,0x00,0x0A,0xBA,0xC5,0xB1,0x1F,0x80,0x00,0x00,0x03,0x80,0x81,0x92,0x67,0x00,0x00,0x00,0x00,0x72,0xA6,0x21,0x30,0x00,0x00,0x00,0x00,0x00,
    0xC3,0x4D,0xCD,0xEF,0xE8,0x35,0x79,0xCE,0xD8,0x6D,0x00,0x00,0x12,0x69,0x64,0x2C,0x30,0x86,0x00,0x00,0x00,0x00,0x00,0x02,0x6A,0xE7,0x10,0x00,0x00,0x00,0x00,0x00,
    0x6B,0x5D,0xD4,0x00,0x00,0x00,0x25,0x8B,0x60,0x01,0xBF,0x30,0x00,0x00,0x43,0x10,0x00,0x00,0x0A,0x90,0x00,0x00,0x00,0x00,0x00,0x00,0x00,0x30,0x00,0x00,0x00,0x20,
    0x35,0x9E,0xB1,0x00,0x00,0x00,0x00,0xDA,0x63,0x15,0xF4,0x00,0x00,0x00,0x00,0xB3,0x00,0x03,0xE0,0x00,0x00,0x00,0x00,0x93,0x5A,0x03,0xE0,0x00,0x00,0x00,0x00,0xA3,
    0x4D,0x03,0xD0,0x00,0x00,0x00,0x00,0xB1,0x4A,0x05,0xD0,0x00,0x00,0x00,0x00,0xD0,0x67,0x06,0xB0,0x00,0x00,0x00,0x00,0x70,0x94,0x03,0x80,0x00,0x00,0x00,0x00,0x00,
    0xD4,0x90,0x00,0x00,0x00,0x00,0x00,0x07,0x73,0x90,0x00,0x00,0x10,0x00,0x00,0x4C,0x14,0x70,0x00,0x00,0x70,0x00,0x07,0xB1,0x04,0x60,0x00,0x00,0xD1,0x16,0xA6,0x00,
    0x02,0xB2,0x00,0x29,0xF3,0x11,0x00,0x00,0x00,0x5C,0xFF,0xEC,0x60,0x00,0x02,0x20,0x00,0x00,0x00,0x00,0x00,0x00,0x04,0xF7,0x00,0x00,0x4B,0x20,0x00,0x00,0x00,0x34,
    0x00,0x05,0xDA,0x40,0x00,0x00,0x00,0x00,0x07,0x96,0x10,0x00,0x00,0x00,0x02,0x30,0x07,0x80,0x00,0x00,0x00,0x01,0x6E,0xD1,0x06,0x82,0x69,0xCE,0xB0,0x3B,0x89,0x80,
    0x06,0xC8,0xB9,0x21,0x00,0x00,0x08,0x50,0x07,0x70,0x4B,0x00,0x00,0x00,0x08,0x40,0x18,0x60,0x7D,0x40,0x00,0x00,0x09,0x48,0x1A,0x30,0x2D,0xCB,0x00,0x00,0x0B,0xD4,
    0x0C,0x00,0x2B,0x05,0x10,0x00,0x2F,0x70,0x48,0x00,0x2B,0x00,0x00,0x00,0x09,0x00,0xA1,0x00,0x2B,0x00,0x00,0x00,0x00,0x06,0x20,0x00,0x2A,0x00,0x00,0x00,0x00,0x00,
    0x00,0x00,0x18,0x00,0x00,0x00,0x00,0x00,0x00,0x00,0x00,0x00,0x00,0x00,0x00,0x00,0x00,0x53,0x00,0x00,0x00,0x00,0x02,0x00,0x00,0xBA,0x00,0x00,0x00,0x00,0x0A,0xE2,
    0x00,0xE2,0x7A,0x00,0x00,0x00,0x00,0x83,0x04,0x90,0x19,0x20,0x00,0x00,0x00,0x00,0x0B,0x22,0x69,0xC6,0x00,0x00,0x04,0x50,0x5D,0x46,0x9A,0x10,0x00,0x37,0xAE,0xE1,
    0xB5,0x70,0x3C,0x71,0x00,0x16,0x37,0x85,0x14,0x77,0xBC,0x40,0x00,0x00,0x08,0x50,0x04,0x70,0x3A,0x31,0x00,0x00,0x08,0x40,0x14,0x77,0xBD,0x92,0x00,0x00,0x09,0x38,
    0x44,0x80,0x39,0x00,0x00,0x00,0x0D,0xC5,0x05,0x93,0x8D,0xCE,0xD1,0x00,0x4F,0x50,0x06,0xB7,0x52,0x10,0x00,0x00,0x16,0x00,0x08,0x80,0x00,0x00,0x00,0x00,0x00,0x00,
    0x08,0x70,0x00,0x00,0x00,0x00,0x00,0x00,0x03,0x30,0x00,0x00,0x00,0x00,0x00,0x00,0x00,0x23,0x00,0x11,0x00,0x00,0x00,0x00,0x00,0x00,0x5E,0x10,0x3E,0x10,0x00,0x00,
    0x06,0x60,0x00,0x92,0x00,0x0E,0x00,0x00,0x00,0x02,0xD5,0x17,0x9B,0x60,0x0D,0x00,0x00,0x00,0x00,0x10,0x1B,0x08,0x60,0x0C,0x00,0x00,0x00,0x00,0x20,0x0D,0xCA,0x41,
    0x3D,0xAC,0x30,0x01,0x4B,0xF3,0x0A,0x09,0x8E,0xBD,0x41,0x00,0x0A,0x85,0xB0,0x0E,0xDA,0x20,0x0B,0x00,0x00,0x00,0x04,0x81,0x4A,0x19,0x32,0x0C,0x00,0x00,0x00,0x05,
    0x72,0x51,0xAA,0x3D,0x3C,0x00,0x00,0x00,0x07,0x66,0x09,0x3A,0x12,0x1D,0x00,0x00,0x00,0x0B,0xD2,0x66,0x0B,0x20,0x0F,0x00,0x00,0x00,0x4E,0x26,0x50,0x0B,0x13,0x5F,
    0x00,0x00,0x00,0x14,0x01,0x01,0xAE,0x01,0xCD,0x00,0x00,0x00,0x00,0x00,0x00,0x58,0x00,0x25,0x00,0x00,0x00,0x00,0x00,0x04,0x58,0xCD,0x40,0x00,0x02,0x35,0xAD,0x36,
    0x82,0x1D,0x50,0x00,0x03,0xB3,0x1B,0x54,0xCC,0x3D,0x00,0x00,0x01,0xA6,0x5A,0x23,0x70,0x0C,0x00,0x00,0x00,0xA6,0x6B,0x21,0x96,0x88,0x00,0x00,0x00,0xA7,0x4B,0x10,
    0xC1,0x21,0x00,0x00,0x01,0x98,0x3C,0x05,0x81,0x47,0xDB,0x20,0x03,0x8A,0x1D,0x29,0xA8,0x97,0x1F,0x50,0x03,0x5B,0x07,0x31,0xC2,0xB4,0x1D,0x00,0x00,0x57,0x93,0x09,
    0x35,0x90,0x59,0x00,0x01,0xB1,0x4C,0x42,0x3B,0x10,0xA5,0x00,0x19,0x20,0x01,0x03,0xA1,0x02,0xE1,0x00,0x31,0x00,0x00,0x78,0x02,0xBD,0x90,0x00,0x00,0x00,0x02,0x20,
    0x00,0x8B,0x00,0x00,0x00,0x00,0x00,0x00,0x00,0x00,0x00,0x00,0x00,0x00,0x40,0x00,0x00,0x20,0x00,0x00,0x00,0x00,0xB8,0x00,0x00,0xD5,0x00,0x00,0x00,0x00,0x76,0x00,
    0x02,0xA4,0x83,0x00,0x00,0x01,0x9B,0xB0,0x08,0xEF,0xD4,0x00,0x00,0x29,0xB6,0x10,0x28,0x06,0x10,0x00,0x00,0x00,0x76,0x99,0x22,0x8D,0xE7,0x00,0x03,0xB7,0xA4,0x59,
    0xA7,0x31,0x8B,0x00,0x00,0xB0,0x87,0xB3,0x92,0x52,0x69,0x00,0x00,0x67,0xE2,0x00,0x92,0x96,0x59,0x00,0x00,0x07,0xD9,0x80,0xA2,0xA4,0x69,0x00,0x00,0x59,0x92,0x80,
    0xC0,0xC1,0x67,0x00,0x05,0x90,0xA2,0x00,0x43,0xB2,0x11,0x00,0x35,0x00,0xC2,0x00,0x0B,0x24,0xD4,0x00,0x00,0x00,0xC0,0x01,0xA4,0x00,0x5F,0x10,0x00,0x00,0x20,0x26,
    0x10,0x00,0x06,0x10,0x00,0x00,0x00,0x24,0x00,0x00,0x00,0x00,0x00,0x00,0x00,0x2F,0x60,0x00,0x00,0x00,0x00,0x00,0x00,0x0D,0x40,0x00,0x00,0x00,0x00,0x00,0x00,0x0C,
    0x45,0x30,0x00,0x00,0x00,0x00,0x03,0x6E,0xD9,0x30,0x00,0x00,0x00,0x00,0x16,0x5D,0x10,0x00,0x00,0x00,0x00,0x00,0x00,0x0C,0x36,0xAD,0x90,0x00,0x00,0x12,0x58,0xBE,
    0xB8,0x53,0x00,0x00,0x02,0xDD,0x95,0x2C,0x10,0x00,0x00,0x00,0x00,0x00,0xA3,0x0B,0x48,0x90,0x00,0x00,0x00,0x00,0xE4,0x0B,0x54,0x10,0x00,0x00,0x00,0x05,0x97,0x7B,
    0x00,0x00,0x00,0x00,0x00,0x1C,0x10,0x3D,0x50,0x00,0x00,0x00,0x01,0xB3,0x00,0x01,0xAD,0x83,0x10,0x00,0x18,0x20,0x00,0x00,0x05,0xEF,0xFD,0xA4,0x20,0x00,0x00,0x00,
    0x00,0x14,0x42,0x00,0x00,0x00,0x00,0x00,0x00,0x33,0x00,0x00,0x00,0x00,0x32,0x16,0x78,0xBF,0x70,0x00,0x03,0x77,0x9F,0x4D,0x10,0x4F,0x20,0x00,0x01,0xD0,0x3B,0x0A,
    0x47,0x6B,0x00,0x00,0x00,0x83,0x98,0x09,0x63,0x87,0x00,0x00,0x00,0x2B,0x40,0x08,0x23,0xC3,0x30,0x00,0x02,0x04,0x91,0x08,0xB5,0x42,0xF3,0x00,0x08,0x73,0xC9,0x28,
    0x47,0x0A,0x40,0x00,0x02,0xA2,0x90,0x09,0x16,0xA2,0x00,0x00,0x00,0xA2,0x96,0x29,0x00,0xA7,0x00,0x00,0x00,0xB9,0xA3,0x0A,0x00,0x1D,0xB3,0x00,0x5D,0xC3,0x00,0x0A,
    0x17,0x12,0xEF,0xC7,0x04,0x00,0x00,0x1E,0xC2,0x00,0x13,0x20,0x00,0x00,0x00,0x5E,0x20,0x00,0x00,0x00,0x00,0x00,0x00,0x13,0x00,0x00,0x00,0x00,0x00,0x00,0x00,0x00,
    0x01,0x00,0x00,0x00,0x00,0x00,0x00,0x00,0x00,0x2E,0x30,0x00,0x00,0x00,0x01,0x12,0x69,0x20,0x5E,0x10,0x00,0x00,0x00,0x04,0xFE,0xBF,0x70,0xB7,0x68,0x10,0x00,0x00,
    0x00,0xB0,0x0C,0x03,0xFE,0xEF,0x40,0x00,0x00,0x00,0x73,0x54,0x0B,0x90,0x58,0x00,0x00,0x00,0x00,0x04,0xA0,0x32,0x60,0x90,0x00,0x00,0x00,0x06,0x13,0xBA,0x40,0x17,
    0x80,0x00,0x00,0x00,0x07,0x82,0x91,0x01,0xC4,0x6C,0x50,0x00,0x00,0x03,0x92,0x83,0x1A,0x50,0x04,0xEE,0x95,0x00,0x01,0xA7,0xC6,0xB7,0x58,0xDD,0x76,0x53,0x00,0x59,
    0xD5,0x03,0x3E,0x63,0x1E,0xC0,0x00,0x00,0x67,0x10,0x00,0x0C,0x00,0x0F,0x20,0x00,0x00,0x00,0x00,0x00,0x09,0x67,0x9B,0x00,0x00,0x00,0x00,0x00,0x00,0x04,0x40,0x00,
    0x00,0x00,0x00,0x00,0x00,0x00,0x00,0x00,0x38,0x10,0x00,0x00,0x5C,0x50,0x00,0x05,0xDA,0x30,0x00,0x00,0x07,0xA0,0x0B,0x96,0x10,0x00,0x00,0x00,0x00,0x00,0x0A,0x50,
    0x00,0x00,0x00,0x00,0x03,0x00,0x0A,0x64,0x7B,0xED,0x10,0x05,0xBF,0xA0,0x0A,0x85,0xC5,0x10,0x00,0x03,0x2C,0x40,0x0C,0x10,0xB4,0x00,0x00,0x00,0x0D,0x00,0x1C,0x00,
    0xB4,0x00,0x00,0x00,0x0C,0x00,0x85,0x00,0xB4,0x00,0x00,0x00,0x07,0x22,0x80,0x00,0xB3,0x00,0x00,0x29,0xCF,0xDD,0x86,0x31,0xB1,0x01,0x22,0x07,0x30,0x26,0xAE,0xFF,
    0xFF,0xFF,0xE7,0x00,0x00,0x00,0x01,0x49,0xDF,0xC6,0x00,0x00,0x00,0x00,0x00,0x00,0x00,0x20,0x00,0x00,0x1D,0x60,0x13,0x69,0xCE,0xD9,0x00,0x00,0x05,0xD0,0x58,0x68,
    0x90,0x00,0x00,0x00,0x00,0x00,0x00,0x1A,0x90,0x00,0x00,0x00,0x00,0x00,0x00,0x3C,0x00,0x00,0x00,0x04,0x9E,0x60,0x01,0xBB,0x25,0x00,0x00,0x02,0x2C,0x20,0x1B,0x3C,
    0x0A,0xC2,0x00,0x00,0x0B,0x02,0xB3,0x0D,0x00,0xBC,0x00,0x00,0x0A,0x16,0x10,0x1D,0x00,0x17,0x00,0x00,0x06,0x30,0x00,0x3D,0x00,0x00,0x00,0x18,0xCF,0xEB,0x86,0x6C,
    0x10,0x00,0x11,0x18,0x41,0x26,0xAE,0xFF,0xFF,0xFF,0xE6,0x00,0x00,0x00,0x00,0x48,0xCE,0xD7,0x10,0x00,0x00,0x00,0x00,0x7B,0x20,0x00,0x00,0x00,0x38,0x20,0x00,0x1D,
    0x70,0x00,0x00,0x00,0x0B,0xB0,0x00,0x01,0x14,0x63,0x00,0x00,0x01,0x40,0x36,0x9C,0xDB,0x85,0x00,0x00,0x00,0x00,0x45,0x20,0xD3,0x00,0x00,0x00,0x16,0x20,0x18,0x10,
    0xE1,0x00,0x00,0x07,0xBE,0x90,0x01,0xB7,0xA0,0x00,0x00,0x00,0x0C,0x10,0x00,0x2F,0x80,0x00,0x00,0x00,0x0B,0x00,0x00,0xA7,0xD9,0x00,0x00,0x00,0x0A,0x10,0x2A,0x50,
    0x2E,0x70,0x00,0x00,0x05,0x32,0x61,0x00,0x03,0x60,0x00,0x27,0xBF,0xEC,0xA7,0x53,0x10,0x01,0x22,0x18,0x40,0x14,0x8D,0xFF,0xFF,0xFF,0xD6,0x00,0x00,0x00,0x00,0x27,
    0xBE,0xC6,0x00,0x00,0x00,0x00,0x00,0x00,0x31,0x00,0x00,0x00,0x00,0x00,0x22,0x00,0xBB,0x00,0x00,0x02,0x72,0x00,0x2E,0x15,0x91,0x00,0x00,0x00,0x9E,0x00,0x05,0x5A,
    0xAD,0xE4,0x00,0x00,0x04,0x04,0x97,0xE2,0x10,0x00,0x00,0x00,0x21,0x00,0x03,0x85,0x94,0x00,0x00,0x29,0xDD,0x00,0x8F,0xDB,0xDA,0x00,0x00,0x00,0x87,0x00,0x63,0x00,
    0x77,0x00,0x00,0x00,0xB1,0x00,0x6B,0xC7,0x67,0x00,0x00,0x00,0x74,0x00,0x74,0x00,0x58,0x00,0x00,0x00,0x28,0x00,0x8C,0xC8,0x68,0x00,0x00,0x00,0x57,0x00,0x56,0xDE,
    0x06,0x00,0x00,0x9E,0xFD,0xA8,0x61,0x10,0x01,0x11,0x21,0x34,0x01,0x5A,0xEF,0xFF,0xFF,0xFF,0x91,0x00,0x00,0x00,0x04,0x8C,0xED,0x81,0x00,0x00,0x10,0x00,0x00,0x00,
    0x3B,0x30,0x00,0x00,0x8D,0x21,0x68,0xD8,0x05,0x40,0x00,0x00,0x09,0x30,0xC1,0xB3,0x03,0x8A,0x00,0x00,0x00,0x00,0xB1,0xC0,0x66,0xC1,0x00,0x00,0x00,0x01,0xB5,0x21,
    0x61,0xB0,0x00,0x05,0xCB,0x03,0x62,0x30,0x65,0x78,0x30,0x14,0x78,0x08,0xCA,0xD4,0x7E,0x42,0x00,0x00,0x82,0x08,0x91,0x90,0x1E,0x89,0x00,0x00,0x45,0x62,0x96,0x73,
    0x8D,0x31,0x00,0x00,0x08,0x20,0x50,0x00,0x0C,0x00,0x00,0x06,0xCF,0xB7,0x20,0x00,0x0A,0x00,0x00,0x5B,0x41,0x4A,0xFD,0x95,0x35,0x10,0x00,0x00,0x00,0x00,0x18,0xEF,
    0xFF,0xFF,0xFA,0x00,0x00,0x00,0x00,0x16,0xBE,0xE9,0x30,0x00,0x13,0x59,0xD9,0x4D,0xDC,0xE8,0x00,0x00,0x7B,0x71,0x7C,0x0D,0x02,0xD2,0x00,0x00,0x04,0xA0,0x68,0x0D,
    0x08,0x20,0x00,0x01,0x49,0xC6,0x77,0x0D,0x25,0x00,0x00,0x01,0x48,0x40,0x77,0x0D,0x07,0x60,0x00,0x00,0x1B,0x87,0x86,0x0D,0x00,0x96,0x00,0x2E,0xCE,0x41,0xA4,0x0D,
    0x00,0x1E,0x10,0x00,0x2A,0x00,0xC3,0x0D,0x06,0x7E,0x30,0x00,0xA3,0x45,0xE0,0x0D,0x01,0xAE,0x10,0x05,0x90,0x1E,0x90,0x0E,0x00,0x03,0x00,0x38,0x00,0x06,0x10,0x0D,
    0x00,0x00,0x00,0x10,0x00,0x00,0x00,0x0D,0x00,0x00,0x00,0x00,0x00,0x00,0x00,0x0B,0x00,0x00,0x00,0x00,0x00,0x00,0x00,0x09,0x00,0x00,0x00,0x00,0x00,0x00,0x00,0x01,
    0x00,0x00,0x00,0x00,0x00,0x05,0xA0,0x00,0x00,0x00,0x00,0x00,0x00,0x02,0xF0,0x00,0x00,0x00,0x00,0x00,0x00,0x01,0xD3,0x2D,0x20,0x00,0x00,0x00,0x00,0x7A,0xE9,0x8B,
    0x00,0x07,0xA2,0x00,0x00,0x01,0xA1,0xB1,0x6C,0xBB,0xF6,0x00,0x01,0x35,0xCC,0xCB,0x8A,0x08,0x80,0x06,0xEC,0x95,0xA4,0x00,0x2B,0x0A,0x00,0x00,0x00,0x19,0xCC,0xD2,
    0x2B,0x53,0x00,0x00,0x00,0x8C,0x41,0xE1,0x1B,0x09,0x50,0x00,0x08,0x6B,0x85,0xD0,0x1C,0x00,0xC2,0x00,0x85,0x19,0x10,0xD0,0x1C,0x43,0x98,0x07,0x20,0x1A,0x36,0xD0,
    0x1C,0x19,0xF8,0x00,0x00,0x03,0x01,0x90,0x1C,0x00,0x54,0x00,0x00,0x00,0x00,0x00,0x2B,0x00,0x00,0x00,0x00,0x00,0x00,0x00,0x2A,0x00,0x00,0x00,0x00,0x00,0x00,0x00,
    0x15,0x00,0x00,0x00,0x00,0x00,0x24,0x69,0xDD,0x40,0x00,0x00,0x0C,0xDC,0x8D,0x51,0x6F,0xB0,0x00,0x00,0x05,0x90,0x0E,0x10,0x4F,0x20,0x00,0x00,0x01,0xB0,0x1D,0x84,
    0x7B,0x00,0x00,0x00,0x00,0xC2,0x8D,0x41,0xA6,0x00,0x00,0x00,0x00,0xB0,0x0C,0x11,0xD1,0x00,0x00,0x00,0x00,0x74,0x3C,0x23,0x50,0x00,0x00,0x00,0x00,0x00,0x0C,0x00,
    0x00,0x00,0x00,0x00,0x00,0x24,0x6E,0xBB,0x40,0x00,0x00,0x00,0x00,0x34,0x3B,0x00,0x01,0x21,0x00,0x00,0x12,0x34,0x6E,0xAC,0xEF,0xFF,0x70,0x4E,0xDA,0x75,0x32,0x11,
    0x11,0x35,0x30,0x00,0x00,0x00,0x00,0x00,0x00,0x00,0x00,0x00,0x00,0x00,0x04,0xD5,0x00,0x00,0x00,0x00,0x00,0x16,0xCD,0x96,0x00,0x00,0x00,0x00,0x00,0x43,0xC3,0x00,
    0x00,0x00,0x00,0x00,0x00,0x13,0xC8,0x89,0xBD,0xFB,0x00,0x7C,0xB9,0x75,0xB4,0x21,0x00,0x12,0x00,0x00,0x3E,0xEA,0xC6,0xAE,0xB1,0x00,0x00,0x00,0x0C,0x22,0xB9,0x46,
    0xE1,0x00,0x00,0x00,0x08,0x54,0xC2,0x0A,0x70,0x00,0x00,0x00,0x03,0xCB,0xEF,0xFE,0x10,0x00,0x00,0x00,0x00,0x65,0xB5,0x65,0x00,0x00,0x00,0x00,0x00,0x8D,0xEB,0x84,
    0x00,0x00,0x00,0x00,0x00,0x00,0x91,0x00,0x00,0x00,0x00,0x00,0x24,0x68,0xDB,0xCE,0xFE,0x60,0x00,0x03,0xA9,0x64,0x21,0x01,0x23,0x10,0x00,0x00,0x00,0x00,0x25,0x8C,
    0xD3,0x00,0x00,0x00,0x00,0x7F,0xB7,0x21,0xFB,0x00,0x00,0x00,0x00,0x09,0x13,0x41,0xE2,0x00,0x00,0x00,0x00,0x06,0x54,0x25,0x60,0x01,0x00,0x00,0x12,0x35,0x55,0x6A,
    0x9A,0xCD,0xD2,0x1D,0xC9,0x65,0x68,0xAE,0xC4,0x00,0x00,0x00,0x00,0xBE,0x8D,0x71,0xDA,0x00,0x00,0x00,0x00,0x55,0x1C,0x71,0xB1,0x00,0x00,0x00,0x00,0x17,0x4B,0x21,
    0x70,0x00,0x00,0x00,0x00,0x02,0x29,0x11,0x00,0x00,0x00,0x00,0x00,0x15,0x7D,0xCB,0x30,0x00,0x00,0x00,0x00,0x02,0x2A,0x00,0x00,0x00,0x00,0x00,0x01,0x23,0x5B,0x78,
    0x9B,0x81,0x00,0x00,0x5E,0xC9,0x75,0x44,0x56,0x83,0x00,0x00,0x20,0x00,0x00,0x00,0x00,0x00,0x7C,0x10,0x13,0x6A,0x60,0x11,0x0A,0x16,0xEB,0x7A,0xF3,0x3E,0x00,0x00,
    0x00,0x04,0xD0,0x1E,0x00,0x00,0x00,0x03,0xB0,0x0C,0x00,0x00,0x00,0x02,0xB0,0x1C,0x00,0x00,0x00,0x01,0xC0,0x2B,0x00,0x00,0x00,0x01,0xD0,0x3B,0x00,0x00,0x00,0x01,
    0xE0,0x5A,0x00,0x00,0x00,0x01,0xF0,0x89,0x00,0x00,0x00,0x01,0xF0,0x96,0x00,0x00,0x01,0x66,0xF0,0x21,0x00,0x00,0x00,0x5F,0xC0,0x00,0x00,0x00,0x00,0x07,0x60,0x00,
    0x00,0x00,0x00,0x12,0x00,0x00,0x00,0x00,0x00,0x00,0x00,0x4E,0x00,0x00,0x00,0x33,0x7D,0x60,0x00,0x59,0x00,0x00,0x00,0x6A,0x2C,0x10,0x02,0xAA,0xBE,0x80,0x00,0x38,
    0x52,0x32,0x7E,0xE9,0x41,0x00,0x00,0x28,0x34,0x3C,0x03,0x8A,0xE4,0x00,0x00,0x18,0x4B,0x01,0x0A,0xA1,0x87,0x00,0x00,0x18,0x2E,0xB8,0x66,0xB7,0x65,0x00,0x00,0x18,
    0x00,0x55,0x41,0x80,0x56,0x00,0x00,0x28,0x00,0x45,0x01,0xDC,0x58,0x00,0x00,0x38,0x00,0x08,0x03,0x60,0x69,0x00,0x00,0x58,0x2C,0xEC,0x26,0x52,0xE7,0x00,0x00,0x78,
    0x03,0x13,0x9D,0x84,0x52,0x00,0x00,0x66,0x00,0x00,0x01,0x7D,0xFF,0xEA,0x30,0x11,0x00,0x00,0x00,0x00,0x34,0x10,0x00,0x00,0x00,0x00,0x00,0x00,0x00,0x00,0x00,0x00,
    0x00,0x00,0x00,0x89,0x00,0x00,0x00,0x00,0x00,0x00,0x00,0xB6,0x41,0x00,0x00,0x00,0x00,0x00,0x02,0xC0,0x7A,0x00,0x00,0x01,0x48,0xEB,0x0A,0x30,0x06,0x67,0x10,0x19,
    0x62,0xA8,0x4D,0x27,0xB9,0x41,0x00,0x02,0x20,0xD3,0x98,0x30,0x58,0x00,0x00,0x00,0x86,0xA4,0x08,0x36,0xAC,0x82,0x00,0x00,0x0D,0x50,0x08,0x20,0x47,0x00,0x00,0x00,
    0x1C,0xD1,0x09,0x15,0x9D,0xB5,0x00,0x00,0x93,0x7C,0x09,0x12,0x66,0x00,0x00,0x04,0x60,0x0C,0x2A,0x45,0x9C,0xCE,0xC0,0x37,0x00,0x01,0x0B,0x65,0x31,0x00,0x10,0x20,
    0x00,0x00,0x0E,0x00,0x00,0x00,0x00,0x00,0x00,0x00,0x0E,0x00,0x00,0x00,0x00,0x00,0x00,0x00,0x04,0x00,0x00,0x00,0x00,0x00,0x00,0x00,0x32,0x00,0x00,0x00,0x00,0x00,
    0x00,0x5E,0x10,0x00,0x00,0x00,0x00,0x42,0x2E,0x00,0x00,0x00,0x00,0x00,0xB6,0x4E,0xBC,0x20,0x00,0x00,0x01,0xED,0xEE,0x94,0x00,0x00,0x00,0x07,0x50,0x1B,0x00,0x00,
    0x00,0x00,0x03,0x79,0xDF,0xFF,0xBD,0xE7,0x5B,0xB9,0xFC,0x62,0x96,0x00,0x00,0x00,0x00,0x33,0x16,0x41,0x00,0x00,0x00,0x00,0x07,0x05,0xB8,0xC4,0x00,0x00,0x47,0x8D,
    0x13,0x81,0x00,0x00,0x00,0x13,0x1B,0x02,0xBA,0xC3,0x00,0x00,0x4C,0xCD,0x02,0x80,0x00,0x00,0x00,0x00,0x0B,0x02,0xB8,0xBD,0x70,0x04,0xA9,0x7D,0x03,0xA0,0x00,0x00,
    0x00,0x00,0x0C,0x05,0x90,0x00,0x00,0x00,0x00,0x03,0x02,0x60,0x00,0x00,0x00,0x06,0x77,0x99,0x20,0x25,0x8B,0xD4,0x00,0x07,0x80,0x00,0x28,0x7E,0x31,0x10,0x00,0x07,
    0x70,0x14,0x00,0x1B,0x00,0x00,0x00,0x09,0x7D,0xCF,0x31,0x69,0xCD,0x40,0x00,0x0A,0x3B,0x0E,0x1D,0x68,0x1B,0x90,0x00,0x0D,0x0A,0x0D,0x0B,0x1C,0x38,0x70,0x00,0x1B,
    0x0A,0x9A,0x0B,0x1B,0x27,0x70,0x00,0x67,0x0A,0x12,0x0C,0x1C,0x07,0x80,0x00,0xB1,0x1A,0x04,0x0D,0x1C,0x07,0x80,0x05,0x50,0x5D,0xA2,0x08,0x75,0x98,0x50,0x16,0x00,
    0x9B,0x10,0x05,0x90,0x3E,0x60,0x00,0x00,0x20,0x01,0x87,0x00,0x06,0xE0,0x00,0x00,0x00,0x02,0x10,0x00,0x00,0x50,0x00,0x00,0x05,0x61,0x00,0x00,0x00,0x00,0x00,0x02,
    0xD7,0x00,0x00,0x00,0x00,0x01,0x34,0x79,0xBE,0xE8,0x00,0x03,0xBA,0x75,0x32,0x10,0x00,0x00,0x00,0x00,0x00,0x3A,0xC1,0x00,0x00,0x00,0x02,0xEB,0x45,0xE3,0x00,0x00,
    0x00,0x00,0xB0,0x07,0x70,0x00,0x00,0x00,0x00,0x43,0x68,0x9B,0xDD,0x50,0x3D,0xCB,0x97,0x53,0x10,0x1D,0xB0,0x0C,0x13,0x68,0xAE,0x90,0x0C,0x60,0x0A,0x33,0xC3,0x1C,
    0x60,0x0D,0x40,0x09,0x30,0xB5,0x7A,0x10,0x0E,0x30,0x0C,0x40,0x20,0x00,0x00,0x1F,0x10,0x0C,0x30,0x00,0x00,0x19,0xAD,0x00,0x03,0x00,0x00,0x00,0x05,0xF6,0x00,0x00,
    0x00,0x00,0x00,0x00,0x50,0x00,0x00,0x0C,0xCD,0xDE,0xBE,0xFD,0x50,0x00,0x00,0x07,0x62,0x3C,0x08,0x1D,0xC0,0x00,0x00,0x02,0xA7,0x5B,0x37,0x2E,0x20,0x00,0x00,0x00,
    0xC0,0x1B,0x20,0x98,0x00,0x00,0x00,0x00,0x9A,0xBF,0xED,0xD1,0x00,0x00,0x00,0x00,0x34,0x1B,0x01,0x30,0x00,0x00,0x00,0x00,0x13,0x5D,0xA8,0x00,0x00,0x00,0x00,0x00,
    0x14,0x3B,0x00,0x00,0x00,0x00,0x00,0x01,0x24,0x7E,0xBD,0xE7,0x00,0x00,0x00,0x03,0x75,0x32,0x10,0x02,0x00,0x00,0x02,0x90,0x45,0x02,0xD2,0x06,0xC2,0x00,0x0B,0x70,
    0x1D,0x00,0x55,0x00,0xAE,0x10,0x0C,0x10,0x00,0x00,0x00,0x00,0x1A,0x10,0x69,0x10,0x9F,0x70,0x06,0x80,0x09,0x20,0x74,0x00,0x00,0x00,0x07,0xC1,0x07,0xD1,0x00,0x00,
    0x00,0x00,0x00,0x00,0x00,0x00,0x07,0x91,0x09,0xF7,0x00,0x68,0x00,0xA2,0x09,0x40,0x01,0x00,0x05,0xDE,0xA1,0x00,0x56,0x02,0xC9,0x00,0xC5,0x00,0x4F,0x00,0x31,0x00,
    0x2F,0x10,0x00,0x00,0x9D,0x00,0x00,0x1A,0xC2,0x00,0x00,0x98,0x00,0x00,0x00,0xA0,0x00,0x00,0x00,0x80,0x00,0x00,0x00,0x72,0x00,0x00,0x03,0xF9,0x00,0x00,0x00,0x51,
    0x00,0x00,
};
static const cjk_glyph_t font_verse_glyphs[208] = {
    {0, 15, 2, 1, 11, 17},  // U+2026
    {16, 5, 5, 1, 13, 17},  // U+3001
    {31, 5, 4, 2, 14, 17},  // U+3002
    {43, 15, 3, 1, 10, 17},  // U+4E00
    {67, 15, 12, 1, 7, 17},  // U+4E07
    {163, 16, 11, 1, 6, 17},  // U+4E09
    {251, 16, 13, 1, 5, 17},  // U+4E0A
    {355, 14, 14, 2, 6, 17},  // U+4E0B
    {453, 14, 13, 2, 6, 17},  // U+4E0D
    {544, 14, 16, 2, 4, 17},  // U+4E13
    {656, 17, 13, 1, 5, 17},  // U+4E16
    {773, 12, 17, 3, 4, 17},  // U+4E2D
    {875, 13, 15, 2, 4, 17},  // U+4E3A
    {980, 16, 13, 1, 5, 17},  // U+4E3B
    {1084, 13, 14, 2, 5, 17},  // U+4E43
    {1182, 16, 14, 1, 5, 17},  // U+4E45
    {1294, 16, 13, 1, 5, 17},  // U+4E4B
    {1398, 16, 13, 1, 5, 17},  // U+4E4F
    {1502, 12, 15, 3, 5, 17},  // U+4E50
    {1592, 10, 14, 4, 6, 17},  // U+4E86
    {1662, 14, 16, 2, 4, 17},  // U+4E8B
    {1774, 14, 12, 2, 6, 17},  // U+4E92
    {1858, 15, 13, 1, 5, 17},  // U+4EA1
    {1962, 14, 15, 2, 4, 17},  // U+4EAE
    {2067, 14, 16, 2, 4, 17},  // U+4EB2
    {2179, 16, 12, 1, 6, 17},  // U+4EBA
    {2275, 17, 16, 1, 4, 17},  // U+4ECA
    {2419, 16, 14, 1, 5, 17},  // U+4ECE
    {2531, 16, 15, 1, 4, 17},  // U+4ED6
    {2651, 13, 12, 3, 6, 17},  // U+4EE5
    {2735, 15, 14, 1, 5, 17},  // U+4EEC
    {2847, 16, 16, 0, 5, 17},  // U+4EF0
    {2975, 16, 14, 0, 5, 17},  // U+4F4F
    {3087, 15, 15, 1, 4, 17},  // U+4F60
    {3207, 17, 15, 1, 5, 17},  // U+4F7F
    {3342, 16, 14, 1, 5, 17},  // U+4FDD
    {3454, 16, 14, 0, 5, 17},  // U+4FE1
    {3566, 16, 16, 1, 4, 17},  // U+501A
    {3694, 16, 15, 1, 5, 17},  // U+505A
    {3814, 17, 16, 0, 4, 17},  // U+50CF
    {3958, 15, 12, 2, 6, 17},  // U+513F
    {4054, 15, 15, 2, 4, 17},  // U+5149
    {4174, 15, 13, 2, 5, 17},  // U+5174
    {4278, 16, 16, 1, 4, 17},  // U+5176
    {4406, 16, 16, 1, 4, 17},  // U+5178
    {4534, 16, 13, 1, 6, 17},  // U+51E1
    {4638, 15, 13, 1, 5, 17},  // U+5207
    {4742, 14, 15, 1, 5, 17},  // U+5230
    {4847, 13, 15, 1, 5, 17},  // U+529B
    {4952, 15, 13, 1, 5, 17},  // U+52A0
    {5056, 17, 16, 1, 4, 17},  // U+52A1
    {5200, 15, 15, 1, 4, 17},  // U+52A8
    {5320, 15, 15, 1, 4, 17},  // U+52A9
    {5440, 14, 16, 2, 4, 17},  // U+52B3
    {5552, 16, 17, 1, 4, 17},  // U+534E
    {5688, 15, 16, 1, 4, 17},  // U+5378
    {5816, 15, 12, 2, 6, 17},  // U+53C8
    {5912, 16, 14, 1, 5, 17},  // U+53CD
    {6024, 14, 13, 2, 7, 17},  // U+53E9
    {6115, 14, 13, 1, 6, 17},  // U+53EA
    {6206, 12, 16, 2, 4, 17},  // U+53EB
    {6302, 16, 13, 1, 6, 17},  // U+53EF
    {6406, 16, 15, 1, 4, 17},  // U+544A
    {6526, 16, 12, 1, 6, 17},  // U+5462
    {6622, 16, 16, 1, 4, 17},  // U+547D
    {6750, 16, 15, 1, 5, 17},  // U+548C
    {6870, 16, 17, 1, 3, 17},  // U+559C
    {7006, 11, 14, 3, 6, 17},  // U+56E0
    {7090, 16, 16, 0, 4, 17},  // U+5728
    {7218, 16, 14, 1, 4, 17},  // U+5730
    {7330, 15, 14, 2, 5, 17},  // U+5904
    {7442, 14, 16, 2, 4, 17},  // U+591F
    {7554, 15, 13, 2, 5, 17},  // U+5927
    {7658, 16, 14, 1, 5, 17},  // U+5929
    {7770, 16, 14, 0, 4, 17},  // U+5982
    {7882, 16, 14, 1, 6, 17},  // U+5B50
    {7994, 16, 16, 1, 4, 17},  // U+5B58
    {8122, 17, 16, 0, 4, 17},  // U+5B89
    {8266, 15, 14, 2, 5, 17},  // U+5B9A
    {8378, 14, 16, 2, 4, 17},  // U+5B9E
    {8490, 15, 15, 1, 5, 17},  // U+5BFB
    {8610, 15, 15, 2, 5, 17},  // U+5BFC
    {8730, 16, 16, 1, 4, 17},  // U+5C06
    {8858, 16, 14, 1, 4, 17},  // U+5C31
    {8970, 13, 13, 3, 5, 17},  // U+5DF1
    {9061, 13, 16, 2, 4, 17},  // U+5E2E
    {9173, 14, 16, 2, 4, 17},  // U+5E38
    {9285, 16, 15, 1, 5, 17},  // U+5E73
    {9405, 16, 16, 0, 4, 17},  // U+5E94
    {9533, 17, 16, 0, 4, 17},  // U+5E95
    {9677, 15, 14, 2, 6, 17},  // U+5F00
    {9789, 12, 14, 3, 5, 17},  // U+5F53
    {9873, 17, 14, 1, 5, 17},  // U+5F7C
    {9999, 16, 15, 1, 5, 17},  // U+5F97
    {10119, 15, 9, 1, 7, 17},  // U+5FC3
    {10191, 15, 12, 1, 6, 17},  // U+5FC5
    {10287, 14, 13, 2, 5, 17},  // U+5FCD
    {10378, 15, 14, 1, 5, 17},  // U+5FE7
    {10490, 16, 15, 1, 4, 17},  // U+5FF5
    {10610, 14, 14, 1, 5, 17},  // U+6015
    {10708, 15, 15, 1, 4, 17},  // U+6052
    {10828, 14, 14, 2, 5, 17},  // U+6069
    {10926, 14, 15, 2, 4, 17},  // U+606F
    {11031, 14, 15, 2, 4, 17},  // U+60A3
    {11136, 15, 15, 1, 4, 17},  // U+611F
    {11256, 14, 15, 1, 4, 17},  // U+613F
    {11361, 14, 15, 2, 4, 17},  // U+6148
    {11466, 16, 17, 1, 3, 17},  // U+6211
    {11602, 16, 16, 1, 5, 17},  // U+6240
    {11730, 16, 15, 1, 4, 17},  // U+6253
    {11850, 16, 14, 1, 5, 17},  // U+627E
    {11962, 15, 15, 1, 5, 17},  // U+62A4
    {12082, 17, 15, 0, 4, 17},  // U+62C5
    {12217, 17, 15, 1, 4, 17},  // U+62EF
    {12352, 16, 15, 1, 4, 17},  // U+6302
    {12472, 17, 15, 0, 4, 17},  // U+636E
    {12607, 16, 15, 1, 4, 17},  // U+6447
    {12727, 16, 15, 2, 4, 17},  // U+6548
    {12847, 17, 14, 1, 5, 17},  // U+6551
    {12973, 17, 16, 0, 4, 17},  // U+6559
    {13117, 16, 13, 1, 5, 17},  // U+65E0
    {13221, 9, 12, 4, 7, 17},  // U+65E5
    {13281, 15, 16, 2, 4, 17},  // U+65F6
    {13409, 13, 15, 2, 5, 17},  // U+660E
    {13514, 16, 14, 1, 5, 17},  // U+662F
    {13626, 14, 15, 2, 4, 17},  // U+6653
    {13731, 16, 16, 1, 4, 17},  // U+6697
    {13859, 15, 15, 2, 5, 17},  // U+6700
    {13979, 15, 16, 1, 4, 17},  // U+6709
    {14107, 15, 15, 1, 4, 17},  // U+671B
    {14227, 15, 16, 0, 4, 17},  // U+671F
    {14355, 16, 16, 2, 4, 17},  // U+672A
    {14483, 15, 16, 2, 4, 17},  // U+6765
    {14611, 17, 17, 0, 4, 17},  // U+6837
    {14764, 16, 15, 1, 4, 17},  // U+6B22
    {14884, 15, 13, 2, 5, 17},  // U+6B64
    {14988, 16, 16, 1, 4, 17},  // U+6C38
    {15116, 15, 16, 2, 4, 17},  // U+6C42
    {15244, 15, 17, 2, 3, 17},  // U+6E05
    {15380, 15, 14, 2, 5, 17},  // U+706D
    {15492, 15, 15, 2, 4, 17},  // U+7231
    {15612, 16, 16, 1, 4, 17},  // U+7267
    {15740, 15, 14, 1, 5, 17},  // U+72EC
    {15852, 16, 13, 1, 6, 17},  // U+7406
    {15956, 16, 16, 1, 3, 17},  // U+751A
    {16084, 14, 14, 2, 4, 17},  // U+751F
    {16182, 13, 14, 2, 6, 17},  // U+7528
    {16280, 17, 15, 1, 5, 17},  // U+754C
    {16415, 13, 16, 2, 4, 17},  // U+7559
    {16527, 14, 15, 2, 4, 17},  // U+7684
    {16632, 16, 15, 1, 4, 17},  // U+76CA
    {16752, 15, 15, 0, 4, 17},  // U+76F8
    {16872, 15, 15, 2, 4, 17},  // U+76F9
    {16992, 16, 16, 1, 4, 17},  // U+771F
    {17120, 14, 17, 2, 3, 17},  // U+7740
    {17239, 15, 15, 1, 4, 17},  // U+7766
    {17359, 16, 16, 0, 4, 17},  // U+786E
    {17487, 16, 17, 1, 4, 17},  // U+7948
    {17623, 16, 17, 0, 4, 17},  // U+795E
    {17759, 17, 16, 0, 4, 17},  // U+7977
    {17903, 16, 14, 0, 5, 17},  // U+798F
    {18015, 16, 15, 0, 4, 17},  // U+79F0
    {18135, 17, 14, 1, 5, 17},  // U+7ED9
    {18261, 16, 14, 1, 5, 17},  // U+7F3A
    {18373, 15, 16, 1, 4, 17},  // U+8005
    {18501, 16, 16, 1, 4, 17},  // U+8010
    {18629, 15, 15, 1, 6, 17},  // U+8036
    {18749, 16, 14, 1, 5, 17},  // U+806A
    {18861, 15, 16, 1, 4, 17},  // U+80FD
    {18989, 16, 17, 1, 4, 17},  // U+811A
    {19125, 9, 16, 4, 4, 17},  // U+81EA
    {19205, 15, 14, 1, 5, 17},  // U+81F3
    {19317, 16, 15, 1, 4, 17},  // U+81F4
    {19437, 13, 16, 4, 4, 17},  // U+826F
    {19549, 16, 15, 1, 4, 17},  // U+82E6
    {19669, 14, 16, 2, 4, 17},  // U+836F
    {19781, 15, 16, 1, 4, 17},  // U+85C9
    {19909, 15, 16, 1, 4, 17},  // U+8651
    {20037, 16, 15, 1, 5, 17},  // U+8981
    {20157, 16, 14, 1, 5, 17},  // U+89C1
    {20269, 15, 16, 1, 5, 17},  // U+8BC9
    {20397, 16, 16, 1, 4, 17},  // U+8C01
    {20525, 17, 15, 0, 4, 17},  // U+8C22
    {20660, 15, 15, 1, 5, 17},  // U+8D50
    {20780, 15, 15, 1, 4, 17},  // U+8D56
    {20900, 16, 16, 1, 4, 17},  // U+8D70
    {21028, 16, 15, 1, 5, 17},  // U+8DDF
    {21148, 17, 15, 1, 4, 17},  // U+8DEF
    {21283, 16, 13, 1, 5, 17},  // U+8FD1
    {21387, 16, 13, 1, 5, 17},  // U+8FD8
    {21491, 16, 14, 1, 5, 17},  // U+8FD9
    {21603, 16, 15, 1, 4, 17},  // U+9053
    {21723, 16, 14, 1, 5, 17},  // U+907F
    {21835, 15, 15, 1, 6, 17},  // U+90A3
    {21955, 16, 16, 0, 4, 17},  // U+90FD
    {22083, 15, 12, 1, 6, 17},  // U+91CC
    {22179, 15, 15, 2, 4, 17},  // U+91CD
    {22299, 16, 14, 1, 5, 17},  // U+91CF
    {22411, 12, 14, 3, 5, 17},  // U+95E8
    {22495, 15, 15, 2, 4, 17},  // U+968F
    {22615, 16, 16, 1, 3, 17},  // U+96BE
    {22743, 14, 17, 2, 3, 17},  // U+9760
    {22862, 16, 13, 0, 6, 17},  // U+987E
    {22966, 13, 16, 2, 4, 17},  // U+9AD8
    {23078, 15, 13, 1, 6, 17},  // U+9ED1
    {23182, 3, 6, 3, 15, 17},  // U+FF0C
    {23194, 4, 12, 2, 9, 17},  // U+FF1B
    {23218, 7, 12, 1, 6, 17},  // U+FF1F
};
static const cjk_font_t font_verse = {25, 17, 208, font_verse_cps, font_verse_glyphs, font_verse_bits};

/* msyh.ttc 13 px: 151 glyphs, 7551 bytes */
static const uint16_t font_ref_cps[151] = {
    0x0020, 0x0021, 0x0022, 0x0023, 0x0024, 0x0025, 0x0026, 0x0027, 0x0028, 0x0029, 0x002A, 0x002B, 0x002C, 0x002D, 0x002E, 0x002F,
    0x0030, 0x0031, 0x0032, 0x0033, 0x0034, 0x0035, 0x0036, 0x0037, 0x0038, 0x0039, 0x003A, 0x003B, 0x003C, 0x003D, 0x003E, 0x003F,
    0x0040, 0x0041, 0x0042, 0x0043, 0x0044, 0x0045, 0x0046, 0x0047, 0x0048, 0x0049, 0x004A, 0x004B, 0x004C, 0x004D, 0x004E, 0x004F,
    0x0050, 0x0051, 0x0052, 0x0053, 0x0054, 0x0055, 0x0056, 0x0057, 0x0058, 0x0059, 0x005A, 0x005B, 0x005C, 0x005D, 0x005E, 0x005F,
    0x0060, 0x0061, 0x0062, 0x0063, 0x0064, 0x0065, 0x0066, 0x0067, 0x0068, 0x0069, 0x006A, 0x006B, 0x006C, 0x006D, 0x006E, 0x006F,
    0x0070, 0x0071, 0x0072, 0x0073, 0x0074, 0x0075, 0x0076, 0x0077, 0x0078, 0x0079, 0x007A, 0x007B, 0x007C, 0x007D, 0x007E, 0x2014,
    0x4E00, 0x4E0B, 0x4E4B, 0x4E66, 0x4EAE, 0x4ECA, 0x4F20, 0x4F2F, 0x524D, 0x52A0, 0x5404, 0x540E, 0x54E5, 0x591A, 0x592A, 0x5C3C,
    0x5DF2, 0x5E0C, 0x5E16, 0x5F7C, 0x5F97, 0x6309, 0x6492, 0x652F, 0x6570, 0x6587, 0x65E5, 0x6765, 0x6797, 0x6BD4, 0x6C11, 0x70B9,
    0x70DB, 0x7977, 0x798F, 0x7ACB, 0x7BB4, 0x7BC7, 0x7EA6, 0x7ECF, 0x7F57, 0x7FF0, 0x8153, 0x8721, 0x8A00, 0x8BB0, 0x8BD7, 0x8DEF,
    0x8FE6, 0x9053, 0x96C5, 0x97F3, 0x9A6C, 0x9ED8, 0xFF0C,
};
static const uint8_t font_ref_bits[] = {
    0xAA,0x9A,0x99,0x99,0x89,0x88,0x88,0x00,0x45,0x9A,0x99,0xE4,0x88,0xD3,0x77,0xC2,0x00,0x0D,0x14,0xA0,0x00,0x2C,0x08,0x60,0x3C,0xDD,0xCF,0xCB,0x00,0x95,0x0E,0x00,
    0x00,0xC2,0x2B,0x00,0x8C,0xFC,0xDD,0xC5,0x02,0xB0,0x86,0x00,0x05,0x90,0xB3,0x00,0x08,0x60,0xD0,0x00,0x00,0x74,0x00,0x19,0xEE,0x80,0x9B,0x95,0x82,0xD5,0x74,0x00,
    0xBA,0x74,0x00,0x3E,0xF6,0x00,0x01,0xAF,0xA1,0x00,0x76,0xD8,0x00,0x74,0x7B,0xB4,0x86,0xC7,0x4C,0xFD,0x70,0x00,0x74,0x00,0x08,0xCD,0x50,0x01,0xD2,0x00,0x4C,0x01,
    0xE0,0x09,0x70,0x00,0x68,0x00,0xD2,0x3C,0x00,0x00,0x3D,0x13,0xD0,0xC3,0x00,0x00,0x06,0xBA,0x27,0x90,0x00,0x00,0x00,0x00,0x2D,0x19,0xDC,0x40,0x00,0x00,0xB5,0x5A,
    0x03,0xD0,0x00,0x05,0xB0,0x87,0x00,0xE0,0x00,0x1D,0x20,0x6A,0x03,0xC0,0x00,0x97,0x00,0x0A,0xCC,0x30,0x00,0x3C,0xEC,0x30,0x00,0x00,0x00,0xD6,0x07,0xD0,0x00,0x00,
    0x00,0xF2,0x04,0xE0,0x2F,0x00,0x00,0x9B,0x5D,0x60,0x2F,0x00,0x00,0x7F,0xF9,0x00,0x4D,0x00,0x09,0xC2,0x2B,0xC1,0x98,0x00,0x2F,0x30,0x00,0xBB,0xE2,0x00,0x2F,0x20,
    0x00,0x2F,0x90,0x00,0x0D,0xB2,0x15,0xCB,0xE5,0x20,0x02,0xAE,0xFC,0x60,0x6E,0xE0,0xE4,0xD3,0xC2,0x00,0x4C,0x00,0x00,0xD3,0x00,0x05,0xB0,0x00,0x0A,0x60,0x00,0x0E,
    0x30,0x00,0x0F,0x20,0x00,0x0F,0x10,0x00,0x0E,0x30,0x00,0x0B,0x60,0x00,0x06,0xB0,0x00,0x00,0xD3,0x00,0x00,0x4C,0x00,0x89,0x00,0x0D,0x40,0x06,0xB0,0x01,0xF1,0x00,
    0xD4,0x00,0xB5,0x00,0xB5,0x00,0xD4,0x01,0xF1,0x06,0xB0,0x0C,0x40,0x79,0x00,0x00,0x87,0x00,0x00,0x76,0x00,0x5B,0xA9,0xB4,0x02,0xDC,0x20,0x05,0x9A,0x40,0x09,0x23,
    0x80,0x00,0x0A,0x50,0x00,0x00,0x0A,0x50,0x00,0x00,0x0A,0x50,0x00,0x6F,0xFF,0xFF,0xF1,0x00,0x0A,0x50,0x00,0x00,0x0A,0x50,0x00,0x00,0x0A,0x50,0x00,0x1F,0x10,0x5B,
    0x00,0x95,0x00,0x0E,0xEE,0xB0,0x18,0x10,0x2E,0x40,0x00,0x00,0x0B,0x70,0x00,0x00,0x2F,0x10,0x00,0x00,0x7A,0x00,0x00,0x00,0xD4,0x00,0x00,0x04,0xD0,0x00,0x00,0x0A,
    0x80,0x00,0x00,0x1E,0x20,0x00,0x00,0x7B,0x00,0x00,0x00,0xC5,0x00,0x00,0x03,0xE0,0x00,0x00,0x09,0x80,0x00,0x00,0x1E,0x20,0x00,0x00,0x01,0x9E,0xE8,0x00,0x0A,0xB2,
    0x4E,0x60,0x1F,0x30,0x08,0xC0,0x4E,0x00,0x05,0xE0,0x6D,0x00,0x04,0xF1,0x6D,0x00,0x04,0xF1,0x5E,0x00,0x05,0xE0,0x2F,0x30,0x08,0xB0,0x0B,0xB2,0x4E,0x40,0x01,0xBF,
    0xD6,0x00,0x00,0x4C,0x18,0xFD,0xAB,0x8D,0x10,0x6D,0x00,0x6D,0x00,0x6D,0x00,0x6D,0x00,0x6D,0x00,0x6D,0x00,0x6D,0x03,0xCF,0xD7,0x00,0x0B,0x51,0x4E,0x50,0x00,0x00,
    0x0A,0x90,0x00,0x00,0x0B,0x80,0x00,0x00,0x5E,0x20,0x00,0x08,0xE4,0x00,0x01,0xBC,0x20,0x00,0x0A,0xA0,0x00,0x00,0x2F,0x32,0x22,0x20,0x4F,0xFF,0xFF,0xE0,0x03,0xCF,
    0xD5,0x00,0x09,0x31,0x6F,0x20,0x00,0x00,0x0F,0x40,0x00,0x01,0x8C,0x00,0x02,0xFF,0xD3,0x00,0x00,0x12,0x7E,0x30,0x00,0x00,0x0B,0x90,0x00,0x00,0x0B,0x80,0x1A,0x21,
    0x6F,0x30,0x07,0xDE,0xC4,0x00,0x00,0x00,0xAE,0x00,0x00,0x03,0xFE,0x00,0x00,0x0B,0xAE,0x00,0x00,0x5C,0x5E,0x00,0x01,0xE4,0x4E,0x00,0x0B,0x90,0x4E,0x00,0x7C,0x00,
    0x4E,0x00,0xDF,0xFF,0xFF,0xF6,0x00,0x00,0x5E,0x00,0x00,0x00,0x4E,0x00,0x6F,0xFF,0xF3,0x7A,0x11,0x10,0x98,0x00,0x00,0xA7,0x00,0x00,0xBF,0xFC,0x60,0x11,0x27,0xF5,
    0x00,0x00,0xA9,0x00,0x00,0xA9,0x31,0x17,0xF3,0xBF,0xEC,0x40,0x00,0x3B,0xEF,0x60,0x02,0xE7,0x12,0x20,0x0A,0xA0,0x00,0x00,0x0F,0x40,0x00,0x00,0x3F,0x6D,0xEB,0x20,
    0x3F,0xA2,0x2B,0xB0,0x2F,0x20,0x04,0xF0,0x0E,0x30,0x04,0xE0,0x08,0xC2,0x2C,0x90,0x01,0x9E,0xE9,0x10,0x4F,0xFF,0xFF,0xE0,0x01,0x11,0x1A,0x90,0x00,0x00,0x3E,0x10,
    0x00,0x00,0xA8,0x00,0x00,0x02,0xF2,0x00,0x00,0x08,0xA0,0x00,0x00,0x0E,0x50,0x00,0x00,0x4E,0x00,0x00,0x00,0x8B,0x00,0x00,0x00,0xC8,0x00,0x00,0x01,0xAE,0xD7,0x00,
    0x0B,0xA1,0x3E,0x50,0x0E,0x40,0x09,0x80,0x0A,0xA1,0x3D,0x40,0x01,0xDF,0xF9,0x00,0x0B,0x92,0x3D,0x50,0x4E,0x00,0x05,0xD0,0x5E,0x00,0x05,0xE0,0x1E,0x81,0x3C,0x90,
    0x03,0xBF,0xE9,0x10,0x02,0xAE,0xE7,0x00,0x0D,0x91,0x4E,0x50,0x4E,0x00,0x08,0xB0,0x4E,0x00,0x06,0xD0,0x1E,0x81,0x3D,0xE0,0x04,0xDF,0xD8,0xD0,0x00,0x00,0x07,0xB0,
    0x00,0x00,0x0D,0x60,0x09,0x22,0x9D,0x00,0x05,0xEE,0xA1,0x00,0x2D,0x40,0x08,0x10,0x00,0x00,0x00,0x00,0x00,0x00,0x18,0x10,0x2E,0x40,0x2D,0x40,0x08,0x20,0x00,0x00,
    0x00,0x00,0x00,0x00,0x06,0x10,0x2E,0x00,0x6A,0x00,0x95,0x00,0x00,0x00,0x05,0xA0,0x00,0x05,0xCC,0x40,0x05,0xCC,0x50,0x00,0x2F,0xC1,0x00,0x00,0x05,0xCD,0x60,0x00,
    0x00,0x05,0xCC,0x40,0x00,0x00,0x05,0xA0,0x6E,0xEE,0xEE,0xE1,0x00,0x00,0x00,0x00,0x00,0x00,0x00,0x00,0x6E,0xEE,0xEE,0xE1,0x2A,0x30,0x00,0x00,0x06,0xEA,0x30,0x00,
    0x00,0x17,0xEA,0x20,0x00,0x00,0x3E,0xC0,0x00,0x18,0xEA,0x20,0x07,0xEA,0x30,0x00,0x2A,0x30,0x00,0x00,0x07,0xDE,0x90,0x29,0x23,0xD7,0x00,0x00,0xA8,0x00,0x01,0xE4,
    0x00,0x1C,0x70,0x00,0xB8,0x00,0x00,0xD4,0x00,0x00,0x00,0x00,0x00,0x54,0x00,0x00,0xB8,0x00,0x00,0x18,0xCC,0xDC,0x60,0x00,0x03,0xD7,0x10,0x01,0x9B,0x10,0x1D,0x40,
    0x9D,0xBC,0x18,0x90,0x79,0x07,0xA0,0x4F,0x01,0xE1,0xB4,0x0E,0x20,0x1E,0x00,0xC3,0xC3,0x1E,0x00,0x2D,0x00,0xC3,0xB4,0x1E,0x00,0x5C,0x00,0xE1,0x88,0x0C,0x52,0xAE,
    0x28,0x90,0x1E,0x33,0xBB,0x37,0xD8,0x00,0x04,0xD7,0x20,0x16,0x80,0x00,0x00,0x17,0xBC,0xB7,0x00,0x00,0x00,0x05,0xF7,0x00,0x00,0x00,0x0A,0xBC,0x00,0x00,0x00,0x1F,
    0x2F,0x30,0x00,0x00,0x6B,0x0A,0x80,0x00,0x00,0xC6,0x05,0xE0,0x00,0x03,0xF1,0x00,0xE5,0x00,0x08,0xFF,0xFF,0xFA,0x00,0x0E,0x62,0x22,0x5F,0x10,0x5F,0x10,0x00,0x0E,
    0x70,0xAB,0x00,0x00,0x09,0xC0,0xBF,0xFE,0xB3,0x00,0xB9,0x23,0xBC,0x00,0xB8,0x00,0x6E,0x00,0xB8,0x02,0xC8,0x00,0xBF,0xFF,0xC2,0x00,0xB9,0x23,0x9E,0x10,0xB8,0x00,
    0x0E,0x60,0xB8,0x00,0x0E,0x60,0xB9,0x23,0x9E,0x10,0xBF,0xFE,0xB3,0x00,0x00,0x18,0xDF,0xD6,0x02,0xDC,0x53,0x4C,0x0B,0xC0,0x00,0x01,0x2F,0x40,0x00,0x00,0x5F,0x00,
    0x00,0x00,0x5F,0x10,0x00,0x00,0x3F,0x30,0x00,0x00,0x0D,0xB0,0x00,0x01,0x04,0xFB,0x42,0x5C,0x00,0x3A,0xEF,0xC5,0xBF,0xFF,0xC7,0x10,0x00,0xB9,0x23,0x6D,0xD1,0x00,
    0xB8,0x00,0x00,0xCA,0x00,0xB8,0x00,0x00,0x4F,0x10,0xB8,0x00,0x00,0x1F,0x40,0xB8,0x00,0x00,0x2F,0x30,0xB8,0x00,0x00,0x5F,0x10,0xB8,0x00,0x01,0xC9,0x00,0xB9,0x22,
    0x5D,0xC1,0x00,0xBF,0xFE,0xC7,0x00,0x00,0xBF,0xFF,0xF5,0xB9,0x22,0x21,0xB8,0x00,0x00,0xB8,0x00,0x00,0xBF,0xFF,0xF1,0xB9,0x22,0x20,0xB8,0x00,0x00,0xB8,0x00,0x00,
    0xB9,0x22,0x21,0xBF,0xFF,0xF8,0xBF,0xFF,0xF5,0xB9,0x22,0x21,0xB8,0x00,0x00,0xB8,0x00,0x00,0xBF,0xFF,0xF1,0xB9,0x22,0x20,0xB8,0x00,0x00,0xB8,0x00,0x00,0xB8,0x00,
    0x00,0xB8,0x00,0x00,0x00,0x18,0xDF,0xD9,0x20,0x01,0xDC,0x52,0x49,0x70,0x0A,0xC0,0x00,0x00,0x10,0x2F,0x40,0x00,0x00,0x00,0x5F,0x00,0x00,0x00,0x00,0x5F,0x10,0x0B,
    0xFF,0xB0,0x3F,0x30,0x01,0x29,0xB0,0x0D,0xB0,0x00,0x09,0xB0,0x03,0xEB,0x42,0x4B,0xB0,0x00,0x2A,0xEF,0xDA,0x40,0xB8,0x00,0x00,0x7C,0xB8,0x00,0x00,0x7C,0xB8,0x00,
    0x00,0x7C,0xB8,0x00,0x00,0x7C,0xBF,0xFF,0xFF,0xFC,0xB9,0x22,0x22,0x8C,0xB8,0x00,0x00,0x7C,0xB8,0x00,0x00,0x7C,0xB8,0x00,0x00,0x7C,0xB8,0x00,0x00,0x7C,0xB8,0xB8,
    0xB8,0xB8,0xB8,0xB8,0xB8,0xB8,0xB8,0xB8,0x00,0x5F,0x00,0x5F,0x00,0x5F,0x00,0x5F,0x00,0x5F,0x00,0x5F,0x00,0x5E,0x00,0x7C,0x13,0xD7,0xBE,0x90,0xB8,0x00,0x2E,0x80,
    0xB8,0x01,0xCA,0x00,0xB8,0x0A,0xC1,0x00,0xB8,0x8D,0x10,0x00,0xBD,0xF2,0x00,0x00,0xBB,0xF7,0x00,0x00,0xB8,0x6F,0x40,0x00,0xB8,0x08,0xE3,0x00,0xB8,0x00,0xBD,0x10,
    0xB8,0x00,0x1C,0xC1,0xB8,0x00,0x00,0xB8,0x00,0x00,0xB8,0x00,0x00,0xB8,0x00,0x00,0xB8,0x00,0x00,0xB8,0x00,0x00,0xB8,0x00,0x00,0xB8,0x00,0x00,0xB9,0x22,0x21,0xBF,
    0xFF,0xF7,0xBF,0x30,0x00,0x00,0x7F,0x60,0xBE,0x90,0x00,0x00,0xDE,0x60,0xBA,0xF1,0x00,0x05,0xDC,0x60,0xB7,0xC7,0x00,0x0B,0x7D,0x60,0xB7,0x6D,0x00,0x3E,0x1D,0x60,
    0xB7,0x0E,0x50,0x99,0x0D,0x60,0xB7,0x08,0xC1,0xE3,0x0D,0x60,0xB7,0x02,0xF9,0xB0,0x0D,0x60,0xB7,0x00,0xAF,0x50,0x0D,0x60,0xB7,0x00,0x3D,0x00,0x0D,0x60,0xBF,0x30,
    0x00,0x0E,0x40,0xBF,0xC0,0x00,0x0E,0x40,0xBB,0xF7,0x00,0x0E,0x40,0xB8,0x8F,0x30,0x0E,0x40,0xB8,0x1D,0xC0,0x0E,0x40,0xB8,0x03,0xF7,0x0E,0x40,0xB8,0x00,0x8F,0x2E,
    0x40,0xB8,0x00,0x0D,0xBE,0x40,0xB8,0x00,0x03,0xFF,0x40,0xB8,0x00,0x00,0x8F,0x40,0x00,0x2A,0xEF,0xD8,0x10,0x03,0xEB,0x42,0x5D,0xC0,0x0C,0xB0,0x00,0x02,0xE7,0x2F,
    0x30,0x00,0x00,0x9C,0x5F,0x10,0x00,0x00,0x7E,0x5F,0x10,0x00,0x00,0x7E,0x3F,0x30,0x00,0x00,0x9C,0x0D,0xB0,0x00,0x02,0xE6,0x03,0xEA,0x33,0x6D,0xB0,0x00,0x3A,0xEF,
    0xD7,0x00,0xBF,0xFE,0xB3,0x00,0xB9,0x23,0xAE,0x10,0xB8,0x00,0x0F,0x50,0xB8,0x00,0x0F,0x50,0xB8,0x02,0x9E,0x10,0xBF,0xFF,0xC3,0x00,0xB9,0x21,0x00,0x00,0xB8,0x00,
    0x00,0x00,0xB8,0x00,0x00,0x00,0xB8,0x00,0x00,0x00,0x00,0x2A,0xEF,0xD8,0x10,0x00,0x03,0xEB,0x42,0x5D,0xC0,0x00,0x0C,0xB0,0x00,0x02,0xE7,0x00,0x2F,0x30,0x00,0x00,
    0x9C,0x00,0x5F,0x10,0x00,0x00,0x7E,0x00,0x5F,0x10,0x00,0x00,0x7E,0x00,0x3F,0x30,0x00,0x00,0x9B,0x00,0x0D,0xB0,0x00,0x02,0xE6,0x00,0x03,0xEA,0x33,0x6D,0xB0,0x00,
    0x00,0x3A,0xEE,0xDF,0x80,0x00,0x00,0x00,0x00,0x03,0xDC,0x30,0xBF,0xFE,0xC3,0x00,0xB9,0x23,0xAE,0x10,0xB8,0x00,0x1F,0x40,0xB8,0x00,0x2F,0x30,0xB8,0x01,0xAC,0x00,
    0xBF,0xFF,0xA1,0x00,0xB9,0x28,0xE2,0x00,0xB8,0x00,0xAC,0x00,0xB8,0x00,0x1E,0x70,0xB8,0x00,0x06,0xF2,0x01,0x9D,0xEB,0x20,0x0C,0xB4,0x27,0x60,0x2F,0x30,0x00,0x00,
    0x1F,0x70,0x00,0x00,0x08,0xF9,0x20,0x00,0x00,0x4D,0xF8,0x00,0x00,0x00,0x5E,0x80,0x00,0x00,0x08,0xC0,0x3B,0x42,0x4D,0x90,0x19,0xDF,0xD8,0x00,0xBF,0xFF,0xFF,0xF3,
    0x12,0x2E,0x72,0x20,0x00,0x0E,0x60,0x00,0x00,0x0E,0x60,0x00,0x00,0x0E,0x60,0x00,0x00,0x0E,0x60,0x00,0x00,0x0E,0x60,0x00,0x00,0x0E,0x60,0x00,0x00,0x0E,0x60,0x00,
    0x00,0x0E,0x60,0x00,0xD6,0x00,0x00,0xB8,0xD6,0x00,0x00,0xB8,0xD6,0x00,0x00,0xB8,0xD6,0x00,0x00,0xB8,0xD6,0x00,0x00,0xB8,0xD6,0x00,0x00,0xB8,0xC7,0x00,0x00,0xC8,
    0xAB,0x00,0x01,0xE5,0x3F,0x83,0x3B,0xD1,0x04,0xCE,0xEA,0x20,0xBA,0x00,0x00,0x0D,0x70,0x5F,0x10,0x00,0x3F,0x20,0x1E,0x50,0x00,0x8C,0x00,0x0A,0xA0,0x00,0xD6,0x00,
    0x04,0xE1,0x03,0xF1,0x00,0x00,0xE5,0x08,0xA0,0x00,0x00,0x9A,0x0D,0x50,0x00,0x00,0x3E,0x3E,0x00,0x00,0x00,0x0D,0xB9,0x00,0x00,0x00,0x08,0xF4,0x00,0x00,0xAB,0x00,
    0x01,0xF7,0x00,0x06,0xE0,0x6E,0x00,0x04,0xFB,0x00,0x0A,0xA0,0x2F,0x30,0x08,0xCE,0x00,0x0E,0x60,0x0D,0x70,0x0D,0x6F,0x40,0x2F,0x20,0x08,0xB0,0x1F,0x1B,0x70,0x6C,
    0x00,0x04,0xE0,0x6C,0x07,0xB0,0xA8,0x00,0x00,0xE3,0xA7,0x02,0xF1,0xD4,0x00,0x00,0xA7,0xE3,0x00,0xD6,0xF0,0x00,0x00,0x6C,0xE0,0x00,0x9C,0xB0,0x00,0x00,0x2F,0x90,
    0x00,0x5F,0x70,0x00,0x4F,0x40,0x00,0x9C,0x00,0x0A,0xC0,0x03,0xF3,0x00,0x02,0xE6,0x0C,0x90,0x00,0x00,0x7E,0x7E,0x10,0x00,0x00,0x0D,0xF5,0x00,0x00,0x00,0x1D,0xF6,
    0x00,0x00,0x00,0x8D,0x6E,0x10,0x00,0x03,0xF4,0x0C,0xA0,0x00,0x0C,0xA0,0x04,0xF4,0x00,0x8E,0x10,0x00,0xAD,0x00,0xAC,0x00,0x00,0xC8,0x2F,0x40,0x05,0xE1,0x0A,0xB0,
    0x0C,0x70,0x02,0xF3,0x4E,0x10,0x00,0x9A,0xB7,0x00,0x00,0x2E,0xD0,0x00,0x00,0x0B,0x80,0x00,0x00,0x0B,0x80,0x00,0x00,0x0B,0x80,0x00,0x00,0x0B,0x80,0x00,0x5F,0xFF,
    0xFF,0xFA,0x12,0x22,0x28,0xE1,0x00,0x00,0x2E,0x50,0x00,0x00,0xBA,0x00,0x00,0x06,0xE1,0x00,0x00,0x2E,0x50,0x00,0x00,0xBA,0x00,0x00,0x06,0xE1,0x00,0x00,0x2E,0x72,
    0x22,0x21,0xAF,0xFF,0xFF,0xFA,0x9E,0xD0,0x97,0x00,0x97,0x00,0x97,0x00,0x97,0x00,0x97,0x00,0x97,0x00,0x97,0x00,0x97,0x00,0x97,0x00,0x97,0x00,0x9E,0xD0,0x0E,0x30,
    0x00,0x00,0x08,0x90,0x00,0x00,0x02,0xE1,0x00,0x00,0x00,0xA7,0x00,0x00,0x00,0x4D,0x00,0x00,0x00,0x0D,0x40,0x00,0x00,0x06,0xB0,0x00,0x00,0x01,0xE2,0x00,0x00,0x00,
    0x98,0x00,0x00,0x00,0x2E,0x10,0x00,0x00,0x0B,0x60,0x8D,0xF0,0x02,0xF0,0x02,0xF0,0x02,0xF0,0x02,0xF0,0x02,0xF0,0x02,0xF0,0x02,0xF0,0x02,0xF0,0x02,0xF0,0x02,0xF0,
    0x8D,0xF0,0x00,0x0C,0x40,0x00,0x00,0x4D,0xB0,0x00,0x00,0xB4,0xB4,0x00,0x03,0xC0,0x4C,0x00,0x0B,0x50,0x0B,0x50,0x3D,0x00,0x04,0xD0,0xCC,0xCC,0xCA,0x2D,0x30,0x02,
    0xC1,0x04,0xCE,0xD5,0x00,0x08,0x41,0x6F,0x10,0x00,0x13,0x5F,0x30,0x09,0xEB,0x9F,0x40,0x4E,0x10,0x1F,0x40,0x5E,0x31,0x9F,0x40,0x0A,0xED,0x5F,0x40,0xD5,0x00,0x00,
    0x00,0xD5,0x00,0x00,0x00,0xD5,0x00,0x00,0x00,0xD6,0xAE,0xD6,0x00,0xDD,0x41,0x6F,0x30,0xD7,0x00,0x0B,0x80,0xD5,0x00,0x0A,0x90,0xD6,0x00,0x0C,0x70,0xDD,0x31,0x7E,
    0x20,0xD7,0xCE,0xC3,0x00,0x01,0x9E,0xE9,0x0A,0xC3,0x28,0x2F,0x20,0x00,0x5E,0x00,0x00,0x3F,0x10,0x00,0x0C,0xB3,0x28,0x01,0xAE,0xE7,0x00,0x00,0x00,0xF3,0x00,0x00,
    0x00,0xF3,0x00,0x00,0x00,0xF3,0x01,0xAE,0xD7,0xF3,0x0B,0xB2,0x2B,0xF3,0x3F,0x20,0x02,0xF3,0x5E,0x00,0x00,0xF3,0x4F,0x10,0x03,0xF3,0x0D,0xA2,0x2B,0xF3,0x03,0xCE,
    0xD5,0xF3,0x01,0x9E,0xD8,0x00,0x0B,0xA1,0x2D,0x60,0x3F,0x10,0x07,0xB0,0x5F,0xFF,0xFF,0xC0,0x3F,0x10,0x00,0x00,0x0D,0xA2,0x17,0x50,0x02,0xBE,0xE8,0x00,0x00,0x9E,
    0xA0,0x05,0xE2,0x20,0x07,0xC0,0x00,0xAF,0xFF,0x70,0x07,0xC0,0x00,0x07,0xC0,0x00,0x07,0xC0,0x00,0x07,0xC0,0x00,0x07,0xC0,0x00,0x07,0xC0,0x00,0x01,0xAE,0xE6,0xF3,
    0x0B,0xB2,0x2B,0xF3,0x3F,0x20,0x02,0xF3,0x5E,0x00,0x01,0xF3,0x4F,0x10,0x03,0xF3,0x0D,0xA2,0x2B,0xF3,0x03,0xCE,0xC5,0xF2,0x00,0x00,0x04,0xF0,0x0A,0x41,0x4D,0x90,
    0x04,0xCF,0xD8,0x00,0xD5,0x00,0x00,0x00,0xD5,0x00,0x00,0x00,0xD5,0x00,0x00,0x00,0xD7,0xAE,0xD3,0x00,0xDD,0x41,0xBC,0x00,0xD7,0x00,0x4F,0x00,0xD5,0x00,0x3F,0x10,
    0xD5,0x00,0x3F,0x10,0xD5,0x00,0x3F,0x10,0xD5,0x00,0x3F,0x10,0x0D,0x60,0x06,0x20,0x00,0x00,0x0D,0x50,0x0D,0x50,0x0D,0x50,0x0D,0x50,0x0D,0x50,0x0D,0x50,0x0D,0x50,
    0x00,0x0C,0x60,0x00,0x06,0x20,0x00,0x00,0x00,0x00,0x0D,0x50,0x00,0x0D,0x50,0x00,0x0D,0x50,0x00,0x0D,0x50,0x00,0x0D,0x50,0x00,0x0D,0x50,0x00,0x0D,0x50,0x00,0x0F,
    0x40,0x12,0x7E,0x00,0x4E,0xC3,0x00,0xD5,0x00,0x00,0xD5,0x00,0x00,0xD5,0x00,0x00,0xD5,0x04,0xE5,0xD5,0x2E,0x60,0xD7,0xD7,0x00,0xDE,0xD1,0x00,0xD6,0xCB,0x00,0xD5,
    0x1D,0xA0,0xD5,0x02,0xE9,0xD5,0xD5,0xD5,0xD5,0xD5,0xD5,0xD5,0xD5,0xD5,0xD5,0xD7,0xBF,0xB1,0x8E,0xD5,0x00,0xDD,0x32,0xDD,0x71,0x8E,0x10,0xD7,0x00,0x8D,0x00,0x1F,
    0x30,0xD5,0x00,0x7C,0x00,0x0F,0x30,0xD5,0x00,0x7C,0x00,0x0F,0x30,0xD5,0x00,0x7C,0x00,0x0F,0x30,0xD5,0x00,0x7C,0x00,0x0F,0x30,0xD7,0xBE,0xC3,0x00,0xDD,0x41,0xBC,
    0x00,0xD7,0x00,0x4F,0x00,0xD5,0x00,0x3F,0x10,0xD5,0x00,0x3F,0x10,0xD5,0x00,0x3F,0x10,0xD5,0x00,0x3F,0x10,0x01,0x9D,0xEB,0x30,0x0B,0xB2,0x17,0xE2,0x3F,0x20,0x00,
    0xC7,0x5E,0x00,0x00,0xA9,0x3F,0x10,0x00,0xC7,0x0C,0xB2,0x17,0xE1,0x01,0x9E,0xEB,0x20,0xD6,0xAE,0xD6,0x00,0xDD,0x41,0x6F,0x30,0xD7,0x00,0x0B,0x80,0xD5,0x00,0x0A,
    0x90,0xD6,0x00,0x0C,0x70,0xDD,0x31,0x7E,0x20,0xD7,0xCF,0xC4,0x00,0xD5,0x00,0x00,0x00,0xD5,0x00,0x00,0x00,0xD5,0x00,0x00,0x00,0x01,0xAE,0xE9,0xF3,0x0B,0xB2,0x2B,
    0xF3,0x3F,0x20,0x02,0xF3,0x5E,0x00,0x01,0xF3,0x4F,0x10,0x03,0xF3,0x0D,0xA2,0x2A,0xF3,0x03,0xCE,0xC4,0xF3,0x00,0x00,0x01,0xF3,0x00,0x00,0x01,0xF3,0x00,0x00,0x01,
    0xF3,0xD7,0xCD,0xDD,0x52,0xD8,0x00,0xD6,0x00,0xD5,0x00,0xD5,0x00,0xD5,0x00,0x06,0xDE,0xA0,0x2F,0x41,0x72,0x3F,0x60,0x00,0x06,0xDE,0x70,0x00,0x05,0xE5,0x46,0x12,
    0xE5,0x1B,0xED,0x80,0x05,0xA0,0x00,0x08,0xB0,0x00,0xBF,0xFF,0x70,0x08,0xB0,0x00,0x08,0xB0,0x00,0x08,0xB0,0x00,0x07,0xB0,0x00,0x06,0xD1,0x10,0x01,0xCF,0x60,0x0F,
    0x30,0x05,0xE0,0x0F,0x30,0x05,0xE0,0x0F,0x30,0x05,0xE0,0x0F,0x30,0x05,0xE0,0x0F,0x40,0x07,0xE0,0x0C,0xB2,0x3D,0xE0,0x03,0xCF,0xB7,0xE0,0xB9,0x00,0x0B,0x80,0x5E,
    0x00,0x1F,0x30,0x0E,0x50,0x7C,0x00,0x09,0xA0,0xC6,0x00,0x03,0xE3,0xE1,0x00,0x00,0xCB,0x90,0x00,0x00,0x7F,0x30,0x00,0xA9,0x00,0x8E,0x00,0x3E,0x00,0x6D,0x00,0xCC,
    0x30,0x7A,0x00,0x1F,0x21,0xC7,0x70,0xB5,0x00,0x0C,0x65,0x83,0xB0,0xE1,0x00,0x07,0xAA,0x30,0xE5,0xB0,0x00,0x03,0xDD,0x00,0xAC,0x70,0x00,0x00,0xDA,0x00,0x6F,0x20,
    0x00,0x6E,0x10,0x4E,0x20,0x0C,0x80,0xC6,0x00,0x02,0xE8,0xB0,0x00,0x00,0x9F,0x40,0x00,0x02,0xEA,0xB0,0x00,0x0C,0x81,0xE6,0x00,0x7D,0x00,0x6E,0x20,0xBA,0x00,0x0A,
    0x90,0x5E,0x10,0x1E,0x30,0x0D,0x50,0x6C,0x00,0x07,0xB0,0xC6,0x00,0x02,0xF4,0xE1,0x00,0x00,0xAD,0x90,0x00,0x00,0x4F,0x30,0x00,0x00,0x7C,0x00,0x00,0x13,0xE4,0x00,
    0x00,0x9E,0x70,0x00,0x00,0x6F,0xFF,0xFE,0x10,0x00,0x02,0xE4,0x00,0x00,0x0B,0x80,0x00,0x00,0x8C,0x00,0x00,0x04,0xE2,0x00,0x00,0x1D,0x60,0x00,0x00,0xAF,0xFF,0xFF,
    0x10,0x00,0x9C,0x03,0xE1,0x04,0xC0,0x05,0xC0,0x08,0xA0,0x5E,0x30,0x08,0xA0,0x05,0xC0,0x04,0xC0,0x04,0xC0,0x02,0xE1,0x00,0x8C,0xC4,0xC4,0xC4,0xC4,0xC4,0xC4,0xC4,
    0xC4,0xC4,0xC4,0xC4,0xC4,0xC4,0xC4,0x7C,0x20,0x09,0x80,0x07,0xA0,0x07,0xA0,0x05,0xD1,0x00,0xCA,0x04,0xC0,0x06,0xA0,0x07,0xA0,0x07,0x90,0x0A,0x80,0x7B,0x10,0x1B,
    0xEB,0x41,0xE2,0x79,0x16,0xCE,0x80,0xEE,0xEE,0xEE,0xEE,0xEE,0xEE,0xEE,0x10,0xCF,0xFF,0xFF,0xFF,0xFF,0xFF,0xC0,0x12,0x22,0x22,0x22,0x22,0x22,0x10,0xAF,0xFF,0xFF,
    0xFF,0xFF,0xFF,0xA0,0x01,0x11,0x1A,0x81,0x11,0x11,0x00,0x00,0x00,0x0A,0x80,0x00,0x00,0x00,0x00,0x00,0x0A,0x81,0x00,0x00,0x00,0x00,0x00,0x0A,0xCD,0x40,0x00,0x00,
    0x00,0x00,0x0A,0x85,0xE9,0x10,0x00,0x00,0x00,0x0A,0x80,0x1B,0xC2,0x00,0x00,0x00,0x0A,0x80,0x00,0x79,0x00,0x00,0x00,0x0A,0x80,0x00,0x00,0x00,0x00,0x00,0x0A,0x80,
    0x00,0x00,0x00,0x00,0x00,0x0A,0x80,0x00,0x00,0x00,0x00,0x00,0x0A,0x80,0x00,0x00,0x00,0x00,0x00,0x05,0xA0,0x00,0x00,0x00,0x00,0x00,0x01,0xB3,0x00,0x00,0x00,0x0D,
    0xEE,0xEE,0xEE,0xEE,0xF7,0x00,0x00,0x00,0x00,0x00,0x08,0xD1,0x00,0x00,0x00,0x00,0x00,0x9D,0x20,0x00,0x00,0x00,0x00,0x1A,0xC1,0x00,0x00,0x00,0x00,0x02,0xCB,0x10,
    0x00,0x00,0x00,0x00,0x5E,0x80,0x00,0x00,0x00,0x00,0x1A,0xD4,0x00,0x00,0x00,0x00,0x06,0xFD,0x10,0x00,0x00,0x00,0x00,0x5E,0x7E,0xA4,0x10,0x00,0x01,0x10,0x93,0x02,
    0x9D,0xFF,0xFF,0xFF,0x90,0x00,0x00,0x00,0x00,0x00,0x00,0x00,0x00,0x00,0x0D,0x30,0x07,0x91,0x00,0x00,0x00,0x0D,0x30,0x00,0x4B,0x00,0x00,0x00,0x0D,0x30,0x00,0x00,
    0x00,0x0B,0xEE,0xEF,0xEE,0xEF,0x80,0x00,0x00,0x00,0x0D,0x30,0x08,0x70,0x00,0x00,0x00,0x0D,0x30,0x0A,0x50,0x00,0x9E,0xEE,0xEF,0xEE,0xEE,0xEF,0x10,0x00,0x00,0x0D,
    0x30,0x00,0x0F,0x00,0x00,0x00,0x0D,0x30,0x00,0x0F,0x00,0x00,0x00,0x0D,0x31,0x21,0x4D,0x00,0x00,0x00,0x0D,0x33,0xEE,0xE5,0x00,0x00,0x00,0x0D,0x30,0x00,0x00,0x00,
    0x00,0x00,0x03,0xB0,0x00,0x00,0x00,0x6D,0xFF,0xFF,0xFF,0xFF,0xFD,0x60,0x00,0x85,0x00,0x00,0x06,0x70,0x00,0x00,0x8D,0xCC,0xCC,0xCD,0x70,0x00,0x00,0x85,0x00,0x00,
    0x06,0x70,0x00,0x00,0x00,0x00,0x00,0x00,0x00,0x00,0x4E,0xDD,0xDD,0xDD,0xDD,0xDE,0x40,0x4B,0x00,0x00,0x00,0x00,0x0B,0x40,0x00,0x05,0xED,0xDD,0xF1,0x00,0x00,0x00,
    0x08,0x80,0x00,0xD1,0x03,0x90,0x02,0x7E,0x20,0x00,0xD3,0x07,0x90,0x7D,0x92,0x00,0x00,0x7D,0xEC,0x30,0x00,0x00,0x05,0xF5,0x00,0x00,0x00,0x00,0x00,0x2D,0x7D,0x10,
    0x00,0x00,0x00,0x02,0xD6,0x07,0xC1,0x00,0x00,0x00,0x4D,0x50,0x00,0x7D,0x30,0x00,0x19,0xD3,0x07,0x90,0x05,0xE8,0x10,0x98,0x10,0x01,0xB3,0x00,0x19,0x90,0x00,0x00,
    0x00,0x00,0x00,0x00,0x00,0x06,0xFF,0xFF,0xFF,0xFF,0xD0,0x00,0x00,0x00,0x00,0x00,0x2D,0x70,0x00,0x00,0x00,0x00,0x01,0xD8,0x00,0x00,0x00,0x00,0x00,0x1C,0xA0,0x00,
    0x00,0x00,0x00,0x00,0x4A,0x00,0x00,0x00,0x00,0x3B,0x00,0x1E,0x10,0x00,0x00,0x00,0x98,0x8D,0xEE,0xDD,0xDD,0x40,0x01,0xE3,0x00,0xA7,0x00,0x00,0x00,0x06,0xF0,0x00,
    0xD3,0x00,0x00,0x00,0x1E,0xF3,0xDE,0xFD,0xDD,0xDD,0xB0,0x98,0xF0,0x05,0x90,0x00,0x00,0x00,0x71,0xF0,0x08,0xDD,0xDD,0xEF,0x00,0x00,0xF0,0x00,0x00,0x00,0xC8,0x00,
    0x00,0xF0,0x0A,0x50,0x0A,0xA0,0x00,0x00,0xF0,0x01,0x8A,0x8C,0x00,0x00,0x00,0xF0,0x00,0x03,0xD7,0x00,0x00,0x00,0xF0,0x00,0x00,0x1A,0x50,0x00,0x00,0x5A,0x00,0x07,
    0x80,0x00,0x00,0x00,0xB7,0x00,0x0D,0x40,0x00,0x00,0x02,0xF1,0x1F,0xEE,0xEE,0xEF,0x10,0x08,0xE0,0x1E,0x00,0x00,0x0F,0x10,0x2E,0xE0,0x1E,0x00,0x00,0x0F,0x10,0xB8,
    0xE0,0x1E,0x00,0x00,0x0F,0x10,0x82,0xE0,0x1F,0xEE,0xEE,0xEF,0x10,0x01,0xE0,0x1E,0x00,0x00,0x0F,0x10,0x01,0xE0,0x1E,0x00,0x00,0x0F,0x10,0x01,0xE0,0x1E,0x00,0x00,
    0x0F,0x10,0x01,0xE0,0x1F,0xEE,0xEE,0xEF,0x10,0x01,0xE0,0x1E,0x00,0x00,0x0F,0x10,0x00,0x06,0x80,0x00,0x68,0x00,0x00,0x00,0x01,0xD2,0x01,0xD2,0x00,0x00,0x9D,0xDD,
    0xDD,0xDD,0xDD,0xDD,0xA0,0x00,0x00,0x00,0x00,0x00,0x00,0x00,0x0D,0xDD,0xDD,0xB0,0xC3,0x3C,0x00,0x0D,0x20,0x04,0xB0,0xC3,0x3C,0x00,0x0D,0xDD,0xDD,0xB0,0xC3,0x3C,
    0x00,0x0D,0x20,0x04,0xB0,0xC3,0x3C,0x00,0x0D,0xDD,0xDD,0xB0,0xC3,0x3C,0x00,0x0D,0x20,0x04,0xB0,0xC3,0x3C,0x00,0x0D,0x20,0x05,0xA0,0x00,0x5C,0x00,0x0D,0x22,0xED,
    0x60,0x6F,0xE7,0x00,0x00,0xC4,0x00,0x00,0x00,0x00,0x00,0x00,0xB4,0x00,0x00,0x00,0x00,0x00,0x00,0xB4,0x00,0x08,0xFE,0xEF,0x40,0x8F,0xFF,0xFF,0x38,0x70,0x0B,0x40,
    0x00,0xC3,0x0C,0x38,0x70,0x0B,0x40,0x00,0xC3,0x0D,0x28,0x70,0x0B,0x40,0x00,0xD1,0x0D,0x28,0x70,0x0B,0x40,0x01,0xE0,0x0D,0x28,0x70,0x0B,0x40,0x04,0xB0,0x0E,0x18,
    0x70,0x0B,0x40,0x0A,0x60,0x0F,0x18,0x70,0x0B,0x40,0x4D,0x00,0x3E,0x08,0xEE,0xEF,0x40,0xA3,0x4F,0xF8,0x08,0x70,0x0B,0x40,0x00,0x00,0x00,0x00,0x00,0x00,0x00,0x00,
    0x09,0x60,0x00,0x00,0x00,0x00,0x00,0x5F,0xEE,0xEE,0xEE,0xF1,0x00,0x05,0xCA,0x90,0x00,0x2C,0x70,0x00,0x3A,0x10,0x99,0x15,0xD5,0x00,0x00,0x00,0x00,0x1C,0xDE,0x40,
    0x00,0x00,0x01,0x5A,0xB5,0x05,0xDC,0x74,0x10,0x9B,0x72,0x00,0x00,0x05,0xAE,0xA0,0x00,0xCE,0xEE,0xEE,0xEE,0xD0,0x00,0x00,0xC3,0x00,0x00,0x01,0xD0,0x00,0x00,0xC3,
    0x00,0x00,0x01,0xD0,0x00,0x00,0xCE,0xDD,0xDD,0xDE,0xD0,0x00,0x00,0xC3,0x00,0x00,0x01,0xD0,0x00,0x00,0x12,0x24,0x57,0x8A,0xDB,0x00,0x05,0xFE,0xDC,0xB9,0x76,0x42,
    0x00,0x05,0xA0,0x00,0x00,0x00,0x00,0x00,0x05,0xA0,0x00,0x00,0x00,0x00,0x00,0x05,0xFE,0xEE,0xEE,0xEE,0xEE,0xA0,0x05,0xA0,0x00,0x00,0x00,0x00,0x00,0x06,0xA0,0x00,
    0x00,0x00,0x00,0x00,0x07,0x93,0xFE,0xEE,0xEE,0xE8,0x00,0x09,0x73,0xD0,0x00,0x00,0x78,0x00,0x0E,0x33,0xD0,0x00,0x00,0x78,0x00,0x6B,0x03,0xFE,0xEE,0xEE,0xE8,0x00,
    0x92,0x03,0xD0,0x00,0x00,0x78,0x00,0x7D,0xDD,0xDD,0xDD,0xDD,0xFD,0x80,0x00,0x00,0x00,0x00,0x01,0xE0,0x00,0x02,0xEC,0xCC,0xDA,0x01,0xE0,0x00,0x02,0xC0,0x00,0x4A,
    0x01,0xE0,0x00,0x02,0xEC,0xCC,0xDA,0x01,0xE0,0x00,0x00,0x00,0x00,0x00,0x00,0x00,0x00,0x9D,0xDD,0xDD,0xDD,0xDD,0xFD,0xA0,0x00,0x00,0x00,0x00,0x00,0xF0,0x00,0x04,
    0xEC,0xCC,0xCB,0x00,0xF0,0x00,0x04,0xA0,0x00,0x3B,0x00,0xF0,0x00,0x04,0xEC,0xCC,0xC9,0x03,0xE0,0x00,0x00,0x00,0x00,0x0A,0xFF,0x90,0x00,0x00,0x00,0x00,0x00,0x00,
    0x00,0x00,0x00,0x00,0x2C,0x50,0x00,0x00,0x00,0x00,0x04,0xDD,0xDD,0xDD,0xF8,0x00,0x01,0x9A,0x10,0x00,0x2B,0x91,0x00,0x1B,0x50,0xB3,0x17,0xC5,0x00,0x00,0x00,0x00,
    0x4E,0xC7,0x00,0x00,0x00,0x00,0x49,0xC6,0x6D,0x40,0x00,0x00,0x4C,0x83,0x2A,0xED,0xDD,0xEF,0x30,0x00,0x39,0xD6,0x00,0x01,0xC8,0x00,0x07,0xB5,0x00,0x00,0x5D,0x50,
    0x00,0x00,0x00,0x04,0xCB,0xA2,0x00,0x00,0x00,0x14,0x8C,0x93,0x00,0x00,0x00,0x1B,0xB8,0x50,0x00,0x00,0x00,0x00,0x00,0x00,0x02,0xF0,0x00,0x00,0x00,0x00,0x00,0x02,
    0xF0,0x00,0x00,0x00,0x00,0x00,0x02,0xE0,0x00,0x00,0x00,0x9F,0xFF,0xFF,0xFF,0xFF,0xFF,0x90,0x00,0x00,0x05,0xF3,0x00,0x00,0x00,0x00,0x00,0x09,0xA8,0x00,0x00,0x00,
    0x00,0x00,0x1D,0x1C,0x10,0x00,0x00,0x00,0x00,0x88,0x07,0x80,0x00,0x00,0x00,0x04,0xC0,0x00,0xC4,0x00,0x00,0x00,0x4D,0x27,0x60,0x3D,0x40,0x00,0x08,0xD2,0x03,0xC4,
    0x03,0xD8,0x10,0x79,0x10,0x00,0x00,0x00,0x1B,0x60,0x03,0xFE,0xEE,0xEE,0xEE,0xED,0x00,0x03,0xC0,0x00,0x00,0x00,0x2D,0x00,0x03,0xC0,0x00,0x00,0x00,0x2D,0x00,0x03,
    0xFE,0xEE,0xEE,0xEE,0xED,0x00,0x03,0xB0,0x00,0x00,0x00,0x2D,0x00,0x04,0xB0,0x69,0x00,0x00,0x00,0x00,0x05,0xA0,0x69,0x02,0x58,0xC8,0x00,0x07,0x80,0x6E,0xEC,0x95,
    0x10,0x00,0x09,0x60,0x6A,0x10,0x00,0x04,0x90,0x0D,0x20,0x69,0x00,0x00,0x06,0xA0,0x4C,0x00,0x6C,0x00,0x00,0x1B,0x70,0x84,0x00,0x1C,0xEE,0xEE,0xEB,0x20,0xEE,0xEE,
    0xEE,0xEE,0xEF,0x40,0x00,0x00,0x00,0x00,0x0C,0x40,0x00,0x00,0x00,0x00,0x0C,0x40,0x89,0x00,0x00,0x00,0x0C,0x40,0x89,0x00,0x00,0x00,0x0C,0x40,0x8F,0xEE,0xEE,0xEE,
    0xEF,0x40,0x89,0x00,0x00,0x00,0x0B,0x40,0x89,0x00,0x00,0x00,0x00,0x00,0x89,0x00,0x00,0x00,0x00,0x67,0x79,0x00,0x00,0x00,0x00,0x98,0x6C,0x10,0x00,0x00,0x02,0xE5,
    0x1D,0xFF,0xFF,0xFF,0xFF,0xA0,0x00,0x11,0x11,0x11,0x10,0x00,0x03,0xAA,0x63,0x02,0x7A,0x70,0x00,0x00,0x25,0xBF,0xDF,0xC4,0x00,0x00,0x1D,0xC9,0x62,0x01,0x48,0xC7,
    0x00,0x00,0x00,0x3D,0x10,0x00,0x00,0x00,0x8D,0xDE,0xFD,0xDD,0xDD,0xDD,0x90,0x00,0x0B,0x90,0xA4,0x00,0x00,0x00,0x00,0xAE,0x10,0xA4,0x00,0x00,0x00,0x1B,0xFE,0xDD,
    0xEE,0xDD,0xF4,0x00,0x8A,0xA6,0x00,0xA4,0x00,0xA4,0x00,0x00,0x86,0x00,0xA4,0x00,0xB4,0x00,0x00,0x86,0x00,0xA4,0xBE,0xC1,0x00,0x00,0x00,0x00,0xA4,0x00,0x00,0x00,
    0x00,0x77,0x00,0x00,0xA5,0x00,0x00,0x00,0x77,0x00,0x00,0xA5,0x00,0x00,0x5F,0xEE,0xE6,0x00,0xAE,0xEE,0xB0,0x59,0x77,0x86,0x00,0xA5,0x00,0x00,0x59,0x77,0x86,0x00,
    0xA5,0x00,0x00,0x59,0x77,0x86,0x00,0xA5,0x00,0x00,0x59,0x77,0x86,0xDE,0xEE,0xEF,0x20,0x59,0x77,0x86,0xD1,0x00,0x0C,0x20,0x59,0x7C,0xE3,0xD1,0x00,0x0C,0x20,0x00,
    0x77,0x00,0xD1,0x00,0x0C,0x20,0x00,0x77,0x00,0xDD,0xDD,0xDF,0x20,0x00,0x77,0x00,0xD1,0x00,0x0C,0x20,0x00,0x1C,0x10,0x00,0xC3,0x00,0x00,0x00,0x99,0x00,0x00,0xC3,
    0x00,0x00,0x06,0xD1,0x2F,0xDD,0xFE,0xDF,0x50,0x5E,0x3B,0x3C,0x00,0xC3,0x0D,0x20,0x73,0x9A,0x2C,0x00,0xC3,0x2B,0x00,0x05,0xE1,0x2C,0x00,0xC3,0x00,0x00,0x5E,0xE0,
    0x2F,0xED,0xDD,0xE9,0x00,0x73,0xE0,0x3B,0x68,0x00,0xB4,0x00,0x00,0xE0,0x6A,0x1D,0x36,0xB0,0x00,0x00,0xE0,0x96,0x03,0xED,0x10,0x00,0x00,0xE1,0xE1,0x3C,0xBD,0x92,
    0x00,0x00,0xE5,0x79,0xA4,0x00,0x6B,0x70,0x00,0x3B,0x0D,0xCC,0xCC,0xD9,0x00,0x01,0xC5,0x0D,0x10,0x00,0x49,0x00,0x1C,0x60,0x0D,0xCC,0xCC,0xD9,0x00,0x85,0x2B,0x0D,
    0x10,0x00,0x49,0x00,0x00,0xB7,0x0D,0xCC,0xCC,0xD9,0x00,0x07,0xF0,0x00,0x00,0x00,0x00,0x00,0x5D,0xF0,0x7D,0xDD,0xDD,0xFD,0x70,0x82,0xE0,0x00,0x00,0x00,0xF0,0x00,
    0x00,0xE1,0xDD,0xDD,0xDD,0xFD,0xA0,0x00,0xE0,0x06,0x30,0x00,0xF0,0x00,0x00,0xE0,0x03,0xC1,0x02,0xE0,0x00,0x00,0xE0,0x00,0x08,0xEE,0x80,0x00,0x01,0xD0,0x00,0x05,
    0x90,0x00,0x00,0x01,0xD0,0x00,0x01,0xD1,0x00,0x00,0x01,0xD0,0x5F,0xEE,0xEE,0xEF,0x60,0x9E,0xFE,0x9A,0x0C,0x30,0x09,0x60,0x01,0xD0,0x00,0x2E,0x10,0x00,0x00,0x01,
    0xEA,0x10,0x7A,0x00,0x00,0x00,0x4B,0xE5,0x8E,0xFE,0xEE,0xFE,0xA0,0x95,0xD0,0x05,0xB0,0x04,0xC0,0x00,0x01,0xD0,0x0B,0xA3,0x1C,0x50,0x00,0x01,0xD0,0x00,0x4C,0xEB,
    0x00,0x00,0x13,0xD0,0x03,0x8D,0x8B,0xC4,0x00,0xAF,0x82,0xCA,0x50,0x00,0x3B,0x60,0x08,0x50,0x94,0x75,0x04,0x80,0x00,0x08,0x56,0xED,0xDD,0x57,0x50,0x00,0x9E,0xE3,
    0x94,0x75,0x0A,0xCE,0xB0,0x08,0x58,0xCC,0xCC,0x7C,0x0A,0x20,0x08,0x51,0x00,0x00,0x6D,0x0C,0x10,0x2B,0xD6,0xEC,0xCD,0x89,0x0C,0x00,0x9C,0x52,0xC3,0x3D,0x07,0x6A,
    0x00,0x08,0x52,0xD8,0x8D,0x04,0xD6,0x00,0x08,0x52,0xB0,0x0D,0x00,0xF2,0x00,0x08,0x52,0xEB,0xBD,0x06,0xD8,0x00,0x09,0x52,0xB0,0x1C,0x3C,0x1C,0x30,0xBD,0x21,0x98,
    0xC6,0xA2,0x02,0x80,0x00,0x00,0x00,0xE2,0x00,0x00,0x00,0x00,0x00,0x00,0xE2,0x00,0x00,0x00,0x9E,0xEE,0xEE,0xFE,0xEE,0xEE,0x90,0x00,0x00,0x00,0xE2,0x00,0x00,0x00,
    0x00,0x00,0x00,0xE2,0x00,0x00,0x00,0x06,0xEF,0xEE,0xEE,0xEE,0xB0,0x00,0x00,0x0C,0x40,0x00,0x0D,0x50,0x00,0x00,0x04,0xD1,0x00,0x9A,0x00,0x00,0x00,0x00,0x7C,0x19,
    0xB1,0x00,0x00,0x00,0x00,0x0A,0xFC,0x00,0x00,0x00,0x00,0x48,0xDB,0x6B,0xD8,0x41,0x00,0x6D,0x96,0x10,0x00,0x26,0xAD,0x70,0x1A,0x0A,0x42,0xA0,0xA5,0x00,0x00,0x0C,
    0x3A,0x49,0x60,0xE1,0x00,0x00,0x05,0x6A,0x5A,0x05,0xED,0xDF,0xA0,0x7D,0xDF,0xED,0xAD,0x80,0x2D,0x00,0x03,0x9B,0xD8,0x4E,0xA0,0x4B,0x00,0x78,0x0A,0x47,0x62,0xD0,
    0x78,0x00,0x00,0x76,0x00,0x00,0xE3,0xB4,0x00,0x9D,0xED,0xDE,0x60,0x8B,0xD0,0x00,0x0B,0x70,0x2D,0x10,0x2F,0x70,0x00,0x02,0x8B,0xD4,0x00,0x9C,0xE2,0x00,0x15,0xCB,
    0x7C,0x29,0xB0,0x7D,0x20,0xAA,0x40,0x00,0x78,0x00,0x06,0x90,0x00,0x00,0x04,0xB0,0x00,0x00,0x00,0x00,0x00,0x00,0xC4,0x00,0x00,0x00,0x9E,0xEF,0xEE,0xEE,0xEF,0xEE,
    0x80,0x00,0x1E,0x00,0x00,0x0E,0x10,0x00,0x00,0x0C,0x30,0x00,0x4C,0x00,0x00,0x00,0x06,0xA0,0x00,0x97,0x00,0x00,0x00,0x01,0xD3,0x03,0xD1,0x00,0x00,0x00,0x00,0x5D,
    0x2C,0x50,0x00,0x00,0x00,0x00,0x08,0xF9,0x00,0x00,0x00,0x00,0x00,0x6D,0x8E,0x81,0x00,0x00,0x02,0x8D,0x81,0x02,0x9E,0x94,0x00,0x5C,0x71,0x00,0x00,0x02,0x8D,0x40,
    0x0F,0xEE,0xEE,0xEE,0xEF,0x00,0x0F,0x10,0x00,0x00,0x1F,0x00,0x0F,0x10,0x00,0x00,0x1F,0x00,0x0F,0x10,0x00,0x00,0x1F,0x00,0x0F,0x10,0x00,0x00,0x1F,0x00,0x0F,0xEE,
    0xEE,0xEE,0xEF,0x00,0x0F,0x10,0x00,0x00,0x1F,0x00,0x0F,0x10,0x00,0x00,0x1F,0x00,0x0F,0x10,0x00,0x00,0x1F,0x00,0x0F,0x10,0x00,0x00,0x1F,0x00,0x0F,0xEE,0xEE,0xEE,
    0xEF,0x00,0x0F,0x10,0x00,0x00,0x1F,0x00,0x00,0x00,0x00,0xF0,0x00,0x00,0x00,0x00,0x00,0x00,0xF0,0x00,0x00,0x00,0x0C,0xDD,0xDD,0xFD,0xDD,0xDD,0x00,0x00,0x85,0x00,
    0xF0,0x04,0x90,0x00,0x00,0x3E,0x20,0xF0,0x2E,0x40,0x00,0x00,0x07,0x60,0xF0,0x76,0x00,0x00,0x8D,0xDD,0xDE,0xFE,0xDD,0xDD,0x90,0x00,0x00,0x3A,0xFA,0x10,0x00,0x00,
    0x00,0x07,0xA1,0xF1,0xB5,0x00,0x00,0x04,0xC6,0x00,0xF0,0x19,0xB4,0x00,0x7A,0x20,0x00,0xF0,0x00,0x3A,0x70,0x00,0x00,0x00,0xF0,0x00,0x00,0x00,0x00,0x95,0x00,0x00,
    0xC3,0x00,0x00,0x00,0x95,0x00,0x00,0xC3,0x00,0x00,0x00,0x95,0x00,0x00,0xC3,0x00,0x00,0x9E,0xFE,0xD6,0xEF,0xFE,0xEE,0x50,0x00,0xD6,0x00,0x03,0xF8,0x00,0x00,0x03,
    0xFD,0xA1,0x0A,0xDB,0x00,0x00,0x09,0xA5,0x87,0x58,0xC7,0x50,0x00,0x2B,0x95,0x02,0xD1,0xC3,0xB0,0x00,0xA5,0x95,0x1D,0x50,0xC3,0x77,0x00,0x60,0x95,0x68,0x00,0xC3,
    0x0D,0x30,0x00,0x95,0x00,0x00,0xC3,0x04,0x90,0x00,0x95,0x00,0x00,0xC3,0x00,0x00,0x0D,0x20,0x00,0x79,0x00,0x00,0x00,0x0D,0x20,0x00,0x79,0x00,0x0B,0x40,0x0D,0x20,
    0x00,0x79,0x00,0xAB,0x00,0x0D,0x20,0x00,0x79,0x0A,0xB1,0x00,0x0D,0xEE,0xEB,0x7A,0xBA,0x10,0x00,0x0D,0x20,0x00,0x7F,0x80,0x00,0x00,0x0D,0x20,0x00,0x7A,0x00,0x00,
    0x00,0x0D,0x20,0x00,0x79,0x00,0x00,0x00,0x0D,0x20,0x00,0x79,0x00,0x05,0x90,0x0D,0x21,0x78,0x79,0x00,0x07,0xA0,0x0E,0xAD,0x93,0x6B,0x00,0x0B,0x70,0x1C,0x61,0x00,
    0x2C,0xEE,0xEC,0x10,0x8E,0xEE,0xEE,0xEE,0xEE,0xA0,0x87,0x00,0x00,0x00,0x05,0xA0,0x87,0x00,0x00,0x00,0x05,0xA0,0x8E,0xEE,0xEE,0xFE,0xEE,0xA0,0x87,0x00,0x02,0xD0,
    0x00,0x00,0x87,0x00,0x00,0xE1,0x00,0x00,0x8E,0xEE,0xEE,0xFE,0xEE,0xE9,0x87,0x00,0x00,0x88,0x00,0x00,0x87,0x00,0x00,0x3D,0x00,0x58,0x87,0x00,0x10,0x0C,0x60,0x78,
    0x89,0x8D,0x80,0x03,0xE5,0xC4,0x9B,0x62,0x00,0x00,0x5D,0xB0,0x00,0x00,0x03,0xD0,0x00,0x00,0x00,0x00,0x00,0x03,0xFE,0xEE,0xEE,0x80,0x00,0x00,0x03,0xD0,0x00,0x00,
    0x00,0x00,0x00,0x03,0xD0,0x00,0x00,0x00,0x03,0xFE,0xEE,0xEE,0xEE,0xF6,0x00,0x03,0xD0,0x00,0x00,0x00,0xA6,0x00,0x03,0xD0,0x00,0x00,0x00,0xA6,0x00,0x00,0x2E,0xEE,
    0xEE,0xEE,0x50,0x00,0x00,0x00,0x00,0x00,0x00,0x00,0x00,0x07,0x70,0xC2,0x0B,0x20,0x85,0x00,0x3E,0x20,0x97,0x08,0x90,0x3E,0x10,0x77,0x00,0x4A,0x02,0xB0,0x09,0x50,
    0x00,0xE0,0x00,0x00,0xE0,0x00,0x00,0x00,0xE0,0x00,0x00,0xE0,0x00,0x00,0x00,0xE4,0x9D,0xDD,0xFD,0xDD,0x00,0x92,0xE7,0x6D,0x10,0xE0,0x1D,0x00,0x85,0xE9,0x3D,0x10,
    0xE0,0x1D,0x00,0x57,0xD0,0x0D,0x10,0xE0,0x1D,0x00,0x00,0xE0,0x0D,0xDD,0xFD,0xDD,0x00,0x02,0xF9,0x00,0x00,0xE0,0x00,0x00,0x05,0x8C,0x70,0x00,0xE0,0x75,0x00,0x0B,
    0x31,0xB0,0x00,0xE0,0x4D,0x00,0x3B,0x00,0x01,0x24,0xFA,0xBF,0x50,0x83,0x00,0xAE,0xCA,0x86,0x47,0x80,0x00,0x00,0x00,0x00,0x00,0x00,0x00,0x04,0x90,0x00,0x05,0x80,
    0x00,0x00,0x00,0xB2,0x3D,0xDE,0xED,0xDD,0x50,0x9E,0xEF,0x60,0x09,0x50,0x00,0x00,0x00,0x0C,0x1C,0xDF,0xDD,0xDC,0x00,0x00,0x86,0x00,0x1D,0x00,0x00,0x00,0x05,0xE1,
    0x5C,0xEE,0xCC,0xCC,0x90,0x6D,0xEC,0x10,0xD2,0x00,0xD0,0x00,0x72,0xD5,0x66,0xED,0xDD,0xFD,0x80,0x00,0xD0,0x1C,0x3B,0x00,0xD0,0x00,0x00,0xD0,0xA5,0x08,0x50,0xD0,
    0x00,0x00,0xD3,0x90,0x00,0x01,0xE0,0x00,0x00,0xD0,0x00,0x01,0xEE,0x90,0x00,0x04,0xA0,0x4C,0xCC,0xCC,0xCC,0x40,0x00,0xB3,0x00,0x00,0x00,0x00,0x00,0x00,0x00,0x0A,
    0xCC,0xCC,0xD8,0x00,0x9E,0xEF,0x6A,0x40,0x00,0x68,0x00,0x00,0x6C,0x1A,0xCC,0xCC,0xD8,0x00,0x4B,0xE2,0x00,0x00,0x00,0x00,0x00,0x87,0xED,0x5E,0xCC,0xFC,0xCE,0x20,
    0x00,0xD7,0x8A,0x00,0xE0,0x0B,0x20,0x00,0xD0,0x4E,0xCC,0xFC,0xCE,0x20,0x00,0xD0,0x4A,0x00,0xE0,0x0B,0x20,0x00,0xD0,0x4E,0xCC,0xCC,0xCE,0x20,0x00,0x00,0x08,0x80,
    0x00,0x00,0x00,0x00,0x00,0x02,0xC1,0x00,0x00,0x00,0x5F,0xFF,0xFF,0xFF,0xFF,0xFF,0x50,0x00,0x00,0x00,0x00,0x00,0x00,0x00,0x00,0x86,0x00,0x00,0x07,0x90,0x00,0x00,
    0x5C,0x00,0x00,0x0C,0x70,0x00,0x00,0x1E,0x30,0x00,0x2F,0x20,0x00,0x00,0x09,0x90,0x00,0x8B,0x00,0x00,0x00,0x04,0xE1,0x00,0xD4,0x00,0x00,0x00,0x00,0xC3,0x05,0xD0,
    0x00,0x00,0x00,0x00,0x00,0x0C,0x60,0x00,0x00,0x9F,0xFF,0xFF,0xFF,0xFF,0xFF,0x90,0x00,0xA8,0x00,0x09,0x80,0x00,0x00,0x07,0xED,0xCC,0xBE,0xCD,0xDC,0x80,0x69,0x17,
    0x80,0xB4,0x02,0xA3,0x00,0x00,0x00,0x00,0x05,0x79,0x20,0x00,0x09,0xDD,0xDD,0xDD,0xED,0xDD,0x80,0x09,0x50,0x00,0x03,0xB0,0x39,0x00,0x09,0x8C,0xCC,0xC5,0xC0,0x95,
    0x00,0x09,0x40,0x00,0x00,0xD3,0xC0,0x00,0x0B,0x3E,0xCC,0xF0,0x9D,0x30,0x00,0x0D,0x1D,0x00,0xD0,0x9E,0x14,0x90,0x4A,0x0E,0xCC,0xC7,0x98,0xCB,0x80,0x92,0x00,0x00,
    0x49,0x00,0xAD,0x20,0x00,0x97,0x00,0x01,0xD1,0x00,0x00,0x02,0xDC,0xCC,0x98,0xCC,0xCC,0x80,0x1C,0x39,0x33,0xAB,0x2A,0x00,0x00,0x85,0x04,0x81,0xE1,0x09,0x20,0x00,
    0x05,0xEC,0xCC,0xCC,0xCC,0xCC,0x00,0x05,0x90,0x00,0x00,0x00,0x2C,0x00,0x06,0xFF,0xFF,0xFF,0xFF,0xFF,0x00,0x07,0xCA,0x07,0x60,0xB2,0x0E,0x00,0x09,0xAE,0xCD,0xDC,
    0xEC,0xCF,0x00,0x0E,0x6A,0x07,0x60,0xB2,0x0E,0x00,0x7B,0x4A,0x07,0x60,0xB2,0x1E,0x00,0x82,0x4A,0x00,0x00,0x07,0xE9,0x00,0x00,0x77,0x00,0x3C,0x00,0x00,0x00,0x01,
    0xD2,0x00,0x98,0x00,0x00,0x00,0x09,0x71,0xC3,0xFE,0xEE,0xEF,0x40,0x4B,0x09,0x9B,0x80,0x00,0x0C,0x40,0x9D,0xDE,0x3C,0x10,0x00,0x0D,0x30,0x00,0xB6,0x00,0x5A,0x00,
    0x0D,0x30,0x05,0xC0,0x11,0x0C,0x90,0x0D,0x20,0x1E,0x9B,0xD1,0x01,0xC2,0x0E,0x20,0x4C,0x83,0x00,0x00,0x00,0x0F,0x10,0x00,0x00,0x11,0x00,0x00,0x0F,0x10,0x14,0x7B,
    0xD4,0x02,0x10,0x5E,0x00,0x9B,0x62,0x00,0x0C,0xFF,0xE6,0x00,0x00,0x00,0x00,0x00,0x11,0x00,0x00,0x00,0x68,0x00,0x00,0x00,0x00,0x00,0x00,0xD4,0x0B,0xEE,0xEE,0xF4,
    0x00,0x05,0xB0,0x00,0x00,0x07,0xB0,0x00,0x0D,0x35,0x80,0x01,0xAB,0x00,0x00,0x7A,0x0B,0x21,0x8D,0x7B,0xB4,0x00,0x9D,0xE4,0x7B,0x61,0x00,0x3A,0x70,0x19,0x61,0x20,
    0x00,0x00,0x00,0x00,0x7E,0xCB,0x5B,0xEE,0xFE,0xEA,0x00,0x00,0x00,0x10,0x00,0xF0,0x00,0x00,0x00,0x19,0x90,0x00,0xF0,0x00,0x00,0x18,0xC5,0x00,0x00,0xF0,0x00,0x00,
    0x87,0x00,0x9E,0xEE,0xEE,0xEE,0x80,0x0F,0xDD,0xED,0xDD,0xED,0xDF,0x10,0x0E,0x00,0x95,0x04,0xA0,0x0D,0x10,0x0E,0x00,0x95,0x04,0xA0,0x0D,0x10,0x0F,0xDD,0xDD,0xDD,
    0xDD,0xDF,0x10,0x0E,0x01,0xC4,0x00,0x00,0x0D,0x10,0x00,0x0A,0xD0,0x00,0x00,0x00,0x00,0x00,0x8F,0xDD,0xDD,0xDD,0xF6,0x00,0x09,0xD3,0x00,0x00,0x07,0xD1,0x00,0x79,
    0x18,0xA2,0x00,0x8D,0x20,0x00,0x00,0x00,0x6D,0x9D,0x91,0x00,0x00,0x00,0x14,0x8C,0x92,0x00,0x00,0x00,0x4C,0xB8,0x40,0x00,0x00,0x00,0x00,0x00,0x94,0x00,0x00,0xD7,
    0x00,0x00,0x8C,0xED,0xC4,0x0A,0x9D,0x40,0x00,0x00,0x94,0x02,0xB9,0x02,0xD8,0x10,0x5D,0xCC,0xEA,0x60,0x00,0x19,0x70,0x58,0x00,0xC6,0xDE,0x9D,0xDF,0x00,0x5D,0xCC,
    0xE4,0x55,0x89,0x0D,0x00,0x58,0x00,0xC3,0x95,0x8C,0x1D,0x00,0x5D,0xEC,0xE0,0xB5,0x87,0x3D,0x00,0x00,0x94,0x01,0xAE,0x85,0xBF,0x00,0x8C,0xED,0xC8,0x87,0x8A,0x4D,
    0x00,0x00,0x94,0x00,0x06,0x70,0x0D,0x00,0x00,0x94,0x05,0xEE,0x3C,0xE9,0x00,0x0F,0xDE,0x60,0x0E,0x0A,0x40,0x00,0x0E,0x08,0x60,0x0E,0x0A,0x40,0x00,0x0E,0x08,0x8E,
    0xEE,0x0A,0xEE,0x80,0x0E,0x08,0x60,0x0E,0x0A,0x40,0x00,0x0F,0xDE,0x60,0x0E,0x0A,0x40,0x00,0x0E,0x08,0x6E,0xEE,0x0A,0xEE,0x60,0x0E,0x08,0x60,0x0E,0x0A,0x40,0x00,
    0x0F,0xDE,0x60,0x0E,0x0A,0x40,0x00,0x2D,0x08,0x9E,0xEE,0x0A,0xEE,0x90,0x4B,0x08,0x60,0x0E,0x0A,0x40,0x00,0x97,0x09,0x50,0x0E,0x0A,0x40,0x00,0x92,0xDC,0x20,0x0E,
    0x0A,0x40,0x00,0x00,0x93,0x00,0x0D,0x01,0xC0,0x00,0x00,0x93,0x06,0xDF,0xDD,0xFD,0x50,0x5E,0xED,0xE0,0x0D,0x01,0xC0,0x00,0x57,0x93,0xC0,0x0D,0x01,0xC0,0x00,0x57,
    0x93,0xCA,0xDD,0xDD,0xDD,0x90,0x57,0x93,0xC0,0x00,0x00,0x00,0x00,0x5E,0xED,0xC1,0xFC,0xCC,0xCD,0x00,0x00,0x93,0x01,0xC0,0x00,0x0D,0x00,0x00,0x93,0xB1,0xFC,0xCC,
    0xCD,0x00,0x00,0x93,0xC2,0xC0,0x00,0x0D,0x00,0xAE,0xEE,0xF6,0xFC,0xCC,0xCD,0x00,0x01,0x22,0x88,0xC0,0x00,0x0D,0x00,0x00,0x00,0x04,0xA0,0x00,0x00,0x00,0x00,0x00,
    0x01,0xE3,0x00,0x00,0x00,0x9E,0xEE,0xEE,0xEE,0xEE,0xEE,0xA0,0x00,0x00,0x00,0x00,0x00,0x00,0x00,0x06,0xEE,0xEE,0xEE,0xEE,0xE7,0x00,0x00,0x00,0x00,0x00,0x00,0x00,
    0x00,0x06,0xEE,0xEE,0xEE,0xEE,0xE7,0x00,0x00,0x00,0x00,0x00,0x00,0x00,0x00,0x02,0xFE,0xEE,0xEE,0xEE,0xF2,0x00,0x02,0xD0,0x00,0x00,0x00,0xD2,0x00,0x02,0xD0,0x00,
    0x00,0x00,0xD2,0x00,0x02,0xFE,0xEE,0xEE,0xEE,0xF2,0x00,0x02,0xD0,0x00,0x00,0x00,0xD2,0x00,0x0B,0x20,0x7E,0xEE,0xEE,0xEE,0x00,0x06,0xD1,0x00,0x00,0x00,0x1E,0x00,
    0x00,0x95,0x00,0x00,0x00,0x1E,0x00,0x00,0x00,0x00,0x00,0x00,0x1E,0x00,0xBE,0xD0,0x0E,0xEE,0xEE,0xEE,0x00,0x02,0xD0,0x0E,0x10,0x00,0x1E,0x00,0x02,0xD0,0x0E,0x10,
    0x00,0x00,0x00,0x02,0xD0,0x0E,0x10,0x00,0x00,0x00,0x02,0xD0,0x0E,0x10,0x00,0x04,0x90,0x02,0xD3,0x6E,0x10,0x00,0x06,0xA0,0x03,0xEC,0x3E,0x30,0x00,0x1B,0x70,0x05,
    0x91,0x07,0xFF,0xFF,0xFB,0x10,0x3B,0x10,0x00,0x02,0xD0,0x00,0x00,0x09,0xB0,0x00,0x02,0xD0,0x00,0x00,0x00,0xA3,0x7D,0xDE,0xFD,0xDD,0x20,0x00,0x00,0x00,0x02,0xD0,
    0x00,0x00,0xAE,0xB0,0x00,0x02,0xD0,0x00,0x00,0x04,0xB2,0xDD,0xDD,0xDD,0xDD,0xB0,0x04,0xB0,0x00,0x00,0x05,0xA0,0x00,0x04,0xB1,0xDD,0xDD,0xDE,0xED,0xB0,0x04,0xB0,
    0x0B,0x40,0x05,0xA0,0x00,0x04,0xB7,0x33,0xC1,0x05,0xA0,0x00,0x06,0xFC,0x10,0x00,0x07,0x90,0x00,0x08,0xB1,0x00,0x0F,0xFE,0x40,0x00,0x00,0x10,0x00,0x01,0x00,0x00,
    0x00,0x1F,0xDD,0xF2,0x0A,0x30,0x00,0x00,0x1D,0x00,0xC2,0x5E,0xDD,0xDE,0x00,0x1D,0x00,0xC3,0xDB,0x00,0x98,0x00,0x1F,0xDF,0xD9,0x5A,0x66,0xB0,0x00,0x1B,0x2C,0x00,
    0x01,0xEE,0x20,0x00,0x02,0x2C,0x00,0x4C,0x88,0xE7,0x20,0x0C,0x2F,0xD9,0x92,0x00,0x29,0x90,0x0C,0x2C,0x00,0xCE,0xDD,0xEA,0x00,0x0C,0x2C,0x00,0xC2,0x00,0x4A,0x00,
    0x0C,0x2C,0x11,0xC2,0x00,0x4A,0x00,0x1D,0x8E,0xD4,0xCE,0xDD,0xEA,0x00,0xAB,0x73,0x00,0xC2,0x00,0x4A,0x00,0x1B,0x00,0x68,0x00,0x6E,0xDF,0x20,0x0A,0x80,0x68,0x00,
    0x68,0x0C,0x20,0x02,0xA7,0xEE,0xEA,0x68,0x0C,0x20,0x00,0x00,0x68,0x3A,0x68,0x0C,0x20,0xAE,0xB0,0x67,0x4A,0x68,0x0C,0x20,0x04,0xB0,0x76,0x49,0x68,0x0C,0x20,0x04,
    0xB0,0x94,0x49,0x68,0x0C,0x20,0x04,0xB0,0xD1,0x59,0x68,0x0C,0x20,0x04,0xB5,0xA0,0x68,0x6E,0xDF,0x20,0x05,0xBA,0x5D,0xE3,0x68,0x0C,0x20,0x5E,0xC8,0x10,0x00,0x00,
    0x00,0x00,0x83,0x19,0xDE,0xEE,0xEE,0xFF,0x90,0x2B,0x00,0x05,0x90,0x09,0x70,0x00,0x0B,0x83,0xDD,0xDE,0xED,0xDD,0x80,0x02,0xB0,0x00,0x0C,0x30,0x00,0x00,0x00,0x00,
    0x8D,0xCC,0xCC,0xCB,0x00,0xAE,0xB0,0x87,0x00,0x00,0x3B,0x00,0x03,0xB0,0x8D,0xBB,0xBB,0xCB,0x00,0x03,0xB0,0x87,0x00,0x00,0x3B,0x00,0x03,0xB0,0x8D,0xBB,0xBB,0xCB,
    0x00,0x03,0xB0,0x87,0x00,0x00,0x3B,0x00,0x04,0xC0,0x8D,0xCC,0xCC,0xCB,0x00,0x3D,0xC8,0x20,0x00,0x00,0x00,0x00,0x83,0x18,0xDE,0xEE,0xEE,0xEE,0x90,0x6D,0xDF,0xD3,
    0x4A,0x49,0x00,0x00,0x00,0x0D,0x00,0xC4,0x0B,0x20,0x00,0x1C,0x0D,0x0A,0xED,0xDF,0xDD,0x70,0x3A,0x0D,0x4B,0xA0,0x0D,0x00,0x00,0x58,0x0D,0x03,0xED,0xDF,0xDD,0x50,
    0x6D,0xDF,0xD5,0xA0,0x0D,0x00,0x00,0x00,0x9E,0x03,0xA0,0x0D,0x00,0x00,0x03,0x8D,0x03,0xED,0xDF,0xDD,0x50,0x2C,0x1D,0x03,0xA0,0x0D,0x00,0x00,0x93,0x0D,0x03,0xA0,
    0x0D,0x00,0x00,0x00,0x1D,0x03,0xED,0xDD,0xDD,0x80,0x07,0xFA,0x03,0xA0,0x00,0x00,0x00,0x00,0x00,0x02,0xB0,0x00,0x00,0x00,0x00,0x00,0x00,0xD3,0x00,0x00,0x00,0x1E,
    0xEE,0xEE,0xEE,0xEE,0xEE,0x10,0x00,0x08,0x50,0x00,0x59,0x00,0x00,0x00,0x04,0xC0,0x00,0xD5,0x00,0x00,0xAE,0xEE,0xEE,0xEE,0xEE,0xEE,0xA0,0x00,0x00,0x00,0x00,0x00,
    0x00,0x00,0x02,0xFE,0xEE,0xEE,0xEE,0xF1,0x00,0x02,0xC0,0x00,0x00,0x00,0xD1,0x00,0x02,0xFD,0xDD,0xDD,0xDD,0xF1,0x00,0x02,0xC0,0x00,0x00,0x00,0xD1,0x00,0x02,0xFE,
    0xEE,0xEE,0xEE,0xF1,0x00,0x02,0xC0,0x00,0x00,0x00,0xD1,0x00,0x08,0xEE,0xEE,0xEE,0xEF,0x40,0x00,0x00,0x00,0x00,0x00,0x0C,0x30,0x00,0x00,0x88,0x00,0x00,0x0E,0x10,
    0x00,0x00,0x96,0x00,0x00,0x0F,0x00,0x00,0x00,0xB5,0x00,0x00,0x2D,0x00,0x00,0x00,0xCE,0xEE,0xEE,0xEE,0xEF,0x30,0x00,0x00,0x00,0x00,0x00,0x0D,0x30,0x00,0x00,0x00,
    0x00,0x00,0x0E,0x20,0xAE,0xEE,0xEE,0xEE,0xEC,0x0E,0x10,0x00,0x00,0x00,0x00,0x00,0x0F,0x10,0x00,0x00,0x00,0x00,0x00,0x6E,0x00,0x00,0x00,0x00,0x0D,0xFF,0xF6,0x00,
    0x00,0x00,0x00,0x01,0x22,0x10,0x00,0x3D,0xBE,0xBC,0x70,0x3B,0x69,0x00,0x3A,0x8C,0x69,0x70,0x3B,0x00,0x00,0x39,0xAC,0x96,0x70,0x3B,0x00,0x00,0x39,0x0C,0x05,0x9D,
    0xDE,0xDD,0x70,0x3D,0xBE,0xBC,0x70,0x5C,0x00,0x00,0x00,0x0C,0x00,0x00,0x7F,0x00,0x00,0x3B,0xBE,0xBB,0x50,0x9D,0x30,0x00,0x01,0x2C,0x44,0x40,0xD6,0x80,0x00,0x7C,
    0xBA,0x87,0x53,0xB1,0xD1,0x00,0x00,0x00,0x07,0x4B,0x40,0x97,0x00,0x39,0x92,0xA0,0x6B,0x00,0x1E,0x30,0x93,0x74,0x00,0xB1,0x00,0x05,0x80,0x6B,0x97,0xC2,0x50,
};
static const cjk_glyph_t font_ref_glyphs[151] = {
    {0, 0, 0, 0, 0, 4},  // U+0020
    {0, 2, 10, 1, 4, 4},  // U+0021
    {10, 4, 3, 1, 4, 6},  // U+0022
    {16, 8, 9, 0, 4, 8},  // U+0023
    {52, 6, 12, 1, 3, 8},  // U+0024
    {88, 12, 10, 0, 4, 12},  // U+0025
    {148, 12, 10, 0, 4, 11},  // U+0026
    {208, 2, 3, 1, 4, 3},  // U+0027
    {211, 5, 12, 0, 4, 4},  // U+0028
    {247, 4, 12, 0, 4, 4},  // U+0029
    {271, 6, 6, 0, 4, 6},  // U+002A
    {289, 8, 7, 1, 6, 10},  // U+002B
    {317, 3, 3, 0, 13, 3},  // U+002C
    {323, 5, 1, 0, 10, 6},  // U+002D
    {326, 3, 2, 0, 12, 3},  // U+002E
    {330, 7, 12, -1, 4, 6},  // U+002F
    {378, 8, 10, 0, 4, 8},  // U+0030
    {418, 4, 10, 1, 4, 8},  // U+0031
    {438, 7, 10, 0, 4, 8},  // U+0032
    {478, 7, 10, 0, 4, 8},  // U+0033
    {518, 8, 10, 0, 4, 8},  // U+0034
    {558, 6, 10, 1, 4, 8},  // U+0035
    {588, 8, 10, 0, 4, 8},  // U+0036
    {628, 7, 10, 0, 4, 8},  // U+0037
    {668, 7, 10, 0, 4, 8},  // U+0038
    {708, 7, 10, 0, 4, 8},  // U+0039
    {748, 3, 7, 0, 7, 3},  // U+003A
    {762, 3, 9, 0, 7, 3},  // U+003B
    {780, 7, 7, 1, 6, 10},  // U+003C
    {808, 8, 4, 1, 8, 10},  // U+003D
    {824, 7, 7, 1, 6, 10},  // U+003E
    {852, 6, 10, 0, 4, 6},  // U+003F
    {882, 12, 11, 1, 4, 13},  // U+0040
    {948, 9, 10, 0, 4, 9},  // U+0041
    {998, 7, 10, 1, 4, 8},  // U+0042
    {1038, 8, 10, 0, 4, 9},  // U+0043
    {1078, 9, 10, 1, 4, 10},  // U+0044
    {1128, 6, 10, 1, 4, 7},  // U+0045
    {1158, 6, 10, 1, 4, 7},  // U+0046
    {1188, 9, 10, 0, 4, 10},  // U+0047
    {1238, 8, 10, 1, 4, 10},  // U+0048
    {1278, 2, 10, 1, 4, 4},  // U+0049
    {1288, 4, 10, 0, 4, 5},  // U+004A
    {1308, 8, 10, 1, 4, 8},  // U+004B
    {1348, 6, 10, 1, 4, 7},  // U+004C
    {1378, 11, 10, 1, 4, 13},  // U+004D
    {1438, 9, 10, 1, 4, 11},  // U+004E
    {1488, 10, 10, 0, 4, 11},  // U+004F
    {1538, 7, 10, 1, 4, 8},  // U+0050
    {1578, 11, 11, 0, 4, 11},  // U+0051
    {1644, 8, 10, 1, 4, 8},  // U+0052
    {1684, 7, 10, 0, 4, 8},  // U+0053
    {1724, 8, 10, 0, 4, 7},  // U+0054
    {1764, 8, 10, 1, 4, 10},  // U+0055
    {1804, 9, 10, 0, 4, 9},  // U+0056
    {1854, 14, 10, 0, 4, 13},  // U+0057
    {1924, 9, 10, 0, 4, 8},  // U+0058
    {1974, 8, 10, 0, 4, 8},  // U+0059
    {2014, 8, 10, 0, 4, 8},  // U+005A
    {2054, 3, 12, 1, 4, 4},  // U+005B
    {2078, 7, 11, -1, 4, 5},  // U+005C
    {2122, 3, 12, 0, 4, 4},  // U+005D
    {2146, 8, 6, 1, 4, 10},  // U+005E
    {2170, 6, 1, 0, 16, 6},  // U+005F
    {2173, 4, 2, 0, 4, 4},  // U+0060
    {2177, 7, 7, 0, 7, 7},  // U+0061
    {2205, 7, 10, 1, 4, 8},  // U+0062
    {2245, 6, 7, 0, 7, 7},  // U+0063
    {2266, 8, 10, 0, 4, 8},  // U+0064
    {2306, 7, 7, 0, 7, 7},  // U+0065
    {2334, 5, 10, 0, 4, 5},  // U+0066
    {2364, 8, 10, 0, 7, 8},  // U+0067
    {2404, 7, 10, 1, 4, 8},  // U+0068
    {2444, 3, 10, 0, 4, 3},  // U+0069
    {2464, 5, 13, -2, 4, 3},  // U+006A
    {2503, 6, 10, 1, 4, 7},  // U+006B
    {2533, 2, 10, 1, 4, 3},  // U+006C
    {2543, 11, 7, 1, 7, 12},  // U+006D
    {2585, 7, 7, 1, 7, 8},  // U+006E
    {2613, 8, 7, 0, 7, 8},  // U+006F
    {2641, 7, 10, 1, 7, 8},  // U+0070
    {2681, 8, 10, 0, 7, 8},  // U+0071
    {2721, 4, 7, 1, 7, 5},  // U+0072
    {2735, 6, 7, 0, 7, 6},  // U+0073
    {2756, 5, 9, 0, 5, 5},  // U+0074
    {2783, 7, 7, 0, 7, 8},  // U+0075
    {2811, 7, 7, 0, 7, 7},  // U+0076
    {2839, 11, 7, 0, 7, 10},  // U+0077
    {2881, 7, 7, 0, 7, 7},  // U+0078
    {2909, 7, 10, 0, 7, 7},  // U+0079
    {2949, 7, 7, 0, 7, 6},  // U+007A
    {2977, 4, 12, 0, 4, 4},  // U+007B
    {3001, 2, 14, 1, 3, 4},  // U+007C
    {3015, 4, 12, 0, 4, 4},  // U+007D
    {3039, 8, 2, 1, 9, 10},  // U+007E
    {3047, 15, 1, 0, 10, 14},  // U+2014
    {3055, 13, 2, 0, 9, 13},  // U+4E00
    {3069, 13, 12, 0, 3, 13},  // U+4E0B
    {3153, 13, 13, 0, 3, 13},  // U+4E4B
    {3244, 13, 12, 0, 3, 13},  // U+4E66
    {3328, 13, 12, 0, 3, 13},  // U+4EAE
    {3412, 13, 12, 0, 3, 13},  // U+4ECA
    {3496, 13, 12, 0, 3, 13},  // U+4F20
    {3580, 13, 12, 0, 3, 13},  // U+4F2F
    {3664, 13, 12, 0, 3, 13},  // U+524D
    {3748, 13, 13, 0, 3, 13},  // U+52A0
    {3839, 13, 12, 0, 3, 13},  // U+5404
    {3923, 13, 12, 0, 3, 13},  // U+540E
    {4007, 13, 13, 0, 3, 13},  // U+54E5
    {4098, 13, 12, 0, 3, 13},  // U+591A
    {4182, 13, 12, 0, 3, 13},  // U+592A
    {4266, 13, 12, 0, 3, 13},  // U+5C3C
    {4350, 12, 13, 1, 3, 13},  // U+5DF2
    {4428, 13, 12, 0, 3, 13},  // U+5E0C
    {4512, 13, 12, 0, 3, 13},  // U+5E16
    {4596, 13, 12, 0, 3, 13},  // U+5F7C
    {4680, 13, 12, 0, 3, 13},  // U+5F97
    {4764, 13, 12, 0, 3, 13},  // U+6309
    {4848, 13, 12, 0, 3, 13},  // U+6492
    {4932, 13, 12, 0, 3, 13},  // U+652F
    {5016, 13, 12, 0, 3, 13},  // U+6570
    {5100, 13, 12, 0, 3, 13},  // U+6587
    {5184, 11, 12, 1, 3, 13},  // U+65E5
    {5256, 13, 12, 0, 3, 13},  // U+6765
    {5340, 13, 12, 0, 3, 13},  // U+6797
    {5424, 13, 12, 0, 3, 13},  // U+6BD4
    {5508, 12, 12, 1, 3, 13},  // U+6C11
    {5580, 13, 12, 0, 3, 13},  // U+70B9
    {5664, 13, 13, 0, 3, 13},  // U+70DB
    {5755, 13, 12, 0, 3, 13},  // U+7977
    {5839, 13, 11, 0, 3, 13},  // U+798F
    {5916, 13, 12, 0, 3, 13},  // U+7ACB
    {6000, 13, 12, 0, 3, 13},  // U+7BB4
    {6084, 13, 12, 0, 3, 13},  // U+7BC7
    {6168, 13, 13, 0, 3, 13},  // U+7EA6
    {6259, 13, 12, 0, 3, 13},  // U+7ECF
    {6343, 13, 12, 0, 3, 13},  // U+7F57
    {6427, 13, 12, 0, 3, 13},  // U+7FF0
    {6511, 13, 12, 0, 3, 13},  // U+8153
    {6595, 13, 12, 0, 3, 13},  // U+8721
    {6679, 13, 13, 0, 2, 13},  // U+8A00
    {6770, 13, 12, 0, 3, 13},  // U+8BB0
    {6854, 13, 13, 0, 3, 13},  // U+8BD7
    {6945, 13, 12, 0, 3, 13},  // U+8DEF
    {7029, 13, 12, 0, 3, 13},  // U+8FE6
    {7113, 13, 12, 0, 3, 13},  // U+9053
    {7197, 13, 12, 0, 3, 13},  // U+96C5
    {7281, 13, 13, 0, 2, 13},  // U+97F3
    {7372, 13, 13, 0, 3, 13},  // U+9A6C
    {7463, 13, 12, 0, 3, 13},  // U+9ED8
    {7547, 2, 4, 2, 12, 13},  // U+FF0C
};
static const cjk_font_t font_ref = {20, 14, 151, font_ref_cps, font_ref_glyphs, font_ref_bits};
